combo_id,combo_num,streak_length,streak_mode,entry_timing,hold_period,use_ibs,use_rsi,n_instances,n_symbols,win_rate,win_rate_ci_lower,win_rate_ci_upper,mean_return,median_return,std_return,percentile_5_return,percentile_95_return,mean_mfe,median_mfe,mean_mae,median_mae,mfe_mae_ratio,median_time_to_breakeven,median_time_to_1pct,p_breakeven_by_3d,p_hit_1pct_by_3d,p_hit_2pct_by_7d,p_value,is_significant_bonferroni,is_significant_fdr
S1_AT_CLOS_H1,1,1,AT_LEAST,CLOSE_T,1,False,False,11751,20,0.5249765977363628,0.5159409383782345,0.5339959324895152,0.0024224140014147363,0.0010576616756928755,0.1318908390871466,-0.04151273291014932,0.044830956452482404,0.017695026704236755,0.011150199749567732,-0.013610419903609831,-0.010213230189427696,1.3001088011651707,1.0,2.0,0.7273423538422262,0.5533146115224237,0.5800357416390094,3.2065008674881493e-08,True,True
S1_AT_CLOS_H2,2,1,AT_LEAST,CLOSE_T,2,False,False,11736,20,0.5404737559645535,0.5314456331807854,0.5494753914627134,0.005397173525431794,0.0026016626086863416,0.18511184857170257,-0.056675049217232244,0.06557195968393839,0.028101353187613864,0.017487271583387438,-0.021438867661682518,-0.015348127547689702,1.3107666706595302,1.0,2.0,0.7282719836400818,0.5540218132242672,0.5807770961145194,9.35844396524058e-19,True,True
S1_AT_CLOS_H3,3,1,AT_LEAST,CLOSE_T,3,False,False,11723,20,0.5438880832551395,0.534859062114898,0.5528883508277412,0.00830073680147382,0.0035405872193436665,0.21937804117804022,-0.0686240691957117,0.08251331087170902,0.03675018841151751,0.02250648905431211,-0.02754636178799136,-0.019539266035414376,1.3341213149802778,1.0,2.0,0.7290795871363985,0.5546361852768062,0.581421137933976,1.0437317801152938e-21,True,True
S1_AT_CLOS_H4,4,1,AT_LEAST,CLOSE_T,4,False,False,11719,20,0.5539721819267855,0.5449562586156235,0.5629527329410412,0.009336863163057041,0.00453030618621123,0.21261967902091575,-0.08096450056190926,0.0968622533797526,0.04298109730960045,0.026398547194046947,-0.03251290023763081,-0.023063640848544644,1.3219705715411272,1.0,2.0,0.7292431094803311,0.5548254970560628,0.5816195921153682,7.384247173475172e-32,True,True
S1_AT_CLOS_H5,5,1,AT_LEAST,CLOSE_T,5,False,False,11714,20,0.5507939218029708,0.5417710530540117,0.5597834870190851,0.011677776880190456,0.005086858610793403,0.24525426418787036,-0.08868517912467781,0.11255558587682384,0.04987197859254221,0.02969492702363475,-0.03690563333179736,-0.02624732784067281,1.3513378335543487,1.0,2.0,0.7292982755676968,0.5550623185931364,0.5818678504353765,2.0167312579356962e-28,True,True
S1_AT_CLOS_H6,6,1,AT_LEAST,CLOSE_T,6,False,False,11709,20,0.5556409599453412,0.5466239655026174,0.5646214572738294,0.013600985593526922,0.006446547377990835,0.2725092984111719,-0.09859670473358141,0.12023308740988825,0.05616012980899847,0.03311113060257864,-0.04072360868876539,-0.028553795515326108,1.3790558257793009,1.0,2.0,0.7291826799897515,0.555213937996413,0.5821163207788881,1.0337021302794758e-33,True,True
S1_AT_CLOS_H7,7,1,AT_LEAST,CLOSE_T,7,False,False,11706,20,0.5554416538527251,0.5464231641120417,0.564423767895074,0.015713416283410667,0.007030511231158711,0.2927605094049382,-0.10283388700930383,0.13093729032965362,0.06180250580990225,0.03597130710741796,-0.0444183679330283,-0.031175111891902384,1.3913727290269837,1.0,2.0,0.7291987015205877,0.5553562275756022,0.5822655048692978,1.778025036472483e-33,True,True
S1_AT_OPEN_H1,8,1,AT_LEAST,OPEN_T1,1,False,False,11736,20,0.5333162917518746,0.5242809340287287,0.5423298462567621,0.0032783036871081345,0.0017629456945930943,0.1373602248482683,-0.0529919962433438,0.05882976827094475,0.017944605670391075,0.011821554649488242,-0.01285145026400929,-0.009540233554188588,1.3963097784103988,1.0,1.0,0.7050102249488752,0.5555555555555556,0.5810327198364008,2.759261707399659e-13,True,True
S1_AT_OPEN_H2,9,1,AT_LEAST,OPEN_T1,2,False,False,11723,20,0.5368079843043589,0.5277709110794746,0.5458209425351974,0.006247241807722697,0.0026531231049122406,0.18530950638710744,-0.06619216700702617,0.07754386899884023,0.028840318859291912,0.018468703532250427,-0.020844017976163018,-0.015449814924092031,1.383625695020671,1.0,1.0,0.7057920327561205,0.5561716284227587,0.581677045124968,8.267285261543698e-16,True,True
S1_AT_OPEN_H3,10,1,AT_LEAST,OPEN_T1,3,False,False,11719,20,0.5454390306340131,0.536410475674075,0.5544378057550537,0.0072614758056415716,0.0039504643962848624,0.1775111992138216,-0.07852067764544003,0.09189417946100073,0.036123012213266956,0.023263143954443136,-0.02690875905905269,-0.019761885478253808,1.3424257928057217,1.0,1.0,0.7060329379639901,0.5563614642887619,0.5818755866541514,3.96229082519908e-23,True,True
S1_AT_OPEN_H4,11,1,AT_LEAST,OPEN_T1,4,False,False,11714,20,0.5454157418473621,0.536385226847173,0.5544164795711252,0.009602358909482094,0.004523493483202827,0.21562018049081094,-0.08795441636950413,0.10582309523740309,0.043651234119241406,0.027476434214161363,-0.03199623386143272,-0.02341639137964782,1.3642616286742817,1.0,1.0,0.7061635649649991,0.556598941437596,0.5821239542427864,4.2540515988696236e-23,True,True
S1_AT_OPEN_H5,12,1,AT_LEAST,OPEN_T1,5,False,False,11709,20,0.5487232043727047,0.5396953362126188,0.5577191130490279,0.01162788618002074,0.005611326830192264,0.25132953032224165,-0.09683576796458282,0.1149877259587114,0.05038688303689449,0.03094482421874996,-0.036253017728405654,-0.02626204238921001,1.3898672771015803,1.0,1.0,0.7060380903578444,0.5566658126227688,0.582372533948245,2.7209203201218756e-26,True,True
S1_AT_OPEN_H6,13,1,AT_LEAST,OPEN_T1,6,False,False,11706,20,0.5494618144541261,0.54043386501892,0.5584573116099243,0.013737149283422827,0.006520331141373724,0.2725935202516997,-0.10144588430830284,0.12547836684277594,0.05636288181074965,0.03404329710470961,-0.04033177165936806,-0.02885805151609251,1.3974809310827276,1.0,1.0,0.7060481804202973,0.5566376217324449,0.5825217837006663,4.959476737545305e-27,True,True
S1_AT_OPEN_H7,14,1,AT_LEAST,OPEN_T1,7,False,False,11704,20,0.5536568694463432,0.5446346464063407,0.5626438817850135,0.015280664216357655,0.0071270007995359735,0.28980049298712196,-0.10797697721436514,0.13268089064611863,0.06198557108400791,0.037180394406636744,-0.04391883941258273,-0.03127030515565184,1.4113663273681376,1.0,1.0,0.7061688311688312,0.5567327409432673,0.5826213260423787,1.799628089835732e-31,True,True
S1_EX_CLOS_H1,15,1,EXACT,CLOSE_T,1,False,False,6145,20,0.5165174938974776,0.5040165404271438,0.5289978089197221,0.0005809659105879401,0.0007337654396478204,0.028027015049698616,-0.041173358492490195,0.041936041639198535,0.01557553436508745,0.010599039276631776,-0.014654835218463029,-0.009842468087337223,1.0628256225948192,1.0,2.0,0.7189585028478438,0.5306753458096013,0.5602929210740439,0.004982307471973428,True,True
S1_EX_CLOS_H2,16,1,EXACT,CLOSE_T,2,False,False,6139,20,0.5303795406417984,0.5178800759073832,0.5428410093591751,0.0017805279495538057,0.002057540799099534,0.03854533836167028,-0.0563959232730983,0.061620120759741874,0.024095864534860845,0.016413373860182417,-0.022190079150094584,-0.014901388860756128,1.0858845690398602,1.0,2.0,0.7196611826030298,0.5311940055383613,0.560840527773253,1.0210698211839476e-06,True,True
S1_EX_CLOS_H3,17,1,EXACT,CLOSE_T,3,False,False,6129,20,0.5416870615108501,0.5291907484706844,0.5541311510812832,0.005694863372139922,0.003159557661927263,0.18492121200272524,-0.06769435124728969,0.07734536813694594,0.03341780252061804,0.02061898098608947,-0.028267386330405143,-0.018965400040785944,1.1822034810722126,1.0,2.0,0.7208353728177517,0.5320606950562897,0.5617555881873062,3.5603271805869435e-11,True,True
S1_EX_CLOS_H4,18,1,EXACT,CLOSE_T,4,False,False,6126,20,0.5461965393405158,0.5337042897808398,0.5586308878583043,0.006496966132221909,0.003757487030364371,0.17880767274718293,-0.08128402090891669,0.08994895647609806,0.03923873394134274,0.02462904001268161,-0.03338689203170297,-0.02246624556811846,1.1752736344575911,1.0,2.0,0.7210251387528567,0.5323212536728698,0.5620306888671237,2.5286550993574156e-13,True,True
S1_EX_CLOS_H5,19,1,EXACT,CLOSE_T,5,False,False,6122,20,0.5452466514211042,0.5327487272502157,0.5576878280743244,0.007844163865011515,0.004023841014436573,0.17041770996268538,-0.08811901485103364,0.10493255666231756,0.04466968653024736,0.027665734022114072,-0.0378868105942216,-0.025524019306020336,1.17903000621172,1.0,2.0,0.7211695524338452,0.5326690623979092,0.5623979091800065,7.612226122385434e-13,True,True
S1_EX_CLOS_H6,20,1,EXACT,CLOSE_T,6,False,False,6118,20,0.5475645635828702,0.5350665021538581,0.560002931433224,0.008064308574242115,0.00494565031049244,0.17210275685091958,-0.09872310923902226,0.11155606416749779,0.049761049157886005,0.031237129008715447,-0.041533444614685125,-0.02793972632197961,1.198095886809538,1.0,2.0,0.7209872507355345,0.5328538738149722,0.5627656096763648,5.288435274942937e-14,True,True
S1_EX_CLOS_H7,21,1,EXACT,CLOSE_T,7,False,False,6115,20,0.5499591169255929,0.537462356962337,0.562393147402661,0.009551576841087006,0.005939496330711156,0.17959852902279044,-0.10227558964964505,0.12316802919235115,0.05405355317408802,0.033866258862783286,-0.045145116868253427,-0.030591866376180017,1.1973289011928354,1.0,2.0,0.7210139002452984,0.5331152902698283,0.5630417007358953,2.9271050012788154e-15,True,True
S1_EX_OPEN_H1,22,1,EXACT,OPEN_T1,1,False,False,6139,20,0.5230493565727317,0.5105446738023138,0.535525211265879,0.0011129652733305158,0.001188675167495131,0.03584963761071586,-0.05153754918444818,0.055381233446041116,0.015425145414734904,0.010672958094595985,-0.014083258342973621,-0.009693670168869406,1.0952824296112393,1.0,2.0,0.6900146603681382,0.5316826844762991,0.5577455611663137,0.0001592693975415699,True,True
S1_EX_OPEN_H2,23,1,EXACT,OPEN_T1,2,False,False,6129,20,0.5232501223690651,0.5107353441170877,0.5357357740283346,0.005008396842942509,0.0016980589879567838,0.18225262128717826,-0.06548040758150504,0.07371853916045755,0.026927861936267908,0.016582820942798632,-0.022027450202980678,-0.015625541350517934,1.2224684059267161,1.0,2.0,0.6911404796867352,0.5325501713166911,0.5586555718714309,0.00014268285437240856,True,True
S1_EX_OPEN_H3,24,1,EXACT,OPEN_T1,3,False,False,6126,20,0.5331374469474371,0.5206273778211258,0.5456059828175536,0.0058171521692280456,0.0030604443366992876,0.17629581341014539,-0.07919625889124178,0.08675916804673564,0.03384262702209425,0.021243497500822467,-0.02805329539918944,-0.0201370365725116,1.2063690393775302,1.0,2.0,0.6914789422135161,0.5328109696376102,0.5589291544237676,1.1316776583526813e-07,True,True
S1_EX_OPEN_H4,25,1,EXACT,OPEN_T1,4,False,False,6122,20,0.537406076445606,0.5248967948512742,0.5498684440271364,0.007173298770345139,0.0036535112545369565,0.1681103740638061,-0.08687683658844275,0.10105422357698897,0.039856542109552445,0.025430050348983668,-0.03315902420415568,-0.02338326558873214,1.2019817550770204,1.0,2.0,0.6916040509637373,0.5331590983338779,0.5592943482522051,2.557293388448317e-09,True,True
S1_EX_OPEN_H5,26,1,EXACT,OPEN_T1,5,False,False,6118,20,0.5371036286368094,0.5245898773204428,0.549570814859171,0.007401073512587983,0.004046238129473941,0.16990719337724827,-0.09834735329368205,0.11041029582268379,0.045330075825170756,0.029105105314166678,-0.037217676991181586,-0.02631022862702533,1.21797165996984,1.0,2.0,0.6914024190912063,0.5331807780320366,0.559660019614253,3.434338666659563e-09,True,True
S1_EX_OPEN_H6,27,1,EXACT,OPEN_T1,6,False,False,6115,20,0.5412919051512673,0.5287806986298926,0.5537512648796392,0.008913429538274046,0.005126890540886957,0.17756362510923293,-0.10127628176660021,0.12128324073238209,0.04993939116567121,0.032262507316737264,-0.04120236479593205,-0.02908396946564887,1.2120515755105827,1.0,2.0,0.691414554374489,0.5331152902698283,0.5599345870809485,5.6403563715269185e-11,True,True
S1_EX_OPEN_H7,28,1,EXACT,OPEN_T1,7,False,False,6114,20,0.547759241086032,0.5352574293740701,0.5602010757099395,0.011263929090310874,0.0062331676891019695,0.23421205038099588,-0.10584648043973377,0.12780141024601668,0.056267186755914377,0.03504641998480119,-0.04487099095000312,-0.031364858884361455,1.2539769139177095,1.0,2.0,0.6915276414785738,0.5332024860974812,0.5600261694471704,4.2750356649673265e-14,True,True
S2_AT_CLOS_H1,29,2,AT_LEAST,CLOSE_T,1,False,False,5606,20,0.5342490189083126,0.521172208013818,0.5472789243076158,0.004440911774895054,0.0014136432774588398,0.1886638615429111,-0.042002420379406394,0.04766433779571032,0.020018301842316046,0.0120313101476951,-0.012465587204756295,-0.010614154006755092,1.6058851872359436,1.0,2.0,0.7365322868355334,0.5781305743845879,0.6016767748840528,1.550276888381675e-07,True,True
S2_AT_CLOS_H2,30,2,AT_LEAST,CLOSE_T,2,False,False,5597,20,0.5515454707879222,0.5384852615306439,0.5645349728827567,0.00936404634842893,0.0032874460653381154,0.26493653301001413,-0.057752321706063404,0.07228208115134144,0.03249472371454807,0.01846764346764333,-0.02061491066197523,-0.015774016618230927,1.576272837043407,1.0,2.0,0.7377166339110237,0.5790602108272289,0.6026442737180633,6.4966016499565515e-15,True,True
S2_AT_CLOS_H3,31,2,AT_LEAST,CLOSE_T,3,False,False,5594,20,0.5462996067214874,0.5332259870072433,0.5593096812160452,0.011155831232719342,0.004012500392755335,0.25174258044437303,-0.06917111938576315,0.08800809399439724,0.04040127763663779,0.024341413064022266,-0.02675637976788874,-0.020361795835893093,1.5099680146237409,1.0,2.0,0.7381122631390776,0.5793707543796925,0.6029674651412228,2.3026488972108668e-12,True,True
S2_AT_CLOS_H4,32,2,AT_LEAST,CLOSE_T,4,False,False,5593,20,0.562488825317361,0.5494493136651663,0.5754425570699547,0.012447395830837479,0.005332968685901891,0.244304774040772,-0.08084064713071812,0.10458577011755026,0.04708009927526231,0.028150171409459475,-0.03155561904140587,-0.023909917530133166,1.4919719753710396,1.0,2.0,0.7382442338637583,0.5794743429286608,0.6030752726622564,4.581701280532423e-21,True,True
S2_AT_CLOS_H5,33,2,AT_LEAST,CLOSE_T,5,False,False,5592,20,0.5568669527896996,0.5438124360926959,0.5698433929153752,0.01587473304594966,0.006371511818855926,0.3068741093459133,-0.09018710095987738,0.11925145583703047,0.05556733481667831,0.031818415365450194,-0.03583146180093878,-0.026887168228280113,1.5507973167654145,1.0,2.0,0.7381974248927039,0.5795779685264664,0.6031831187410587,9.426414519111822e-18,True,True
S2_AT_CLOS_H6,34,2,AT_LEAST,CLOSE_T,6,False,False,5591,20,0.564478626363799,0.5514420797655387,0.577426629974804,0.019659542203075208,0.008419064459090117,0.3507718860183896,-0.09829029608114759,0.12776220981201408,0.06316237903516662,0.03543244458277136,-0.039837438737991476,-0.029366504231854402,1.5855030101353134,1.0,2.0,0.7381505991772491,0.5796816311929888,0.6032910033983188,2.647075990481298e-22,True,True
S2_AT_CLOS_H7,35,2,AT_LEAST,CLOSE_T,7,False,False,5591,20,0.5614380253979611,0.5483934607466321,0.5743982224594921,0.022452755970373495,0.008283433133732518,0.37958475665994607,-0.10430001955577778,0.13666862945583574,0.070277706197669,0.03827706909898696,-0.04362350659536033,-0.03171609806274651,1.6110054345136835,1.0,2.0,0.7381505991772491,0.5796816311929888,0.6032910033983188,2.0410513002155728e-20,True,True
S2_AT_OPEN_H1,36,2,AT_LEAST,OPEN_T1,1,False,False,5597,20,0.5445774522065392,0.5315044110854462,0.5575893444991064,0.005653328257803293,0.0025476474571899145,0.19530064711332606,-0.05447205520533663,0.06191287974062835,0.020708044389253537,0.013301761961139365,-0.011500356857405395,-0.00927346720928672,1.800643636194564,1.0,1.0,0.7214579238877971,0.5817402179739146,0.6065749508665357,1.3608444238390461e-11,True,True
S2_AT_OPEN_H2,37,2,AT_LEAST,OPEN_T1,2,False,False,5594,20,0.551662495530926,0.5385990151893594,0.5646550702026496,0.007604567654904996,0.0037276717932772114,0.18859253193715644,-0.06672264001716371,0.08036030859722257,0.030935679688969098,0.020373714667738914,-0.019547404440559607,-0.01524575523190597,1.5825978217742072,1.0,1.0,0.721844833750447,0.5820521987844118,0.6069002502681444,5.7542295988597636e-15,True,True
S2_AT_OPEN_H3,38,2,AT_LEAST,OPEN_T1,3,False,False,5593,20,0.5589129268728769,0.5458644193730362,0.5718805631941237,0.00884344015333856,0.005486406812970862,0.17881954462741495,-0.07757909864760286,0.09601963187206511,0.03862071285355375,0.025324956775628633,-0.02565515104552189,-0.019305993690851748,1.5053785021583415,1.0,1.0,0.7219738959413553,0.5821562667620239,0.6070087609511889,6.343682333025452e-19,True,True
S2_AT_OPEN_H4,39,2,AT_LEAST,OPEN_T1,4,False,False,5592,20,0.5541845493562232,0.5411240260690964,0.5671706789291602,0.012261641129045115,0.005790689673855182,0.25775452323252934,-0.08895490285362108,0.11054031025436288,0.04780558041454109,0.02953285391205424,-0.03072323627950319,-0.023431495168370196,1.556007315753851,1.0,1.0,0.7221030042918455,0.5822603719599427,0.6071173104434907,2.7880559157849006e-16,True,True
S2_AT_OPEN_H5,40,2,AT_LEAST,OPEN_T1,5,False,False,5591,20,0.5614380253979611,0.5483934607466321,0.5743982224594921,0.016253112418502875,0.007716510116436657,0.3172641777201133,-0.0957046843199805,0.11972570469653679,0.05592033796827094,0.03282172373081465,-0.03519743100516059,-0.02616801748222746,1.5887619173135674,1.0,1.0,0.7220532999463424,0.5823645143981399,0.6072258987658737,2.0410513002155728e-20,True,True
S2_AT_OPEN_H6,41,2,AT_LEAST,OPEN_T1,6,False,False,5591,20,0.558397424432123,0.5453453370787974,0.5713693195931081,0.01901295794763044,0.007878293941863563,0.347910345675287,-0.10166114093528401,0.12768982323030373,0.06338839518843786,0.035723587116937315,-0.03937958474645646,-0.028742323585142514,1.6096765772559807,1.0,1.0,0.7220532999463424,0.5823645143981399,0.6072258987658737,1.2787091523979831e-18,True,True
S2_AT_OPEN_H7,42,2,AT_LEAST,OPEN_T1,7,False,False,5590,20,0.5601073345259392,0.5470582468201032,0.5730738672104708,0.0196739233506421,0.008158380989910136,0.34030418976651416,-0.11151194825693923,0.13985096746577547,0.06823999000743615,0.03917525682144561,-0.04287743431423065,-0.031101957687441464,1.5915129041382006,1.0,1.0,0.7221824686940966,0.5824686940966011,0.6073345259391771,1.2898059881498868e-19,True,True
S2_EX_CLOS_H1,43,2,EXACT,CLOSE_T,1,False,False,2959,20,0.5126732004055424,0.4946587576933548,0.5306547803553037,0.0010192887735518837,0.0005089220395051529,0.028913461839090566,-0.04102147228915188,0.04692711089532165,0.016120401575359926,0.01089789149490644,-0.014695342406220778,-0.010616578195181683,1.0969735260156916,1.0,2.0,0.7151064548834065,0.5559310577897939,0.5836431226765799,0.08685019570734857,False,False
S2_EX_CLOS_H2,44,2,EXACT,CLOSE_T,2,False,False,2952,20,0.5443766937669376,0.5263649686007165,0.562273073611646,0.008459260036038543,0.002761302585151338,0.26805913271769155,-0.05609703529765761,0.0701449967551488,0.0307911187612906,0.01743771220036858,-0.022734487503920053,-0.015638015695945397,1.354379277561518,1.0,2.0,0.7168021680216802,0.5572493224932249,0.5850271002710027,7.669276900327633e-07,True,True
S2_EX_CLOS_H3,45,2,EXACT,CLOSE_T,3,False,False,2950,20,0.5383050847457627,0.5202769968297779,0.5562335414474623,0.00982097117510319,0.0034555557885473237,0.2571944038541267,-0.07186604082315148,0.08534853292382172,0.03837440788219258,0.022800124116589257,-0.029092529754340176,-0.02015220765371018,1.3190467864510025,1.0,2.0,0.7172881355932204,0.5576271186440678,0.5854237288135593,1.7029212512218617e-05,True,True
S2_EX_CLOS_H4,46,2,EXACT,CLOSE_T,4,False,False,2949,20,0.558833502882333,0.540847834952207,0.5766660935262238,0.01179246450853773,0.005120000000000042,0.24186791848896955,-0.08086005348756359,0.10413038722210347,0.044825964589287434,0.02700884275278741,-0.03353113006000522,-0.02331887201735364,1.3368462234666616,1.0,2.0,0.7175313665649372,0.5578162088843676,0.5856222448287555,8.93448250989723e-11,True,True
S2_EX_CLOS_H5,47,2,EXACT,CLOSE_T,5,False,False,2948,20,0.5457937584803256,0.5277725727033482,0.5636957543618422,0.011654315368904185,0.005270409312426174,0.24303005685977017,-0.08780567024236587,0.11835858661841328,0.050751919118923315,0.029957234562497742,-0.03756235573605449,-0.02613347973354751,1.3511378113649228,1.0,2.0,0.7174355495251018,0.5580054274084125,0.585820895522388,3.567020748114113e-07,True,True
S2_EX_CLOS_H6,48,2,EXACT,CLOSE_T,6,False,False,2947,20,0.5568374618255854,0.5388398964785774,0.5746870430994924,0.013884452002059079,0.007159719803398053,0.2530837670345495,-0.09750331743416103,0.12612069099150672,0.05560146440575914,0.03315784612542721,-0.04152602568477029,-0.02847519902020827,1.3389546311953235,1.0,2.0,0.7173396674584323,0.5581947743467933,0.5860196810315575,3.6600694951443595e-10,True,True
S2_EX_CLOS_H7,49,2,EXACT,CLOSE_T,7,False,False,2947,20,0.5578554462164913,0.5398607906931242,0.5756994672057466,0.0179945005933042,0.007279811340100418,0.3382590553440306,-0.10430948416504147,0.1323676090470469,0.06436605803610633,0.03590741942461606,-0.0456256429796858,-0.030877999957409658,1.4107430346738226,1.0,2.0,0.7173396674584323,0.5581947743467933,0.5860196810315575,1.8064515252083346e-10,True,True
S2_EX_OPEN_H1,50,2,EXACT,OPEN_T1,1,False,False,2952,20,0.5345528455284553,0.5165258822809936,0.5524899979148917,0.007349601456146936,0.002036177090257976,0.26629040502858975,-0.054000000340082836,0.061384750595287835,0.02226247346078361,0.01235549973919901,-0.009392765582171583,-0.009240661850517645,2.370172370003573,1.0,1.0,0.7140921409214093,0.57079945799458,0.5907859078590786,9.287935931113827e-05,True,True
S2_EX_OPEN_H2,51,2,EXACT,OPEN_T1,2,False,False,2950,20,0.5474576271186441,0.5294460122167177,0.5653458051179163,0.008710069616304102,0.0036820939949689544,0.25546644024952475,-0.06910484261335549,0.07572142803347909,0.03197805967823524,0.01930901628591531,-0.01788609179934305,-0.01484753419900791,1.7878729482652989,1.0,1.0,0.7145762711864406,0.5711864406779661,0.5911864406779661,1.370026053209274e-07,True,True
S2_EX_OPEN_H3,52,2,EXACT,OPEN_T1,3,False,False,2949,20,0.5578162088843676,0.5398275604689149,0.5756544268830877,0.010611676310501049,0.004967798594847783,0.23990104186582573,-0.07574628140758001,0.09511754496503803,0.039484470520853646,0.02418343856130184,-0.023758128387776713,-0.019408142586193382,1.6619352280783177,1.0,1.0,0.7148185825703628,0.5713801288572398,0.5913869108172262,1.8313968631565097e-10,True,True
S2_EX_OPEN_H4,53,2,EXACT,OPEN_T1,4,False,False,2948,20,0.5403663500678426,0.5223353168681223,0.5582923195819344,0.010479766119088255,0.00433269959590837,0.2411232929834329,-0.08702245377355068,0.10741619668874061,0.04602646382014535,0.027988938958571755,-0.02862819229369305,-0.023011978735350554,1.607732103653825,1.0,1.0,0.7150610583446404,0.5715739484396201,0.5915875169606513,6.291426097729727e-06,True,True
S2_EX_OPEN_H5,54,2,EXACT,OPEN_T1,5,False,False,2947,20,0.5517475398710553,0.533736566647938,0.5696237813261255,0.012715587200401581,0.0063842571729007345,0.25122433062263466,-0.09427073237286632,0.11879382872739315,0.05136290276573379,0.03136827640361215,-0.0330723146752878,-0.02607535160661115,1.5530483206279186,1.0,1.0,0.7149643705463183,0.5717678995588734,0.5917882592466915,1.0426714151500683e-08,True,True
S2_EX_OPEN_H6,55,2,EXACT,OPEN_T1,6,False,False,2947,20,0.5510688836104513,0.5330562661682394,0.5689485362586231,0.016881125291215316,0.006822925028094466,0.3392642636304652,-0.10219405634827541,0.12566058014786466,0.06051308939427626,0.03401882188916015,-0.03749336113431574,-0.02848260966107514,1.6139681149816079,1.0,1.0,0.7149643705463183,0.5717678995588734,0.5917882592466915,1.593033839518662e-08,True,True
S2_EX_OPEN_H7,56,2,EXACT,OPEN_T1,7,False,False,2946,20,0.5539714867617108,0.5359630744712768,0.5718393292982912,0.01936988956331166,0.007691123170122352,0.3352250884501878,-0.10591827427427321,0.13791564365484865,0.06539492624034883,0.036507907021777586,-0.040444430690827204,-0.030516476765891844,1.616908066780636,1.0,1.0,0.7152070604209098,0.5719619823489477,0.5919891378139851,2.5192276850643812e-09,True,True
S3_AT_CLOS_H1,57,3,AT_LEAST,CLOSE_T,1,False,False,2647,20,0.5583679637325274,0.5393794938460897,0.5771872661054721,0.00826583903631343,0.002457108371411422,0.27280269011077063,-0.0425455099855405,0.04792580564471236,0.024375644830575645,0.013155301896844983,-0.009973012349775788,-0.01060070671378089,2.4441606984597444,1.0,2.0,0.7604835663014734,0.6029467321496034,0.6218360408009067,1.029335846478881e-09,True,True
S3_AT_CLOS_H2,58,3,AT_LEAST,CLOSE_T,2,False,False,2645,20,0.5595463137996219,0.5405542563738692,0.5783656581989882,0.010373849446416237,0.003985285101164936,0.26140375909236196,-0.05847104549790307,0.07325190874867411,0.03439606277769213,0.02001962708537774,-0.018249318662950223,-0.015894200436787215,1.8847861343735006,1.0,2.0,0.7610586011342155,0.6034026465028356,0.6223062381852552,4.905604682091034e-10,True,True
S3_AT_CLOS_H3,59,3,AT_LEAST,CLOSE_T,3,False,False,2644,20,0.5552193645990923,0.5362109695616512,0.5740675363614535,0.012645179632858392,0.004483129417722135,0.24550838516634704,-0.06398216367859716,0.0911250727509351,0.04266272460169579,0.026054991440598686,-0.02414985841386766,-0.02049669984079589,1.7665828043611809,1.0,2.0,0.7613464447806354,0.6036308623298033,0.6225416036308623,7.357539683599846e-09,True,True
S3_AT_CLOS_H4,60,3,AT_LEAST,CLOSE_T,4,False,False,2644,20,0.5665658093797277,0.5475939065370633,0.5853445663565423,0.013177877097653652,0.005444646008337254,0.24699232513663022,-0.08077110076644446,0.10535712476308608,0.0495942608444529,0.030161964565615575,-0.029352221918164768,-0.024596405534073745,1.6896254390118672,1.0,2.0,0.7613464447806354,0.6036308623298033,0.6225416036308623,4.070848423098937e-12,True,True
S3_AT_CLOS_H5,61,3,AT_LEAST,CLOSE_T,5,False,False,2644,20,0.569213313161876,0.5502513693000347,0.5879744292200212,0.020580402982383117,0.008016033235586813,0.3650677501663607,-0.09106902495334707,0.12325751820640701,0.0609364140439785,0.03386712935228725,-0.033901554342269685,-0.027433931062175048,1.7974519229639208,1.0,2.0,0.7613464447806354,0.6036308623298033,0.6225416036308623,5.820956520709239e-13,True,True
S3_AT_CLOS_H6,62,3,AT_LEAST,CLOSE_T,6,False,False,2644,20,0.5729954614220878,0.5540486970935319,0.5917304237500243,0.026096452498988416,0.009347868798373769,0.4344099183150868,-0.10124273003046219,0.128941574048118,0.07158976761794418,0.037387622441039624,-0.03795534125986849,-0.030129619993420807,1.8861579224855645,1.0,2.0,0.7613464447806354,0.6036308623298033,0.6225416036308623,3.179320734839594e-14,True,True
S3_AT_CLOS_H7,63,3,AT_LEAST,CLOSE_T,7,False,False,2644,20,0.5654311649016641,0.5464551616436237,0.5842173145529317,0.027421923366827063,0.009501525114547061,0.42083579672701993,-0.10398433073219922,0.1392084241585411,0.07686682387245163,0.04067241356123665,-0.041391927198761544,-0.03223297298857948,1.8570486825448296,1.0,2.0,0.7613464447806354,0.6036308623298033,0.6225416036308623,9.1589567158296e-12,True,True
S3_AT_OPEN_H1,64,3,AT_LEAST,OPEN_T1,1,False,False,2645,20,0.555765595463138,0.5367623314652583,0.5746071123410685,0.0037601719320904613,0.0030225151501747367,0.03954699599495864,-0.05504654410385482,0.06273136214921068,0.018973195761973087,0.014094827586206941,-0.013852572148327965,-0.009463475676521145,1.3696514668045379,1.0,1.0,0.7296786389413988,0.5939508506616257,0.6241965973534972,5.254960715075821e-09,True,True
S3_AT_OPEN_H2,65,3,AT_LEAST,OPEN_T1,2,False,False,2644,20,0.5563540090771558,0.5373488130733599,0.5751956895467949,0.006371121820514916,0.003792798802415884,0.04930998727384765,-0.06304524216972618,0.08268808109436525,0.029772661168418733,0.02175423860364488,-0.021400987001674907,-0.015520266675660576,1.3911816855030394,1.0,1.0,0.7299546142208775,0.5941754916792739,0.6244326777609682,3.6931033189140193e-09,True,True
S3_AT_OPEN_H3,66,3,AT_LEAST,OPEN_T1,3,False,False,2644,20,0.5601361573373677,0.5411423461780761,0.578955478765579,0.0068712281913596695,0.005993891270269036,0.058673930660037926,-0.08137950285664976,0.0989177616414846,0.03765731596971584,0.026810507324871044,-0.02777100574207655,-0.019286798953487172,1.3559939571313504,1.0,1.0,0.7299546142208775,0.5941754916792739,0.6244326777609682,3.3680867623430546e-10,True,True
S3_AT_OPEN_H4,67,3,AT_LEAST,OPEN_T1,4,False,False,2644,20,0.5695915279878971,0.55063105161402,0.5883500791383858,0.014248391329254201,0.007286755217646681,0.2751014720715985,-0.09189570326021788,0.11406314503854774,0.04978925504399594,0.031122554657109693,-0.03305916278107969,-0.023596655261723547,1.5060652132573413,1.0,1.0,0.7299546142208775,0.5941754916792739,0.6244326777609682,4.3822181028960307e-13,True,True
S3_AT_OPEN_H5,68,3,AT_LEAST,OPEN_T1,5,False,False,2644,20,0.5722390317700454,0.553289141749851,0.5909793146290051,0.020196034815531817,0.00911518542630746,0.37745508262698896,-0.09639356403207616,0.12161580927008234,0.06100005110816393,0.034852807813001006,-0.037566083737435585,-0.026240920575557942,1.6238065041466057,1.0,1.0,0.7299546142208775,0.5941754916792739,0.6244326777609682,5.756298909532492e-14,True,True
S3_AT_OPEN_H6,69,3,AT_LEAST,OPEN_T1,6,False,False,2644,20,0.5665658093797277,0.5475939065370633,0.5853445663565423,0.021389096691373018,0.009093320720630108,0.35728579666587157,-0.10042102155787812,0.13014217681213952,0.06659320841665049,0.038586799343372,-0.04148196787239394,-0.02924993189601497,1.6053531650548325,1.0,1.0,0.7299546142208775,0.5941754916792739,0.6244326777609682,4.070848423098937e-12,True,True
S3_AT_OPEN_H7,70,3,AT_LEAST,OPEN_T1,7,False,False,2644,20,0.5669440242057489,0.5479735105169417,0.5857202946090139,0.020012684143938423,0.008467812523064142,0.3458752761061568,-0.11576044633556655,0.14035355244233846,0.07141001945442525,0.04240513453110638,-0.04558833774635868,-0.03217681676728133,1.5664098097134294,1.0,1.0,0.7299546142208775,0.5941754916792739,0.6244326777609682,3.0973175800310734e-12,True,True
S3_EX_CLOS_H1,71,3,EXACT,CLOSE_T,1,False,False,1463,20,0.5502392344497608,0.5246493961512965,0.5755659332669111,0.012179847690857918,0.002424920723745618,0.36581151149412505,-0.0447586144353916,0.04779981563156088,0.028309935858617973,0.012461336478337352,-0.005612935154244925,-0.010544384502206957,5.043695514138955,1.0,2.0,0.760082023239918,0.6042378673957621,0.6144907723855092,6.671607773045368e-05,True,True
S3_EX_CLOS_H2,72,3,EXACT,CLOSE_T,2,False,False,1462,20,0.5663474692202463,0.5408032014887958,0.5915439898343899,0.014441263203617802,0.004783253472494859,0.3493417085212923,-0.0602478655034983,0.07322860599124749,0.0380364377812697,0.019705534181679835,-0.01413898647320504,-0.015350254246392702,2.6901813544664606,1.0,2.0,0.7606019151846786,0.6046511627906976,0.6149110807113544,2.1556540849524254e-07,True,True
S3_EX_CLOS_H3,73,3,EXACT,CLOSE_T,3,False,False,1461,20,0.5728952772073922,0.5473720860568179,0.5980361413778976,0.017322119314007674,0.006352063442374921,0.3265119033479608,-0.06037500278688155,0.08924822441595574,0.04618825786305522,0.025536604062859392,-0.019620184608066756,-0.019321377004331692,2.354119432906106,1.0,2.0,0.7611225188227242,0.6050650239561944,0.6153319644079398,1.381063865256114e-08,True,True
S3_EX_CLOS_H4,74,3,EXACT,CLOSE_T,4,False,False,1461,20,0.5742642026009582,0.5487478236587027,0.5993910747137541,0.016276072350507795,0.005508667306817624,0.32703531369073063,-0.07861425716189217,0.10288065843621387,0.05297623409425922,0.02951901371765924,-0.02463982442492399,-0.023314285714285732,2.1500248208210455,1.0,2.0,0.7611225188227242,0.6050650239561944,0.6153319644079398,7.520553130508037e-09,True,True
S3_EX_CLOS_H5,75,3,EXACT,CLOSE_T,5,False,False,1461,20,0.5715263518138262,0.5459965461342983,0.5966810103626762,0.019841389561168307,0.007854447273954537,0.34025866310227915,-0.08999708612579607,0.12405969668932781,0.058937335232973634,0.03291110608459621,-0.02917557127896098,-0.026190316298435334,2.0200919004960287,1.0,2.0,0.7611225188227242,0.6050650239561944,0.6153319644079398,2.508706990030859e-08,True,True
S3_EX_CLOS_H6,76,3,EXACT,CLOSE_T,6,False,False,1461,20,0.5749486652977412,0.5494357666653731,0.6000684671759542,0.029205934933833763,0.009999549569839191,0.47677737998945063,-0.09601449275362307,0.13038793103448285,0.0735597030493613,0.036218737851496714,-0.03321316779616274,-0.02820345317124623,2.2147752813226074,1.0,2.0,0.7611225188227242,0.6050650239561944,0.6153319644079398,5.527036545174553e-09,True,True
S3_EX_CLOS_H7,77,3,EXACT,CLOSE_T,7,False,False,1461,20,0.5756331279945243,0.5501237591836744,0.6007458101265234,0.03262545089080629,0.011556319862424835,0.46915666350233665,-0.09935934769947585,0.13921280853902598,0.07887935567188313,0.0392357557147731,-0.035888376680110315,-0.029927585426567052,2.1979081521287873,1.0,2.0,0.7611225188227242,0.6050650239561944,0.6153319644079398,4.0508849784153645e-09,True,True
S3_EX_OPEN_H1,78,3,EXACT,OPEN_T1,1,False,False,1462,20,0.5683994528043775,0.5428640546587192,0.5935763487672453,0.003893935755487443,0.0038121331648225906,0.03830789332433453,-0.05374943442380182,0.06035571661228639,0.01822545502182922,0.014545957321321527,-0.013871025215161403,-0.008790349017968952,1.3139227086047187,1.0,1.0,0.7523939808481532,0.6087551299589603,0.6292749658002736,9.325902599083754e-08,True,True
S3_EX_OPEN_H2,79,3,EXACT,OPEN_T1,2,False,False,1461,20,0.5852156057494866,0.5597608712457494,0.6102233946286364,0.00738814386350198,0.005529225908372738,0.046393410172129196,-0.05988262910798126,0.08114955268783153,0.029055125793342216,0.021901727318463817,-0.02058702076803916,-0.014300210833284033,1.4113322233807417,1.0,1.0,0.7529089664613279,0.6091718001368925,0.6297056810403833,3.9208913466944e-11,True,True
S3_EX_OPEN_H3,80,3,EXACT,OPEN_T1,3,False,False,1461,20,0.5715263518138262,0.5459965461342983,0.5966810103626762,0.006343485879997214,0.006416506778221686,0.05611111769715264,-0.07606666666666659,0.09370203122470754,0.03676879546606839,0.026633522727272728,-0.026603126281088154,-0.01813927883292054,1.3821231037875008,1.0,1.0,0.7529089664613279,0.6091718001368925,0.6297056810403833,2.508706990030859e-08,True,True
S3_EX_OPEN_H4,81,3,EXACT,OPEN_T1,4,False,False,1461,20,0.5770020533880903,0.5514998928805055,0.6021003473674333,0.009605433948485618,0.008226806733324788,0.06451241856520903,-0.08857022353437369,0.11634779903561968,0.04316792681381226,0.030616964203126467,-0.03195498656774527,-0.022208271207721984,1.3508979802665637,1.0,1.0,0.7529089664613279,0.6091718001368925,0.6297056810403833,2.1582718979519968e-09,True,True
S3_EX_OPEN_H5,82,3,EXACT,OPEN_T1,5,False,False,1461,20,0.5804243668720055,0.5549410958029534,0.6054858217893385,0.01972245172468907,0.010415164017195158,0.3700522678288481,-0.09645909645909637,0.12338711077922294,0.05842370281501433,0.03459535988308361,-0.03634191247305378,-0.02490654416069901,1.6076122261956742,1.0,1.0,0.7529089664613279,0.6091718001368925,0.6297056810403833,4.2627574894725663e-10,True,True
S3_EX_OPEN_H6,83,3,EXACT,OPEN_T1,6,False,False,1461,20,0.5920602327173169,0.5666505191857116,0.6169871013773798,0.022937982144535813,0.012049644535486204,0.35340266916559776,-0.09315214328208661,0.1258994542908195,0.06400126720935569,0.038415366146458615,-0.03948416376707454,-0.02658120463757194,1.620935106715511,1.0,1.0,0.7529089664613279,0.6091718001368925,0.6297056810403833,1.0254531175696658e-12,True,True
S3_EX_OPEN_H7,84,3,EXACT,OPEN_T1,7,False,False,1461,20,0.5852156057494866,0.5597608712457494,0.6102233946286364,0.02180622592485825,0.010608578158379973,0.3321318740520708,-0.11241036955322682,0.14434250764525988,0.069283206833843,0.04323965592056563,-0.042640310302715444,-0.02869980698034995,1.6248288612813135,1.0,1.0,0.7529089664613279,0.6091718001368925,0.6297056810403833,3.9208913466944e-11,True,True
S4_AT_CLOS_H1,85,4,AT_LEAST,CLOSE_T,1,False,False,1184,20,0.5684121621621622,0.5400234037912602,0.5963584330246022,0.003429525977530835,0.002478554585132791,0.03139857787050961,-0.0418077659606122,0.04804557002075172,0.019514270021432124,0.01407063734536608,-0.015360506384456242,-0.01069067567192273,1.2704184050324798,1.0,2.0,0.7609797297297297,0.6013513513513513,0.6309121621621622,1.3937009722036445e-06,True,True
S4_AT_CLOS_H2,86,4,AT_LEAST,CLOSE_T,2,False,False,1183,20,0.5511411665257819,0.522678306124194,0.5792729689182468,0.005347172427795197,0.0033951282604009238,0.04372670959636962,-0.058077857569405984,0.07323218400660383,0.02989713779440354,0.02046968103750429,-0.023329036043683492,-0.01690193164933142,1.2815419264825736,1.0,2.0,0.7616229923922232,0.6018596787827557,0.6314454775993238,0.00024001547675525103,True,True
S4_AT_CLOS_H3,87,4,AT_LEAST,CLOSE_T,3,False,False,1183,20,0.5333896872358411,0.5048988719667276,0.5616643571932132,0.006869178893924241,0.0025228255646324842,0.05467770909143203,-0.06914966503333463,0.09360221630868314,0.03830870592473373,0.026605793450881463,-0.029743986419172072,-0.0219096755954486,1.2879479362605244,1.0,2.0,0.7616229923922232,0.6018596787827557,0.6314454775993238,0.011650909414100392,True,True
S4_AT_CLOS_H4,88,4,AT_LEAST,CLOSE_T,4,False,False,1183,20,0.5570583262890956,0.5286128344546014,0.5851344558820061,0.00935161905503328,0.005340453938584784,0.06507304962993467,-0.08187059081129554,0.1063944467533691,0.04541753817499639,0.030995823257858792,-0.035172012905167964,-0.026598994313642543,1.2912976660577482,1.0,2.0,0.7616229923922232,0.6018596787827557,0.6314454775993238,4.812601024991158e-05,True,True
S4_AT_CLOS_H5,89,4,AT_LEAST,CLOSE_T,5,False,False,1183,20,0.5663567202028741,0.5379467106324586,0.5943371751664107,0.02149308143411164,0.00865203761755483,0.3935524535790154,-0.09268469458795936,0.11722839074712063,0.06340526792637757,0.03569462707562469,-0.03973812345088678,-0.02973032714412022,1.5955778084171874,1.0,2.0,0.7616229923922232,0.6018596787827557,0.6314454775993238,2.7879199547236704e-06,True,True
S4_AT_CLOS_H6,90,4,AT_LEAST,CLOSE_T,6,False,False,1183,20,0.5705832628909552,0.5421927062265925,0.5985169047823957,0.02225625483431467,0.00881046273648473,0.3755111934015352,-0.10240258237070911,0.12605993757999437,0.06915690568616024,0.03875025360113621,-0.04381190544454651,-0.03227608466265295,1.5784957304286467,1.0,2.0,0.7616229923922232,0.6018596787827557,0.6314454775993238,6.692536102173426e-07,True,True
S4_AT_CLOS_H7,91,4,AT_LEAST,CLOSE_T,7,False,False,1183,20,0.5528317836010144,0.5243734733546819,0.5809480917718064,0.020995588867643914,0.007104184270647635,0.3520181549522294,-0.11031564218739287,0.13912911990279073,0.07438135560620525,0.04291513628455453,-0.048188788828304616,-0.03459896652437653,1.543540674392628,1.0,2.0,0.7616229923922232,0.6018596787827557,0.6314454775993238,0.00015412960230765192,True,True
S4_AT_OPEN_H1,92,4,AT_LEAST,OPEN_T1,1,False,False,1183,20,0.5401521555367709,0.5116677313475048,0.5683766581486261,0.0035948611038517575,0.0023310023310022616,0.04102605623104602,-0.05698036996844217,0.0644303825764044,0.019897284487324182,0.013552890153825305,-0.013829767090246406,-0.01028835191724825,1.438728820050553,1.0,1.0,0.7016060862214708,0.5756551141166526,0.6179205409974641,0.0031263930813882393,True,True
S4_AT_OPEN_H2,93,4,AT_LEAST,OPEN_T1,2,False,False,1183,20,0.5207100591715976,0.49222132451174017,0.5490647290178432,0.005115103895912974,0.0011061414899244445,0.0526625076609184,-0.07046785077045489,0.08752115901851516,0.030658814323944347,0.021553301180775048,-0.02240623185995202,-0.017073749110742206,1.3683163914206677,1.0,1.0,0.7016060862214708,0.5756551141166526,0.6179205409974641,0.08140931987664914,False,False
S4_AT_OPEN_H3,94,4,AT_LEAST,OPEN_T1,3,False,False,1183,20,0.5460693153000845,0.5175947789039714,0.5742456258863262,0.007522987715366897,0.005843844802810286,0.061686005847412094,-0.08334993620062597,0.10407692836513227,0.03875463503635061,0.026831912482136663,-0.02921333194030483,-0.02128421052631582,1.326607834927652,1.0,1.0,0.7016060862214708,0.5756551141166526,0.6179205409974641,0.0008390530572271079,True,True
S4_AT_OPEN_H4,95,4,AT_LEAST,OPEN_T1,4,False,False,1183,20,0.5604395604395604,0.5320058106755144,0.5884820598291881,0.019982424070845835,0.006013160880417611,0.40490361923993917,-0.09369779959639864,0.1099144960434085,0.057966567422946376,0.03166758191469901,-0.034422815737699786,-0.02513483197861119,1.6839577524583944,1.0,1.0,0.7016060862214708,0.5756551141166526,0.6179205409974641,1.7885359729551444e-05,True,True
S4_AT_OPEN_H5,96,4,AT_LEAST,OPEN_T1,5,False,False,1183,20,0.5621301775147929,0.5337027956501168,0.5901553649386333,0.02078090793110346,0.007896752902351367,0.38640104188211116,-0.09596525179632504,0.11879965272875415,0.06418183036115764,0.034919854490233375,-0.039077930074935006,-0.029420970266040618,1.6424060905499327,1.0,1.0,0.7016060862214708,0.5756551141166526,0.6179205409974641,1.0690968776832998e-05,True,True
S4_AT_OPEN_H6,97,4,AT_LEAST,OPEN_T1,6,False,False,1183,20,0.5350803043110736,0.5065905967228367,0.5633429225211516,0.01947622970314746,0.005271846211193403,0.36201481870442226,-0.10823497408940272,0.1370882839694738,0.0697942448527094,0.038846990939920084,-0.043949247498659055,-0.0336952774905206,1.5880646160059715,1.0,1.0,0.7016060862214708,0.5756551141166526,0.6179205409974641,0.008542544829230935,True,True
S4_AT_OPEN_H7,98,4,AT_LEAST,OPEN_T1,7,False,False,1183,20,0.5443786982248521,0.5159009269000863,0.5725691878061638,0.01779766762498334,0.0063577173496744775,0.3621169319674458,-0.12214246425468368,0.13910076039618843,0.07403662405177998,0.04163455867696577,-0.04922913917929426,-0.03728061327415768,1.5039187214331737,1.0,1.0,0.7016060862214708,0.5756551141166526,0.6179205409974641,0.0012412968664067448,True,True
S4_EX_CLOS_H1,99,4,EXACT,CLOSE_T,1,False,False,681,20,0.5594713656387665,0.5219545929615066,0.596320956739417,0.00319655583299394,0.00255926724137928,0.031146739723347392,-0.04201813580767608,0.04405900202601734,0.0185386805053719,0.013384206636169354,-0.015499757405809483,-0.010244370931597415,1.1960626234332798,1.0,2.0,0.748898678414097,0.5873715124816447,0.618208516886931,0.0010747007521461848,True,True
S4_EX_CLOS_H2,100,4,EXACT,CLOSE_T,2,False,False,680,20,0.5470588235294118,0.5094849921312045,0.5841039518769141,0.004584240805978109,0.003744380125382649,0.04217516881269377,-0.05454530221386283,0.05769593388600265,0.028352159869488674,0.01971152388614468,-0.023131968267470333,-0.01703437181306062,1.22567001396761,1.0,2.0,0.75,0.5882352941176471,0.6191176470588236,0.007816432740042522,True,True
S4_EX_CLOS_H3,101,4,EXACT,CLOSE_T,3,False,False,680,20,0.5073529411764706,0.4698407746133271,0.5447824978879414,0.00492966307565653,0.0012265016358691508,0.05406105851075542,-0.06931602890831873,0.087747988463962,0.036664081889594705,0.025831177186568115,-0.029104237970768478,-0.021678637778480496,1.259750622105933,1.0,2.0,0.75,0.5882352941176471,0.6191176470588236,0.3650107629680911,False,False
S4_EX_CLOS_H4,102,4,EXACT,CLOSE_T,4,False,False,680,20,0.5323529411764706,0.49477439976279464,0.5695679992427867,0.007861500534383373,0.0029218614082694282,0.06415234279321007,-0.08524737446645277,0.10566620323457716,0.04341926110861503,0.028623337334876292,-0.034341218266578356,-0.026405329511030858,1.2643483050475126,1.0,2.0,0.75,0.5882352941176471,0.6191176470588236,0.0495408116610872,True,False
S4_EX_CLOS_H5,103,4,EXACT,CLOSE_T,5,False,False,680,20,0.5691176470588235,0.5316122394884666,0.6058465220234575,0.028752454444441973,0.007955152342827683,0.5150268586996999,-0.0980592488003001,0.11364409658527296,0.06959633827187947,0.0335092166538966,-0.03896605856910451,-0.029005666507991967,1.7860759036856029,1.0,2.0,0.75,0.5882352941176471,0.6191176470588236,0.00017744153297582924,True,True
S4_EX_CLOS_H6,104,4,EXACT,CLOSE_T,6,False,False,680,20,0.5779411764705882,0.5404839707120854,0.6145227178013608,0.030576710394395898,0.00891027701937163,0.4903732839715724,-0.1048796657470232,0.12007516429015173,0.07550440469617234,0.03736042381387615,-0.04291547339684145,-0.030778232571734017,1.759374852934266,1.0,2.0,0.75,0.5882352941176471,0.6191176470588236,2.7401487612386135e-05,True,True
S4_EX_CLOS_H7,105,4,EXACT,CLOSE_T,7,False,False,680,20,0.5661764705882353,0.5286576544411461,0.6029517980702706,0.030024463869545413,0.007999567840761345,0.45825952649430407,-0.11052400780296373,0.13920727256926727,0.08123649941112891,0.040540791670265745,-0.04600894936319872,-0.032291228471549964,1.76566734375612,1.0,2.0,0.75,0.5882352941176471,0.6191176470588236,0.00031602375110351556,True,True
S4_EX_OPEN_H1,106,4,EXACT,OPEN_T1,1,False,False,680,20,0.5470588235294118,0.5094849921312045,0.5841039518769141,0.0038534669610849424,0.002864894495385475,0.04028940132571677,-0.05184299960827981,0.062107869253455884,0.019646674182375454,0.013449474419518683,-0.012921847353081325,-0.010187752459592492,1.5204230204507514,1.0,1.0,0.7,0.5647058823529412,0.6088235294117647,0.007816432740042522,True,True
S4_EX_OPEN_H2,107,4,EXACT,OPEN_T1,2,False,False,680,20,0.5014705882352941,0.4639875971220583,0.5389370573781954,0.004193675441038302,7.598350730819611e-05,0.052693584813997794,-0.06519510777770046,0.0860614736040096,0.029964900714536384,0.02138967296955687,-0.021114367666453047,-0.017228416139978803,1.4191711155122704,1.0,1.0,0.7,0.5647058823529412,0.6088235294117647,0.4847068854182967,False,False
S4_EX_OPEN_H3,108,4,EXACT,OPEN_T1,3,False,False,680,20,0.5294117647058824,0.4918361804901976,0.5666569095148764,0.007072651744568369,0.0033288648266662224,0.061692954793653394,-0.08344896101557152,0.10258018150318517,0.0378196239310065,0.025851817563103053,-0.027444699556621377,-0.02116052631578947,1.3780301676460525,1.0,1.0,0.7,0.5647058823529412,0.6088235294117647,0.06735180070706097,False,False
S4_EX_OPEN_H4,109,4,EXACT,OPEN_T1,4,False,False,680,20,0.5588235294117647,0.5212769771441301,0.595709202866018,0.028492653165509682,0.00556682065415389,0.530403221004467,-0.0929965013310898,0.10512588889874294,0.06528780303146262,0.030881936120309206,-0.03268262337430291,-0.02510524961307883,1.9976304314296847,1.0,1.0,0.7,0.5647058823529412,0.6088235294117647,0.0012124343538499414,True,True
S4_EX_OPEN_H5,110,4,EXACT,OPEN_T1,5,False,False,680,20,0.5661764705882353,0.5286576544411461,0.6029517980702706,0.030352652871784968,0.007981476491845363,0.5051331557420033,-0.09553345290974628,0.11431372808037618,0.07164174331395845,0.033321658458753144,-0.03706783575858555,-0.028605416737545998,1.9327198863333959,1.0,1.0,0.7,0.5647058823529412,0.6088235294117647,0.00031602375110351556,True,True
S4_EX_OPEN_H6,111,4,EXACT,OPEN_T1,6,False,False,680,20,0.5397058823529411,0.5021256280662699,0.5768400434405799,0.029707359594791864,0.006238782483307739,0.47186120286660715,-0.10421017151270812,0.13897981945410698,0.07775738664501061,0.037455740615371075,-0.040784266985578736,-0.032487747744308126,1.9065534921224776,1.0,1.0,0.7,0.5647058823529412,0.6088235294117647,0.02101422088921159,True,True
S4_EX_OPEN_H7,112,4,EXACT,OPEN_T1,7,False,False,680,20,0.5529411764705883,0.5153783619588843,0.589909200050249,0.025971520039047496,0.006981175068484648,0.470996570743874,-0.11818298679112707,0.13566949386484028,0.08208064837011729,0.03976690100956451,-0.046138161915316014,-0.03497794515896896,1.7790186033152269,1.0,1.0,0.7,0.5647058823529412,0.6088235294117647,0.0032163039030075817,True,True
S5_AT_CLOS_H1,113,5,AT_LEAST,CLOSE_T,1,False,False,503,20,0.5805168986083499,0.5369410812815555,0.6228722066615199,0.0037449388372318804,0.0024512029051293326,0.03173362632484677,-0.04012746444340756,0.049815503063629446,0.02083509797458722,0.014983351831298652,-0.015171977665685753,-0.011035337879727223,1.3732618405911359,1.0,1.0,0.7773359840954275,0.6202783300198808,0.6481113320079522,0.00017577392245924343,True,True
S5_AT_CLOS_H2,114,5,AT_LEAST,CLOSE_T,2,False,False,503,20,0.5566600397614314,0.5129795273948767,0.5994816752317318,0.006378571041782514,0.0030008974646623097,0.04572039529618917,-0.06852022488025192,0.09512038926066425,0.03198577594339381,0.02146843011142315,-0.023595449737172456,-0.016423163058547425,1.3555908575458584,1.0,1.0,0.7773359840954275,0.6202783300198808,0.6481113320079522,0.006225614504714475,True,True
S5_AT_CLOS_H3,115,5,AT_LEAST,CLOSE_T,3,False,False,503,20,0.5685884691848907,0.524947656290411,0.6111895889944312,0.009491188350031682,0.004158649369995577,0.05539260613243786,-0.06560035264087624,0.09996150082594214,0.040532054520945535,0.0291360075955376,-0.03060885509693438,-0.022295081967213106,1.3241937469593565,1.0,1.0,0.7773359840954275,0.6202783300198808,0.6481113320079522,0.0011982498762987408,True,True
S5_AT_CLOS_H4,116,5,AT_LEAST,CLOSE_T,4,False,False,503,20,0.5904572564612326,0.5469551228808474,0.6325882006107559,0.011366093397064961,0.00888876658043926,0.06624415321435387,-0.08104368745815417,0.10840953968308112,0.04811898629654575,0.03435830806987166,-0.03629515476250581,-0.026890198356710058,1.3257688694650334,1.0,1.0,0.7773359840954275,0.6202783300198808,0.6481113320079522,2.8723341990177272e-05,True,True
S5_AT_CLOS_H5,117,5,AT_LEAST,CLOSE_T,5,False,False,503,20,0.562624254473161,0.5189604451608062,0.605338778794919,0.011679217324718745,0.00900009000090001,0.0742239932012069,-0.08723593498015517,0.13213217210714934,0.05503563008355196,0.037913235836303225,-0.04078186921552287,-0.03115653040877368,1.3495122009415805,1.0,1.0,0.7773359840954275,0.6202783300198808,0.6481113320079522,0.002824387798744118,True,True
S5_AT_CLOS_H6,118,5,AT_LEAST,CLOSE_T,6,False,False,503,20,0.5606361829025845,0.5169661080352113,0.6033871088108087,0.01100792525010943,0.00870135699734119,0.07958229513002558,-0.09900676059972309,0.14090539101092825,0.06057579370443417,0.04103448275862073,-0.04502378177146389,-0.034696563369090216,1.3454177175056217,1.0,1.0,0.7773359840954275,0.6202783300198808,0.6481113320079522,0.0037030477928254204,True,True
S5_AT_CLOS_H7,119,5,AT_LEAST,CLOSE_T,7,False,False,503,20,0.5347912524850894,0.49110293331245836,0.577952191107389,0.00878955506785659,0.005808325266214975,0.08532429264316682,-0.10958959502757672,0.13780179313651353,0.06511396437887307,0.044687693957005115,-0.051135689099223114,-0.037415990254185176,1.273356544634153,1.0,1.0,0.7773359840954275,0.6202783300198808,0.6481113320079522,0.06472035431491023,False,False
S5_AT_OPEN_H1,120,5,AT_LEAST,OPEN_T1,1,False,False,503,20,0.5308151093439364,0.48713433970855735,0.5740287704918788,0.0032452547759818456,0.001792488223769256,0.041998865703591924,-0.06364584902781188,0.070220471628339,0.02023608171866639,0.013609350237717917,-0.015057173494366196,-0.010369410239792674,1.3439495617313528,1.0,1.0,0.7037773359840954,0.5904572564612326,0.6302186878727635,0.09047943729593134,False,False
S5_AT_OPEN_H2,121,5,AT_LEAST,OPEN_T1,2,False,False,503,20,0.5467196819085487,0.503025244364894,0.5897059227131868,0.006360772582423465,0.002584814216478289,0.05259480885280375,-0.07188427177299185,0.09021064324091524,0.03159690826906844,0.021620992158993813,-0.024152688423727975,-0.017073749110742206,1.3082149578854811,1.0,1.0,0.7037773359840954,0.5904572564612326,0.6302186878727635,0.020078468840168454,True,True
S5_AT_OPEN_H3,122,5,AT_LEAST,OPEN_T1,3,False,False,503,20,0.5685884691848907,0.524947656290411,0.6111895889944312,0.008131791811078625,0.007065527065527117,0.06167138284291537,-0.08170834603968051,0.10401679015617715,0.04001866595411205,0.0286893497080733,-0.03160432601765026,-0.021299254526091587,1.2662401321819863,1.0,1.0,0.7037773359840954,0.5904572564612326,0.6302186878727635,0.0011982498762987408,True,True
S5_AT_OPEN_H4,123,5,AT_LEAST,OPEN_T1,4,False,False,503,20,0.562624254473161,0.5189604451608062,0.605338778794919,0.008477541795753551,0.00663937874697619,0.07093037256909272,-0.09530935315601499,0.12131458701090808,0.04806907196809341,0.03331354576462185,-0.036775362073902335,-0.02539130434782607,1.307099896705182,1.0,1.0,0.7037773359840954,0.5904572564612326,0.6302186878727635,0.002824387798744118,True,True
S5_AT_OPEN_H5,124,5,AT_LEAST,OPEN_T1,5,False,False,503,20,0.5566600397614314,0.5129795273948767,0.5994816752317318,0.007840974412885912,0.00784929356357925,0.07688949317381416,-0.09596525179632504,0.12697299445636825,0.05409685857605911,0.03783616788890619,-0.04179535380280307,-0.029765802064971165,1.29432708791739,1.0,1.0,0.7037773359840954,0.5904572564612326,0.6302186878727635,0.006225614504714475,True,True
S5_AT_OPEN_H6,125,5,AT_LEAST,OPEN_T1,6,False,False,503,20,0.5288270377733598,0.4851510734461131,0.5720660296446176,0.005644881141878684,0.004835589941972951,0.08301358250181123,-0.11256354199468081,0.128239078171849,0.059028963702083506,0.04004034291477558,-0.048227948788708,-0.036241610738255096,1.2239575844433266,1.0,1.0,0.7037773359840954,0.5904572564612326,0.6302186878727635,0.10591056164954121,False,False
S5_AT_OPEN_H7,126,5,AT_LEAST,OPEN_T1,7,False,False,503,20,0.532803180914513,0.4891182928241485,0.5759908244859934,0.00674752917257056,0.0057313030286003834,0.09103649829098213,-0.12336239923594622,0.14035481051727788,0.06316199873076733,0.04395800803456376,-0.05340779631548752,-0.041426536571469254,1.1826363019672324,1.0,1.0,0.7037773359840954,0.5904572564612326,0.6302186878727635,0.07678214713935688,False,False
S5_EX_CLOS_H1,127,5,EXACT,CLOSE_T,1,False,False,306,20,0.6013071895424836,0.5455179725230941,0.6545843644462122,0.003936501438047719,0.0038963362466326,0.027742016547051974,-0.03279702834494989,0.04565092203449969,0.01929472148292016,0.014602849996221957,-0.014218620652936078,-0.009930940903586899,1.3570037455733015,1.0,2.0,0.7810457516339869,0.6143790849673203,0.6437908496732027,0.00023447683218326133,True,True
S5_EX_CLOS_H2,128,5,EXACT,CLOSE_T,2,False,False,306,20,0.5555555555555556,0.4995337382007161,0.6101998014276133,0.004572735818452303,0.003166575168707879,0.039754801961395754,-0.052883740516581776,0.06839628340824504,0.02942217924866696,0.02122677349129067,-0.022110713427931906,-0.01581438514364429,1.3306752558919543,1.0,2.0,0.7810457516339869,0.6143790849673203,0.6437908496732027,0.029526209779167742,True,True
S5_EX_CLOS_H3,129,5,EXACT,CLOSE_T,3,False,False,306,20,0.5620915032679739,0.5060737951093937,0.6165695727105038,0.0062757785341703235,0.003220733919092036,0.04804164451191988,-0.06829260721551186,0.0887566540082041,0.03700251367161175,0.027805775701667784,-0.028718297197624497,-0.019457727388534157,1.2884647518263201,1.0,2.0,0.7810457516339869,0.6143790849673203,0.6437908496732027,0.017123172240185704,True,True
S5_EX_CLOS_H4,130,5,EXACT,CLOSE_T,4,False,False,306,20,0.5882352941176471,0.5323306913846112,0.6419519892015589,0.008305029765115825,0.009256562234898694,0.053467023993281994,-0.07455532961376105,0.08545223154444251,0.04222508390599445,0.034646379455318635,-0.03413961758832924,-0.023525399318477115,1.2368352925086443,1.0,2.0,0.7810457516339869,0.6143790849673203,0.6437908496732027,0.0011961929960251682,True,True
S5_EX_CLOS_H5,131,5,EXACT,CLOSE_T,5,False,False,306,20,0.5718954248366013,0.5159019229068968,0.6261061872003528,0.00931032674252806,0.008551698649321137,0.06642878532975287,-0.08566261383977243,0.09243877139813358,0.048556730469949023,0.038346525104206705,-0.039021472791115,-0.02715828064745826,1.244359246250827,1.0,2.0,0.7810457516339869,0.6143790849673203,0.6437908496732027,0.006917009899635859,True,True
S5_EX_CLOS_H6,132,5,EXACT,CLOSE_T,6,False,False,306,20,0.565359477124183,0.5093474260131526,0.619750855902529,0.00888677769782394,0.010826773529523905,0.06823620762666846,-0.09113950084209566,0.10369351651636123,0.053707159520222626,0.04109712949578734,-0.0422291741838391,-0.032274782486799894,1.271802268413198,1.0,2.0,0.7810457516339869,0.6143790849673203,0.6437908496732027,0.012810624531381123,True,True
S5_EX_CLOS_H7,133,5,EXACT,CLOSE_T,7,False,False,306,20,0.5326797385620915,0.4767186598086509,0.5878304811491898,0.003685194453117179,0.006349619545502658,0.07324545081411851,-0.10947130420469299,0.10095883870554229,0.0579174040967158,0.044848336450546145,-0.04909524055962891,-0.035226060335442795,1.1796948835879901,1.0,2.0,0.7810457516339869,0.6143790849673203,0.6437908496732027,0.13869311188180394,False,False
S5_EX_OPEN_H1,134,5,EXACT,OPEN_T1,1,False,False,306,20,0.5228758169934641,0.466976299723806,0.5782080989466825,0.0019570178425531667,0.0016166727347429774,0.03738808994838892,-0.054442706330662255,0.057452220902096035,0.019238973796382286,0.013966987565044983,-0.014011468371007101,-0.01003178688874089,1.3730876227214042,1.0,1.5,0.6993464052287581,0.5882352941176471,0.6241830065359477,0.22871996274679396,False,False
S5_EX_OPEN_H2,135,5,EXACT,OPEN_T1,2,False,False,306,20,0.5261437908496732,0.47022139385892464,0.581417918907348,0.003657895411778134,0.001108918852153135,0.04632842998241177,-0.07247325939472965,0.06905294137570216,0.029016422722371846,0.020372052021980988,-0.022794531593377312,-0.01597477230430472,1.272955428081805,1.0,1.5,0.6993464052287581,0.5882352941176471,0.6241830065359477,0.19560363187320948,False,False
S5_EX_OPEN_H3,136,5,EXACT,OPEN_T1,3,False,False,306,20,0.5686274509803921,0.5126234664878071,0.6229297295236584,0.00566153857514462,0.0073830251585061245,0.05151786906369725,-0.08170531184057885,0.07785863180096177,0.03520409628582841,0.027619368535819366,-0.02964320472008203,-0.02079185295443229,1.1875941423424812,1.0,1.5,0.6993464052287581,0.5882352941176471,0.6241830065359477,0.009470269658665565,True,True
S5_EX_OPEN_H4,137,5,EXACT,OPEN_T1,4,False,False,306,20,0.5751633986928104,0.5191828019851097,0.6292802222179239,0.006652626269674595,0.006158947438414128,0.06464624747692592,-0.08634442722622468,0.08511972918185082,0.0428587518506062,0.03167325363765283,-0.035109693893629425,-0.02371996831442827,1.220709926450906,1.0,1.5,0.6993464052287581,0.5882352941176471,0.6241830065359477,0.00499112253853908,True,True
S5_EX_OPEN_H5,138,5,EXACT,OPEN_T1,5,False,False,306,20,0.5588235294117647,0.5028025677398594,0.6133858859842539,0.006298091233902447,0.006981629387048122,0.06755269209464797,-0.09504282545729292,0.09857038963881094,0.04845112075097793,0.03707402604520331,-0.03921042705096227,-0.02875803037581179,1.2356692950067956,1.0,1.5,0.6993464052287581,0.5882352941176471,0.6241830065359477,0.022617677469181096,True,True
S5_EX_OPEN_H6,139,5,EXACT,OPEN_T1,6,False,False,306,20,0.5294117647058824,0.47346884637172165,0.5846253804903351,0.0011309939198208014,0.0029772732282773414,0.0727722886647146,-0.11222136075078944,0.11014622264235108,0.05309651676192604,0.039442247794025234,-0.046469126622012295,-0.03550117228049529,1.1426192102516162,1.0,1.5,0.6993464052287581,0.5882352941176471,0.6241830065359477,0.16557267344126206,False,False
S5_EX_OPEN_H7,140,5,EXACT,OPEN_T1,7,False,False,306,20,0.5359477124183006,0.479970837021177,0.5910332180324478,0.0018945298863072431,0.005076499386008292,0.07417289423988621,-0.10520735684775424,0.10993416500510217,0.05621188702418186,0.0431446729310892,-0.05172874312314761,-0.0395246162127708,1.0866663991885805,1.0,1.5,0.6993464052287581,0.5882352941176471,0.6241830065359477,0.11494675074952172,False,False
S6_AT_CLOS_H1,141,6,AT_LEAST,CLOSE_T,1,False,False,197,20,0.5482233502538071,0.47846730016313294,0.6161346814773345,0.0034473847466245356,0.0018901489882143842,0.03708957166923071,-0.05276080129766695,0.06988333240828112,0.023227763997176663,0.017566619915848496,-0.01665282662965225,-0.013448672261179429,1.3948241048649956,1.0,1.0,0.7715736040609137,0.6294416243654822,0.6548223350253807,0.09978207668345564,False,False
S6_AT_CLOS_H2,142,6,AT_LEAST,CLOSE_T,2,False,False,197,20,0.5583756345177665,0.48857304466051565,0.625945143641103,0.009183573977513704,0.0027660986944014164,0.05356738271036318,-0.07216859840085156,0.11415626345627794,0.03596780938799489,0.022047301483182118,-0.025901689892642542,-0.020193514804494845,1.3886279056337425,1.0,1.0,0.7715736040609137,0.6294416243654822,0.6548223350253807,0.05839372012267741,False,False
S6_AT_CLOS_H3,143,6,AT_LEAST,CLOSE_T,3,False,False,197,20,0.5786802030456852,0.5088703653973246,0.6454802362265959,0.014485682784821406,0.0046174739701221445,0.0648719824231758,-0.06233540418015061,0.15284197063591642,0.04601448853057059,0.030077585290679117,-0.033545457722258365,-0.02760128094342489,1.371705490249986,1.0,1.0,0.7715736040609137,0.6294416243654822,0.6548223350253807,0.01615068959143917,True,True
S6_AT_CLOS_H4,144,6,AT_LEAST,CLOSE_T,4,False,False,197,20,0.5939086294416244,0.5241694243762545,0.6600554872393929,0.016120841982732146,0.00825126430662769,0.0820182810796948,-0.08576060620988957,0.1459688494303634,0.05727398188796046,0.034052867410459146,-0.03964334956097298,-0.03205435946674553,1.4447311471466582,1.0,1.0,0.7715736040609137,0.6294416243654822,0.6548223350253807,0.005070021173812825,True,True
S6_AT_CLOS_H5,145,6,AT_LEAST,CLOSE_T,5,False,False,197,20,0.5482233502538071,0.47846730016313294,0.6161346814773345,0.015358813863553014,0.009173321821713884,0.08479392754183411,-0.09620260536121147,0.1598900060152959,0.06509930156457987,0.03740869683937463,-0.04351629208795337,-0.033650180450363325,1.4959753793591557,1.0,1.0,0.7715736040609137,0.6294416243654822,0.6548223350253807,0.09978207668345564,False,False
S6_AT_CLOS_H6,146,6,AT_LEAST,CLOSE_T,6,False,False,197,20,0.5532994923857868,0.4835166176109551,0.6210434673600878,0.01430270266634984,0.006132989025177614,0.09444909632559464,-0.10824090373169187,0.20056444281624397,0.0712448396961536,0.04088326597551701,-0.049364644318738944,-0.03840985442329219,1.443236159793597,1.0,1.0,0.7715736040609137,0.6294416243654822,0.6548223350253807,0.07699757736464331,False,False
S6_AT_CLOS_H7,147,6,AT_LEAST,CLOSE_T,7,False,False,197,20,0.5380710659898477,0.4683899093322727,0.6062958656470439,0.01671815581968532,0.004914170313025848,0.1007571170258656,-0.11130522580283549,0.2222807423614739,0.07629237781207165,0.044487872169214904,-0.054305116780014095,-0.0429712805009717,1.4048837814146737,1.0,1.0,0.7715736040609137,0.6294416243654822,0.6548223350253807,0.15927215402576198,False,False
S6_AT_OPEN_H1,148,6,AT_LEAST,OPEN_T1,1,False,False,197,20,0.5431472081218274,0.4734250705644575,0.6112188077454345,0.005246272550749235,0.002792022792022844,0.048227435579266544,-0.07097053792615308,0.09764852774458439,0.021784888948204136,0.013557049479506166,-0.016681466731665096,-0.010669362084456456,1.3059336627067464,1.0,1.0,0.7106598984771574,0.5939086294416244,0.6395939086294417,0.12712347586603057,False,False
S6_AT_OPEN_H2,149,6,AT_LEAST,OPEN_T1,2,False,False,197,20,0.5786802030456852,0.5088703653973246,0.6454802362265959,0.01055915031956799,0.0064885496183206765,0.06082857414395369,-0.07097861104400215,0.1195554640913145,0.035605175158861115,0.023268371214015,-0.02626231273889195,-0.018993967795004747,1.3557517006540436,1.0,1.0,0.7106598984771574,0.5939086294416244,0.6395939086294417,0.01615068959143917,True,True
S6_AT_OPEN_H3,150,6,AT_LEAST,OPEN_T1,3,False,False,197,20,0.5685279187817259,0.4987073261336019,0.6357270688291679,0.011968834908519257,0.006840841277927354,0.07459434611130149,-0.08138331441900795,0.16762598439753015,0.047497134575913036,0.029631045689160817,-0.03465053473366993,-0.022827225130890125,1.3707475206655344,1.0,1.0,0.7106598984771574,0.5939086294416244,0.6395939086294417,0.031845513031439385,True,True
S6_AT_OPEN_H4,151,6,AT_LEAST,OPEN_T1,4,False,False,197,20,0.5431472081218274,0.4734250705644575,0.6112188077454345,0.011312182156058932,0.009115892486091653,0.07963221943722738,-0.09749490909090906,0.15190071372917868,0.05616225956175374,0.03537468656225585,-0.0393626436128034,-0.029609690444145357,1.4267908455083023,1.0,1.0,0.7106598984771574,0.5939086294416244,0.6395939086294417,0.12712347586603057,False,False
S6_AT_OPEN_H5,152,6,AT_LEAST,OPEN_T1,5,False,False,197,20,0.5532994923857868,0.4835166176109551,0.6210434673600878,0.01023753407161149,0.008445606273878886,0.08942805020183538,-0.09872547832596615,0.17208608808260636,0.06286638027390092,0.0387487037677151,-0.045810519214291814,-0.03410385804981278,1.3723132012502506,1.0,1.0,0.7106598984771574,0.5939086294416244,0.6395939086294417,0.07699757736464331,False,False
S6_AT_OPEN_H6,153,6,AT_LEAST,OPEN_T1,6,False,False,197,20,0.5279187817258884,0.45834072520779123,0.5964288431103743,0.012656299872587883,0.006135660005629065,0.09637767414049052,-0.11125997329689669,0.18855109601469455,0.06824383052283572,0.04154975178070374,-0.050959926367433295,-0.03836005682971383,1.3391665841661806,1.0,1.0,0.7106598984771574,0.5939086294416244,0.6395939086294417,0.23813335753399228,False,False
S6_AT_OPEN_H7,154,6,AT_LEAST,OPEN_T1,7,False,False,197,20,0.5279187817258884,0.45834072520779123,0.5964288431103743,0.014285690500471956,0.006181962653953165,0.11190071440785414,-0.14628100514605297,0.2047827295469282,0.07395760371663107,0.048215754772095866,-0.05601586878683783,-0.04267302618226113,1.3202973607009207,1.0,1.0,0.7106598984771574,0.5939086294416244,0.6395939086294417,0.23813335753399228,False,False
S6_EX_CLOS_H1,155,6,EXACT,CLOSE_T,1,False,False,129,20,0.5193798449612403,0.4338555617362693,0.6037832902033867,-0.0016693937246495807,0.0016073940124572692,0.03390538189020463,-0.058045997273615646,0.03786389295682975,0.01887407043744842,0.014452610794208093,-0.018148664537596105,-0.013453413386702176,1.0399702081852684,1.0,1.5,0.7441860465116279,0.5658914728682171,0.5813953488372093,0.36242718348587927,False,False
S6_EX_CLOS_H2,156,6,EXACT,CLOSE_T,2,False,False,129,20,0.4883720930232558,0.40370476711526254,0.5737119217209439,-0.0005295998265020252,-0.0003007217321571886,0.04494383786648822,-0.07039495751349839,0.07073615040212085,0.027716553154163097,0.01814658210007049,-0.027711658889293514,-0.020817669172932363,1.0001766139258979,1.0,1.5,0.7441860465116279,0.5658914728682171,0.5813953488372093,0.6375728165141208,False,False
S6_EX_CLOS_H3,157,6,EXACT,CLOSE_T,3,False,False,129,20,0.5116279069767442,0.4262880782790561,0.5962952328847375,0.0034880142341021368,0.0006762087230925535,0.05613982871460777,-0.07143733312646791,0.08153209027083094,0.034555957875407786,0.025903762603491982,-0.03601380708147894,-0.02977327728951733,0.95951971412595,1.0,1.5,0.7441860465116279,0.5658914728682171,0.5813953488372093,0.4301553393082159,False,False
S6_EX_CLOS_H4,158,6,EXACT,CLOSE_T,4,False,False,129,20,0.5348837209302325,0.4490502446726789,0.6186996888187015,0.005136198508647076,0.00345754898194386,0.07886891832553541,-0.08661958269328103,0.097537244207355,0.04426099599545321,0.029836963444147255,-0.043587172132365695,-0.0349678783443116,1.0154592241277145,1.0,1.5,0.7441860465116279,0.5658914728682171,0.5813953488372093,0.24067705262878292,False,False
S6_EX_CLOS_H5,159,6,EXACT,CLOSE_T,5,False,False,129,20,0.4573643410852713,0.37387206795476996,0.5433224577779872,0.0020820559381675425,-0.0025327771156139216,0.08321261888572755,-0.10055255661177341,0.12018547399504828,0.05132377126577278,0.0329913498290082,-0.04780500054877192,-0.03718845526320719,1.073606749850592,1.0,1.5,0.7441860465116279,0.5658914728682171,0.5813953488372093,0.8546560726096315,False,False
S6_EX_CLOS_H6,160,6,EXACT,CLOSE_T,6,False,False,129,20,0.49612403100775193,0.41121268792455234,0.5812595416875165,-0.0028961028629244695,-0.004067127344521229,0.0864223997695532,-0.12571708478172217,0.12199463679031693,0.0557535476071537,0.03443511531512376,-0.0549597545845619,-0.04236994219653186,1.0144431689805031,1.0,1.5,0.7441860465116279,0.5658914728682171,0.5813953488372093,0.5698446606917841,False,False
S6_EX_CLOS_H7,161,6,EXACT,CLOSE_T,7,False,False,129,20,0.4806201550387597,0.3962167097966134,0.5661444382637307,-0.0028758308528029322,-0.00633755837224809,0.0837969820985915,-0.12697823414164475,0.12164801070143144,0.05833609878742302,0.03740869683937463,-0.05917495057518992,-0.047087980173482015,0.9858242080540308,1.0,1.5,0.7441860465116279,0.5658914728682171,0.5813953488372093,0.7012575003470629,False,False
S6_EX_OPEN_H1,162,6,EXACT,OPEN_T1,1,False,False,129,20,0.4883720930232558,0.40370476711526254,0.5737119217209439,-0.00368769280481923,-0.0014912792582505983,0.03927946678644196,-0.07037813303623577,0.045536658823169755,0.01333810153306444,0.009260181220750698,-0.022015963441875987,-0.01395721313350874,0.6058377398871578,1.0,1.0,0.6666666666666666,0.5271317829457365,0.5813953488372093,0.6375728165141208,False,False
S6_EX_OPEN_H2,163,6,EXACT,OPEN_T1,2,False,False,129,20,0.5348837209302325,0.4490502446726789,0.6186996888187015,0.00024041130700190412,0.001256281407035149,0.04965095272646419,-0.07071938944584485,0.07477185064190556,0.02464061700867496,0.020101066816395317,-0.031852974656239534,-0.02662619254119682,0.7735734974393741,1.0,1.0,0.6666666666666666,0.5271317829457365,0.5813953488372093,0.24067705262878292,False,False
S6_EX_OPEN_H3,164,6,EXACT,OPEN_T1,3,False,False,129,20,0.5116279069767442,0.4262880782790561,0.5962952328847375,0.0016530824889253344,0.0024720081430855485,0.06948348403917358,-0.07965458129552319,0.09101442280621308,0.03490974593971877,0.023401879594305394,-0.040549628932112496,-0.03057712657712661,0.8609140665174538,1.0,1.0,0.6666666666666666,0.5271317829457365,0.5813953488372093,0.4301553393082159,False,False
S6_EX_OPEN_H4,165,6,EXACT,OPEN_T1,4,False,False,129,20,0.46511627906976744,0.38130031118129837,0.550949755327321,-0.001335851681537177,-0.005952133194588999,0.07599228705471385,-0.09914323580925669,0.11513330775883104,0.04285271663658408,0.030598728364535532,-0.04546552022921397,-0.03562599970917551,0.9425321962784663,1.0,1.0,0.6666666666666666,0.5271317829457365,0.5813953488372093,0.8106561686534408,False,False
S6_EX_OPEN_H5,166,6,EXACT,OPEN_T1,5,False,False,129,20,0.4728682170542636,0.3887485438414131,0.5585570634430687,-0.006284983463005263,-0.007109053287168903,0.0794948779953934,-0.12752263109814946,0.1148024248186967,0.04813609283624901,0.03286016309272122,-0.053017691762062995,-0.042901234567901146,0.9079250951225487,1.0,1.0,0.6666666666666666,0.5271317829457365,0.5813953488372093,0.7593229473712171,False,False
S6_EX_OPEN_H6,167,6,EXACT,OPEN_T1,6,False,False,129,20,0.4728682170542636,0.3887485438414131,0.5585570634430687,-0.00618468324828977,-0.0034277807478223584,0.07811304586557463,-0.12068485187771835,0.10063996116190634,0.050896367711826464,0.03559375000000009,-0.05724612076574608,-0.05025125628140708,0.8890797669958613,1.0,1.0,0.6666666666666666,0.5271317829457365,0.5813953488372093,0.7593229473712171,False,False
S6_EX_OPEN_H7,168,6,EXACT,OPEN_T1,7,False,False,129,20,0.4728682170542636,0.3887485438414131,0.5585570634430687,-0.007935717424929403,-0.0026719891832726527,0.08930396798607747,-0.16025630991316464,0.13263822956153629,0.05423310015572165,0.0392256749872645,-0.06278530469824374,-0.052812295618051,0.8637865248305259,1.0,1.0,0.6666666666666666,0.5271317829457365,0.5813953488372093,0.7593229473712171,False,False
S7_AT_CLOS_H1,169,7,AT_LEAST,CLOSE_T,1,False,False,68,16,0.6029411764705882,0.48416055016632126,0.7107129981971936,0.013154214493600432,0.00903082828360605,0.040750433977247195,-0.04106568922737826,0.0856928257436875,0.0314869767796023,0.021267470839158024,-0.013815134127817586,-0.013323317158815368,2.279165478111531,1.0,1.0,0.8235294117647058,0.75,0.7941176470588235,0.057127153424961635,False,False
S7_AT_CLOS_H2,170,7,AT_LEAST,CLOSE_T,2,False,False,68,16,0.6911764705882353,0.5736318830649045,0.7882761353244803,0.02761003604689648,0.020722076149044533,0.06294864768065488,-0.07411877002047805,0.15064331040211593,0.051620927831587546,0.031355551863586795,-0.022468072237231133,-0.016571615598346683,2.297523672104282,1.0,1.0,0.8235294117647058,0.75,0.7941176470588235,0.0010931215888430857,True,True
S7_AT_CLOS_H3,171,7,AT_LEAST,CLOSE_T,3,False,False,68,16,0.7058823529411765,0.5889372027651877,0.8008098939618421,0.03534890694721532,0.023097996811117495,0.07448666545998617,-0.05745991912101053,0.1672275324268318,0.06775199521462942,0.042916612160487026,-0.028862853790795815,-0.019110588898652782,2.3473768638995467,1.0,1.0,0.8235294117647058,0.75,0.7941176470588235,0.00045719536064377925,True,True
S7_AT_CLOS_H4,172,7,AT_LEAST,CLOSE_T,4,False,False,68,16,0.7058823529411765,0.5889372027651877,0.8008098939618421,0.03695935680857,0.014666993537728212,0.08381572582578588,-0.0771535212835126,0.1781795366356601,0.0819603815958051,0.05555718270057952,-0.03216168615347796,-0.025093638838928733,2.5483857159939953,1.0,1.0,0.8235294117647058,0.75,0.7941176470588235,0.00045719536064377925,True,True
S7_AT_CLOS_H5,173,7,AT_LEAST,CLOSE_T,5,False,False,68,16,0.7205882352941176,0.604365654302676,0.8132205207619988,0.040545604633769564,0.029570162437468663,0.08200749236146951,-0.08172546769523259,0.1744167574730746,0.0912322928667286,0.06713400972273058,-0.03538035986081231,-0.027516389755160305,2.5786140453528437,1.0,1.0,0.8235294117647058,0.75,0.7941176470588235,0.00017897763580658268,True,True
S7_AT_CLOS_H6,174,7,AT_LEAST,CLOSE_T,6,False,False,68,16,0.6617647058823529,0.543372393866649,0.7628574678474458,0.04692984844982611,0.021081757897679538,0.10024522126135696,-0.08035064475465986,0.23677184461047188,0.10063273204146221,0.06829971597053014,-0.03875039102033951,-0.030630025106261602,2.596947524700888,1.0,1.0,0.8235294117647058,0.75,0.7941176470588235,0.00516883059684773,True,True
S7_AT_CLOS_H7,175,7,AT_LEAST,CLOSE_T,7,False,False,68,16,0.6470588235294118,0.5284105522251017,0.7499802311513482,0.053889101124846864,0.025801372116803455,0.11823663977986815,-0.06714248745552456,0.28488358669997993,0.11035649537353744,0.07029907192613266,-0.04506675560975407,-0.032809121720397565,2.4487339698722916,1.0,1.0,0.8235294117647058,0.75,0.7941176470588235,0.010263466856853535,True,True
S7_AT_OPEN_H1,176,7,AT_LEAST,OPEN_T1,1,False,False,68,16,0.6470588235294118,0.5284105522251017,0.7499802311513482,0.022194530357636473,0.01758436934957333,0.05807444484398918,-0.06916448689834108,0.12315924341587925,0.037808941544572074,0.022618129672570708,-0.006561612678470898,-0.005652988351476593,5.762141625430865,1.0,1.0,0.7941176470588235,0.7205882352941176,0.75,0.010263466856853535,True,True
S7_AT_OPEN_H2,177,7,AT_LEAST,OPEN_T1,2,False,False,68,16,0.6617647058823529,0.543372393866649,0.7628574678474458,0.030134405211053653,0.02715751349392777,0.0738756228197001,-0.07132707500493314,0.14975956887819658,0.05640558694377307,0.039483750984986965,-0.015656498219217847,-0.006344721517898512,3.60269494199776,1.0,1.0,0.7941176470588235,0.7205882352941176,0.75,0.00516883059684773,True,True
S7_AT_OPEN_H3,178,7,AT_LEAST,OPEN_T1,3,False,False,68,16,0.6764705882352942,0.5584449810050397,0.7756239590467001,0.03153842405745479,0.016176245886224808,0.07985232926284128,-0.08035800403507244,0.18189442121569444,0.0713761512533992,0.050411641769502094,-0.02345960603368329,-0.014171897729742488,3.0425127835018784,1.0,1.0,0.7941176470588235,0.7205882352941176,0.75,0.0024516912581779675,True,True
S7_AT_OPEN_H4,179,7,AT_LEAST,OPEN_T1,4,False,False,68,16,0.6911764705882353,0.5736318830649045,0.7882761353244803,0.03530624634796921,0.03272665979428088,0.08084992607826373,-0.09656222570532912,0.18706276550673864,0.08141124540509034,0.05815473803360009,-0.02778512767873042,-0.016436579315109626,2.9300295592095065,1.0,1.0,0.7941176470588235,0.7205882352941176,0.75,0.0010931215888430857,True,True
S7_AT_OPEN_H5,180,7,AT_LEAST,OPEN_T1,5,False,False,68,16,0.7058823529411765,0.5889372027651877,0.8008098939618421,0.041581721747575635,0.02161524618020952,0.09838793152307242,-0.08549363495462424,0.22141405774715897,0.09081060203062294,0.06438445252992812,-0.03213808893984352,-0.018257490586267598,2.82563789653465,1.0,1.0,0.7941176470588235,0.7205882352941176,0.75,0.00045719536064377925,True,True
S7_AT_OPEN_H6,181,7,AT_LEAST,OPEN_T1,6,False,False,68,16,0.6323529411764706,0.5135563563911616,0.7369953486476433,0.04839875314601755,0.024351232538617033,0.11568773512083673,-0.07547988965346775,0.25967176332534814,0.10115298791430917,0.07056683208658138,-0.03903464581769287,-0.02288582320272258,2.5913643071525065,1.0,1.0,0.7941176470588235,0.7205882352941176,0.75,0.019230026674463753,True,True
S7_AT_OPEN_H7,182,7,AT_LEAST,OPEN_T1,7,False,False,68,16,0.6323529411764706,0.5135563563911616,0.7369953486476433,0.056441008476601,0.0345495139806512,0.1357684113529976,-0.09134387687675266,0.32051312811847354,0.11137614723659159,0.07361051182859696,-0.04317385066078835,-0.02288582320272258,2.5797130793743723,1.0,1.0,0.7941176470588235,0.7205882352941176,0.75,0.019230026674463753,True,True
S7_EX_CLOS_H1,183,7,EXACT,CLOSE_T,1,False,False,45,16,0.5333333333333333,0.3907745474012537,0.670648679349887,0.009427957683738174,0.0016660854740594632,0.04000785885560371,-0.03995630772432556,0.07872272022728792,0.02809892366548594,0.01872287662740224,-0.011025761535012585,-0.014106152917284117,2.5484791754526066,1.0,2.0,0.7555555555555555,0.6666666666666666,0.7777777777777778,0.3829959121223965,False,False
S7_EX_CLOS_H2,184,7,EXACT,CLOSE_T,2,False,False,45,16,0.6,0.45451854590351387,0.7297511343499083,0.017761064083791203,0.012974296205630382,0.06235557528217457,-0.07458201505666487,0.14801424832154345,0.04326098874371239,0.025723602109415943,-0.021360949760082407,-0.022690638561686453,2.0252371373746207,1.0,2.0,0.7555555555555555,0.6666666666666666,0.7777777777777778,0.11634659595415542,False,False
S7_EX_CLOS_H3,185,7,EXACT,CLOSE_T,3,False,False,45,16,0.6666666666666666,0.5207048830990042,0.7864112506566996,0.023902432551418683,0.011818482542928421,0.07492276093462778,-0.0613919039366237,0.1628137900221256,0.05699838135118178,0.0362664186911543,-0.030051651764593634,-0.02515677409946045,1.8966804819140206,1.0,2.0,0.7555555555555555,0.6666666666666666,0.7777777777777778,0.017848901777597348,True,True
S7_EX_CLOS_H4,186,7,EXACT,CLOSE_T,4,False,False,45,16,0.6,0.45451854590351387,0.7297511343499083,0.027067492744460086,0.010590913590022698,0.08975066302430151,-0.09071798824473404,0.18646710891204712,0.07096412386351882,0.0420989077336847,-0.03392094801009918,-0.03167641325536063,2.0920442389284313,1.0,2.0,0.7555555555555555,0.6666666666666666,0.7777777777777778,0.11634659595415542,False,False
S7_EX_CLOS_H5,187,7,EXACT,CLOSE_T,5,False,False,45,16,0.6222222222222222,0.47629934480889535,0.7489191532786209,0.024306038999341938,0.015865157944365906,0.08018506060812607,-0.09409288661943102,0.15225412043571396,0.07926634154548445,0.04609218436873756,-0.03780302208904772,-0.03205435946674553,2.0968255225406827,1.0,2.0,0.7555555555555555,0.6666666666666666,0.7777777777777778,0.0675782254228352,False,False
S7_EX_CLOS_H6,188,7,EXACT,CLOSE_T,6,False,False,45,16,0.6,0.45451854590351387,0.7297511343499083,0.025573962497178408,0.01197927908482624,0.0876836532320138,-0.08242987391314817,0.20364988263388556,0.08235329238183679,0.050825389444315174,-0.04131206029794364,-0.0335638839740496,1.9934443304909688,1.0,2.0,0.7555555555555555,0.6666666666666666,0.7777777777777778,0.11634659595415542,False,False
S7_EX_CLOS_H7,189,7,EXACT,CLOSE_T,7,False,False,45,16,0.5777777777777777,0.4330078870920313,0.710312975327297,0.0273856231866323,0.009502128080768026,0.0993932532235251,-0.08805924726884508,0.2009628996440573,0.088103950453325,0.05617862446868438,-0.04875818090855856,-0.03365286559249436,1.8069572902761852,1.0,2.0,0.7555555555555555,0.6666666666666666,0.7777777777777778,0.1856490172355052,False,False
S7_EX_OPEN_H1,190,7,EXACT,OPEN_T1,1,False,False,45,16,0.5555555555555556,0.4117613449352105,0.6906106996500243,0.00900898891628003,0.001792488223769256,0.05287368479676807,-0.06975580009351266,0.10949114553048424,0.023273085967281764,0.010123855681206375,-0.014039260748002179,-0.011159939863536526,1.6577144897457354,1.0,1.0,0.6888888888888889,0.6444444444444445,0.7111111111111111,0.2757421649012599,False,False
S7_EX_OPEN_H2,191,7,EXACT,OPEN_T1,2,False,False,45,16,0.5777777777777777,0.4330078870920313,0.710312975327297,0.015392167856345586,0.012134462968024045,0.07141807603017714,-0.09604080820904386,0.12640018707526246,0.03966140734096713,0.027786182551689312,-0.02376166330670741,-0.012638230647709331,1.669134303816668,1.0,1.0,0.6888888888888889,0.6444444444444445,0.7111111111111111,0.1856490172355052,False,False
S7_EX_OPEN_H3,192,7,EXACT,OPEN_T1,3,False,False,45,16,0.5777777777777777,0.4330078870920313,0.710312975327297,0.018200529879255453,0.008096366508688717,0.08148739888896751,-0.09194160166331188,0.18700091656093212,0.05440276835480739,0.028639463922460154,-0.032232844302761215,-0.020859940400170245,1.687805390172998,1.0,1.0,0.6888888888888889,0.6444444444444445,0.7111111111111111,0.1856490172355052,False,False
S7_EX_OPEN_H4,193,7,EXACT,OPEN_T1,4,False,False,45,16,0.5777777777777777,0.4330078870920313,0.710312975327297,0.015749692873264207,0.01714573877962671,0.07560730552570548,-0.09788872727272731,0.13201159828746398,0.06378069554128092,0.0387487037677151,-0.03658986713416585,-0.021929824561403518,1.7431245461322156,1.0,1.0,0.6888888888888889,0.6444444444444445,0.7111111111111111,0.1856490172355052,False,False
S7_EX_OPEN_H5,194,7,EXACT,OPEN_T1,5,False,False,45,16,0.6222222222222222,0.47629934480889535,0.7489191532786209,0.017003688024438295,0.011052424498944743,0.08360615189798766,-0.08993946809792634,0.17818512805478876,0.06687965817917045,0.0387487037677151,-0.04010122875263407,-0.025647162059750334,1.6677707955464438,1.0,1.0,0.6888888888888889,0.6444444444444445,0.7111111111111111,0.0675782254228352,False,False
S7_EX_OPEN_H6,195,7,EXACT,OPEN_T1,6,False,False,45,16,0.5555555555555556,0.4117613449352105,0.6906106996500243,0.01865658941094113,0.007881773399014785,0.09404576269778334,-0.08999107747273556,0.1873325484519879,0.07354792549827519,0.04004034291477558,-0.04759829936987043,-0.02650814442989001,1.5451796907019495,1.0,1.0,0.6888888888888889,0.6444444444444445,0.7111111111111111,0.2757421649012599,False,False
S7_EX_OPEN_H7,196,7,EXACT,OPEN_T1,7,False,False,45,16,0.5555555555555556,0.4117613449352105,0.6906106996500243,0.0234374961682671,0.011749873928391245,0.11323244908578094,-0.13570795738192415,0.2482910198052631,0.08241879318855018,0.04994,-0.05248752560088974,-0.027511667894866063,1.5702548795166114,1.0,1.0,0.6888888888888889,0.6444444444444445,0.7111111111111111,0.2757421649012599,False,False
