timestamp,equity,returns
2020-01-01,100000.0,0.0
2020-01-02,100000.0,0.0
2020-01-03,100000.0,0.0
2020-01-06,100000.0,0.0
2020-01-07,100000.0,0.0
2020-01-08,100000.0,0.0
2020-01-09,100000.0,0.0
2020-01-10,100000.0,0.0
2020-01-13,100000.0,0.0
2020-01-14,100000.0,0.0
2020-01-15,100000.0,0.0
2020-01-16,100000.0,0.0
2020-01-17,100000.0,0.0
2020-01-20,100000.0,0.0
2020-01-21,100000.0,0.0
2020-01-22,100000.0,0.0
2020-01-23,100000.0,0.0
2020-01-24,100000.0,0.0
2020-01-27,100000.0,0.0
2020-01-28,100000.0,0.0
2020-01-29,100000.0,0.0
2020-01-30,100000.0,0.0
2020-01-31,100000.0,0.0
2020-02-03,100000.0,0.0
2020-02-04,100000.0,0.0
2020-02-05,100000.0,0.0
2020-02-06,100000.0,0.0
2020-02-07,100000.0,0.0
2020-02-10,100000.0,0.0
2020-02-11,100000.0,0.0
2020-02-12,100000.0,0.0
2020-02-13,100000.0,0.0
2020-02-14,100000.0,0.0
2020-02-17,100000.0,0.0
2020-02-18,100000.0,0.0
2020-02-19,100000.0,0.0
2020-02-20,100000.0,0.0
2020-02-21,100000.0,0.0
2020-02-24,100000.0,0.0
2020-02-25,100000.0,0.0
2020-02-26,100000.0,0.0
2020-02-27,100000.0,0.0
2020-02-28,100000.0,0.0
2020-03-02,100000.0,0.0
2020-03-03,100000.0,0.0
2020-03-04,100000.0,0.0
2020-03-05,100000.0,0.0
2020-03-06,100000.0,0.0
2020-03-09,100000.0,0.0
2020-03-10,100000.0,0.0
2020-03-11,100000.0,0.0
2020-03-12,100000.0,0.0
2020-03-13,100000.0,0.0
2020-03-16,100000.0,0.0
2020-03-17,100000.0,0.0
2020-03-18,100000.0,0.0
2020-03-19,100000.0,0.0
2020-03-20,100000.0,0.0
2020-03-23,100000.0,0.0
2020-03-24,100000.0,0.0
2020-03-25,100000.0,0.0
2020-03-26,100000.0,0.0
2020-03-27,100000.0,0.0
2020-03-30,100000.0,0.0
2020-03-31,100000.0,0.0
2020-04-01,100000.0,0.0
2020-04-02,100000.0,0.0
2020-04-03,100000.0,0.0
2020-04-06,100000.0,0.0
2020-04-07,100000.0,0.0
2020-04-08,100000.0,0.0
2020-04-09,100000.0,0.0
2020-04-10,100000.0,0.0
2020-04-13,100000.0,0.0
2020-04-14,100000.0,0.0
2020-04-15,100000.0,0.0
2020-04-16,100000.0,0.0
2020-04-17,100000.0,0.0
2020-04-20,100000.0,0.0
2020-04-21,100000.0,0.0
2020-04-22,100000.0,0.0
2020-04-23,100000.0,0.0
2020-04-24,100000.0,0.0
2020-04-27,100000.0,0.0
2020-04-28,100000.0,0.0
2020-04-29,100000.0,0.0
2020-04-30,100000.0,0.0
2020-05-01,100000.0,0.0
2020-05-04,100000.0,0.0
2020-05-05,100000.0,0.0
2020-05-06,100000.0,0.0
2020-05-07,100000.0,0.0
2020-05-08,100000.0,0.0
2020-05-11,100000.0,0.0
2020-05-12,100000.0,0.0
2020-05-13,100000.0,0.0
2020-05-14,100000.0,0.0
2020-05-15,100000.0,0.0
2020-05-18,100000.0,0.0
2020-05-19,100000.0,0.0
2020-05-20,100000.0,0.0
2020-05-21,100000.0,0.0
2020-05-22,100000.0,0.0
2020-05-25,100000.0,0.0
2020-05-26,100000.0,0.0
2020-05-27,100000.0,0.0
2020-05-28,100000.0,0.0
2020-05-29,100000.0,0.0
2020-06-01,100000.0,0.0
2020-06-02,100000.0,0.0
2020-06-03,100000.0,0.0
2020-06-04,100000.0,0.0
2020-06-05,100000.0,0.0
2020-06-08,100000.0,0.0
2020-06-09,100000.0,0.0
2020-06-10,100000.0,0.0
2020-06-11,100000.0,0.0
2020-06-12,100000.0,0.0
2020-06-15,100000.0,0.0
2020-06-16,100000.0,0.0
2020-06-17,100000.0,0.0
2020-06-18,100000.0,0.0
2020-06-19,100000.0,0.0
2020-06-22,100000.0,0.0
2020-06-23,100000.0,0.0
2020-06-24,100000.0,0.0
2020-06-25,100000.0,0.0
2020-06-26,100000.0,0.0
2020-06-29,100000.0,0.0
2020-06-30,100000.0,0.0
2020-07-01,100000.0,0.0
2020-07-02,100000.0,0.0
2020-07-03,100000.0,0.0
2020-07-06,100000.0,0.0
2020-07-07,100000.0,0.0
2020-07-08,100000.0,0.0
2020-07-09,100000.0,0.0
2020-07-10,100000.0,0.0
2020-07-13,100000.0,0.0
2020-07-14,100000.0,0.0
2020-07-15,100000.0,0.0
2020-07-16,100000.0,0.0
2020-07-17,100000.0,0.0
2020-07-20,100000.0,0.0
2020-07-21,100000.0,0.0
2020-07-22,100000.0,0.0
2020-07-23,100000.0,0.0
2020-07-24,100000.0,0.0
2020-07-27,100000.0,0.0
2020-07-28,100000.0,0.0
2020-07-29,100000.0,0.0
2020-07-30,100000.0,0.0
2020-07-31,100000.0,0.0
2020-08-03,100000.0,0.0
2020-08-04,100000.0,0.0
2020-08-05,100000.0,0.0
2020-08-06,100000.0,0.0
2020-08-07,100000.0,0.0
2020-08-10,100000.0,0.0
2020-08-11,100000.0,0.0
2020-08-12,100000.0,0.0
2020-08-13,100000.0,0.0
2020-08-14,100000.0,0.0
2020-08-17,100000.0,0.0
2020-08-18,100000.0,0.0
2020-08-19,100000.0,0.0
2020-08-20,100000.0,0.0
2020-08-21,100000.0,0.0
2020-08-24,100000.0,0.0
2020-08-25,100000.0,0.0
2020-08-26,100000.0,0.0
2020-08-27,100000.0,0.0
2020-08-28,100000.0,0.0
2020-08-31,100000.0,0.0
2020-09-01,100000.0,0.0
2020-09-02,100000.0,0.0
2020-09-03,100000.0,0.0
2020-09-04,100000.0,0.0
2020-09-07,100000.0,0.0
2020-09-08,100000.0,0.0
2020-09-09,100000.0,0.0
2020-09-10,100000.0,0.0
2020-09-11,100000.0,0.0
2020-09-14,100000.0,0.0
2020-09-15,100000.0,0.0
2020-09-16,100000.0,0.0
2020-09-17,100000.0,0.0
2020-09-18,100000.0,0.0
2020-09-21,100000.0,0.0
2020-09-22,100000.0,0.0
2020-09-23,100000.0,0.0
2020-09-24,100000.0,0.0
2020-09-25,100000.0,0.0
2020-09-28,100000.0,0.0
2020-09-29,100000.0,0.0
2020-09-30,100000.0,0.0
2020-10-01,100000.0,0.0
2020-10-02,100000.0,0.0
2020-10-05,100000.0,0.0
2020-10-06,100000.0,0.0
2020-10-07,100000.0,0.0
2020-10-08,100000.0,0.0
2020-10-09,100000.0,0.0
2020-10-12,100000.0,0.0
2020-10-13,100000.0,0.0
2020-10-14,100000.0,0.0
2020-10-15,100000.0,0.0
2020-10-16,100000.0,0.0
2020-10-19,100000.0,0.0
2020-10-20,100000.0,0.0
2020-10-21,100000.0,0.0
2020-10-22,100000.0,0.0
2020-10-23,100000.0,0.0
2020-10-26,100000.0,0.0
2020-10-27,100000.0,0.0
2020-10-28,100000.0,0.0
2020-10-29,100000.0,0.0
2020-10-30,100000.0,0.0
2020-11-02,100000.0,0.0
2020-11-03,100000.0,0.0
2020-11-04,100000.0,0.0
2020-11-05,100000.0,0.0
2020-11-06,100000.0,0.0
2020-11-09,100000.0,0.0
2020-11-10,100000.0,0.0
2020-11-11,100000.0,0.0
2020-11-12,100000.0,0.0
2020-11-13,100000.0,0.0
2020-11-16,100000.0,0.0
2020-11-17,100000.0,0.0
2020-11-18,100000.0,0.0
2020-11-19,100000.0,0.0
2020-11-20,100000.0,0.0
2020-11-23,100000.0,0.0
2020-11-24,100000.0,0.0
2020-11-25,100000.0,0.0
2020-11-26,100000.0,0.0
2020-11-27,100000.0,0.0
2020-11-30,100000.0,0.0
2020-12-01,100000.0,0.0
2020-12-02,100000.0,0.0
2020-12-03,100000.0,0.0
2020-12-04,100000.0,0.0
2020-12-07,100000.0,0.0
2020-12-08,100000.0,0.0
2020-12-09,100000.0,0.0
2020-12-10,100000.0,0.0
2020-12-11,100000.0,0.0
2020-12-14,100000.0,0.0
2020-12-15,100000.0,0.0
2020-12-16,100000.0,0.0
2020-12-17,100000.0,0.0
2020-12-18,100000.0,0.0
2020-12-21,100000.0,0.0
2020-12-22,100000.0,0.0
2020-12-23,100000.0,0.0
2020-12-24,100000.0,0.0
2020-12-25,100000.0,0.0
2020-12-28,100000.0,0.0
2020-12-29,100000.0,0.0
2020-12-30,100000.0,0.0
2020-12-31,100000.0,0.0
2021-01-01,100000.0,0.0
2021-01-04,100000.0,0.0
2021-01-05,100000.0,0.0
2021-01-06,100000.0,0.0
2021-01-07,100000.0,0.0
2021-01-08,100000.0,0.0
2021-01-11,100000.0,0.0
2021-01-12,100000.0,0.0
2021-01-13,100000.0,0.0
2021-01-14,100000.0,0.0
2021-01-15,100000.0,0.0
2021-01-18,100000.0,0.0
2021-01-19,100000.0,0.0
2021-01-20,100000.0,0.0
2021-01-21,100000.0,0.0
2021-01-22,100000.0,0.0
2021-01-25,100000.0,0.0
2021-01-26,100000.0,0.0
2021-01-27,100000.0,0.0
2021-01-28,100000.0,0.0
2021-01-29,100000.0,0.0
2021-02-01,100000.0,0.0
2021-02-02,100000.0,0.0
2021-02-03,100000.0,0.0
2021-02-04,100000.0,0.0
2021-02-05,100000.0,0.0
2021-02-08,100000.0,0.0
2021-02-09,100000.0,0.0
2021-02-10,100000.0,0.0
2021-02-11,100000.0,0.0
2021-02-12,100000.0,0.0
2021-02-15,100000.0,0.0
2021-02-16,100000.0,0.0
2021-02-17,100000.0,0.0
2021-02-18,100000.0,0.0
2021-02-19,100000.0,0.0
2021-02-22,100000.0,0.0
2021-02-23,100000.0,0.0
2021-02-24,100000.0,0.0
2021-02-25,100000.0,0.0
2021-02-26,100000.0,0.0
2021-03-01,100000.0,0.0
2021-03-02,100000.0,0.0
2021-03-03,100000.0,0.0
2021-03-04,100000.0,0.0
2021-03-05,100000.0,0.0
2021-03-08,100000.0,0.0
2021-03-09,100000.0,0.0
2021-03-10,100000.0,0.0
2021-03-11,100000.0,0.0
2021-03-12,100000.0,0.0
2021-03-15,100000.0,0.0
2021-03-16,100000.0,0.0
2021-03-17,100000.0,0.0
2021-03-18,100000.0,0.0
2021-03-19,100000.0,0.0
2021-03-22,100000.0,0.0
2021-03-23,100000.0,0.0
2021-03-24,100000.0,0.0
2021-03-25,100000.0,0.0
2021-03-26,100000.0,0.0
2021-03-29,100000.0,0.0
2021-03-30,100000.0,0.0
2021-03-31,100000.0,0.0
2021-04-01,100000.0,0.0
2021-04-02,100000.0,0.0
2021-04-05,100000.0,0.0
2021-04-06,100000.0,0.0
2021-04-07,100000.0,0.0
2021-04-08,100000.0,0.0
2021-04-09,100000.0,0.0
2021-04-12,100000.0,0.0
2021-04-13,100000.0,0.0
2021-04-14,100000.0,0.0
2021-04-15,100000.0,0.0
2021-04-16,100000.0,0.0
2021-04-19,100000.0,0.0
2021-04-20,100000.0,0.0
2021-04-21,100000.0,0.0
2021-04-22,100000.0,0.0
2021-04-23,100000.0,0.0
2021-04-26,100000.0,0.0
2021-04-27,100000.0,0.0
2021-04-28,100000.0,0.0
2021-04-29,100000.0,0.0
2021-04-30,100000.0,0.0
2021-05-03,100000.0,0.0
2021-05-04,100000.0,0.0
2021-05-05,100000.0,0.0
2021-05-06,100000.0,0.0
2021-05-07,100000.0,0.0
2021-05-10,100000.0,0.0
2021-05-11,100000.0,0.0
2021-05-12,100000.0,0.0
2021-05-13,100000.0,0.0
2021-05-14,100000.0,0.0
2021-05-17,100000.0,0.0
2021-05-18,100000.0,0.0
2021-05-19,100000.0,0.0
2021-05-20,100000.0,0.0
2021-05-21,100000.0,0.0
2021-05-24,100000.0,0.0
2021-05-25,100000.0,0.0
2021-05-26,100000.0,0.0
2021-05-27,100000.0,0.0
2021-05-28,100000.0,0.0
2021-05-31,100000.0,0.0
2021-06-01,100000.0,0.0
2021-06-02,100000.0,0.0
2021-06-03,100000.0,0.0
2021-06-04,100000.0,0.0
2021-06-07,100000.0,0.0
2021-06-08,100000.0,0.0
2021-06-09,100000.0,0.0
2021-06-10,100000.0,0.0
2021-06-11,100000.0,0.0
2021-06-14,100000.0,0.0
2021-06-15,100000.0,0.0
2021-06-16,100000.0,0.0
2021-06-17,100000.0,0.0
2021-06-18,100000.0,0.0
2021-06-21,100000.0,0.0
2021-06-22,100000.0,0.0
2021-06-23,100000.0,0.0
2021-06-24,100000.0,0.0
2021-06-25,100000.0,0.0
2021-06-28,100000.0,0.0
2021-06-29,100000.0,0.0
2021-06-30,100000.0,0.0
2021-07-01,100000.0,0.0
2021-07-02,100000.0,0.0
2021-07-05,100000.0,0.0
2021-07-06,100000.0,0.0
2021-07-07,100000.0,0.0
2021-07-08,100000.0,0.0
2021-07-09,100000.0,0.0
2021-07-12,100000.0,0.0
2021-07-13,100000.0,0.0
2021-07-14,100000.0,0.0
2021-07-15,100000.0,0.0
2021-07-16,100000.0,0.0
2021-07-19,100000.0,0.0
2021-07-20,100000.0,0.0
2021-07-21,100000.0,0.0
2021-07-22,100000.0,0.0
2021-07-23,100000.0,0.0
2021-07-26,100000.0,0.0
2021-07-27,100000.0,0.0
2021-07-28,100000.0,0.0
2021-07-29,100000.0,0.0
2021-07-30,100000.0,0.0
2021-08-02,100000.0,0.0
2021-08-03,100000.0,0.0
2021-08-04,100000.0,0.0
2021-08-05,100000.0,0.0
2021-08-06,100000.0,0.0
2021-08-09,100000.0,0.0
2021-08-10,100000.0,0.0
2021-08-11,100000.0,0.0
2021-08-12,100000.0,0.0
2021-08-13,100000.0,0.0
2021-08-16,100000.0,0.0
2021-08-17,100000.0,0.0
2021-08-18,100000.0,0.0
2021-08-19,100000.0,0.0
2021-08-20,100000.0,0.0
2021-08-23,100000.0,0.0
2021-08-24,100000.0,0.0
2021-08-25,100000.0,0.0
2021-08-26,100000.0,0.0
2021-08-27,100000.0,0.0
2021-08-30,100000.0,0.0
2021-08-31,100000.0,0.0
2021-09-01,100000.0,0.0
2021-09-02,100000.0,0.0
2021-09-03,100000.0,0.0
2021-09-06,100000.0,0.0
2021-09-07,100000.0,0.0
2021-09-08,100000.0,0.0
2021-09-09,100000.0,0.0
2021-09-10,100000.0,0.0
2021-09-13,100000.0,0.0
2021-09-14,100000.0,0.0
2021-09-15,100000.0,0.0
2021-09-16,100000.0,0.0
2021-09-17,100000.0,0.0
2021-09-20,100000.0,0.0
2021-09-21,100000.0,0.0
2021-09-22,100000.0,0.0
2021-09-23,100000.0,0.0
2021-09-24,100000.0,0.0
2021-09-27,100000.0,0.0
2021-09-28,100000.0,0.0
2021-09-29,100000.0,0.0
2021-09-30,100000.0,0.0
2021-10-01,100000.0,0.0
2021-10-04,100000.0,0.0
2021-10-05,100000.0,0.0
2021-10-06,100000.0,0.0
2021-10-07,100000.0,0.0
2021-10-08,100000.0,0.0
2021-10-11,100000.0,0.0
2021-10-12,100000.0,0.0
2021-10-13,100000.0,0.0
2021-10-14,100000.0,0.0
2021-10-15,100000.0,0.0
2021-10-18,100000.0,0.0
2021-10-19,100000.0,0.0
2021-10-20,100000.0,0.0
2021-10-21,100000.0,0.0
2021-10-22,100000.0,0.0
2021-10-25,100000.0,0.0
2021-10-26,100000.0,0.0
2021-10-27,100016.98980611633,0.0001698980611632578
2021-10-28,100085.06448143403,0.0006806311152702299
2021-10-29,100303.78674452887,0.0021853636626812736
2021-11-01,100303.78674452887,0.0
2021-11-02,100303.78674452887,0.0
2021-11-03,100317.69419790548,0.00013865332334892367
2021-11-04,100328.14356457727,0.00010416274771203896
2021-11-05,100328.14356457727,0.0
2021-11-08,100347.36086422706,0.00019154445569316775
2021-11-09,100385.5381494449,0.0003804513132088755
2021-11-10,100376.73521051096,-8.76913059013575e-05
2021-11-11,100377.04982456354,3.1343323920515957e-06
2021-11-12,100355.42765936241,-0.00021540945105400733
2021-11-15,100401.99952879622,0.0004640692638159371
2021-11-16,100401.99952879622,0.0
2021-11-17,100439.80409639608,0.00037653201905620985
2021-11-18,100421.39529865142,-0.00018328189615935444
2021-11-19,100514.22862206331,0.0009244376971242658
2021-11-22,100458.47379694482,-0.0005546958463774567
2021-11-23,100518.90711033036,0.0006015750697914517
2021-11-24,100553.27244144493,0.0003418792752775925
2021-11-25,100531.03130152155,-0.00022118762903846904
2021-11-26,100531.03130152155,0.0
2021-11-29,100322.24829458717,-0.0020768016027625925
2021-11-30,100254.68833895338,-0.0006734294414476708
2021-12-01,100252.53055681962,-2.152300475425825e-05
2021-12-02,100246.12117019067,-6.393241739982884e-05
2021-12-03,100169.76800308103,-0.0007616570717984748
2021-12-06,100169.76800308103,0.0
2021-12-07,100121.02164155529,-0.0004866374605584043
2021-12-08,100125.88503734989,4.857517147609498e-05
2021-12-09,100125.88503734989,0.0
2021-12-10,100133.48909284614,7.594495163180136e-05
2021-12-13,99748.29925873167,-0.0038467633316693135
2021-12-14,99768.98526491961,0.00020738204402147477
2021-12-15,99670.0663546482,-0.00099147956660833
2021-12-16,99593.19630983606,-0.0007712450450129873
2021-12-17,99585.14788626283,-8.08129859412329e-05
2021-12-20,99614.05856544616,0.0002903111537912461
2021-12-21,99786.93987074548,0.0017355111094659237
2021-12-22,99783.62231184152,-3.324642391336394e-05
2021-12-23,99783.62231184152,0.0
2021-12-24,99783.62231184152,0.0
2021-12-27,99783.62231184152,0.0
2021-12-28,99783.62231184152,0.0
2021-12-29,99783.62231184152,0.0
2021-12-30,99795.84226779427,0.00012246454547983057
2021-12-31,99810.63007291936,0.00014818057334900074
2022-01-03,100280.98162382605,0.004712439452221319
2022-01-04,99108.34949455527,-0.011693464805416085
2022-01-05,98995.52180235994,-0.0011384277184589826
2022-01-06,98966.74517846445,-0.0002906861176300975
2022-01-07,97949.78082138606,-0.010275818965699308
2022-01-10,97911.99646643751,-0.00038575231748033526
2022-01-11,98098.49908138943,0.0019047984075765483
2022-01-12,98098.49908138943,0.0
2022-01-13,98062.91929916985,-0.0003626944606976612
2022-01-14,98062.91929916985,0.0
2022-01-17,97859.13562494832,-0.002078091042750087
2022-01-18,97859.13562494832,0.0
2022-01-19,97809.48695127328,-0.0005073483774199624
2022-01-20,97809.48695127328,0.0
2022-01-21,96797.28209083005,-0.010348739084456039
2022-01-24,96989.40343040315,0.001984780310182937
2022-01-25,96964.9133287962,-0.00025250285846455675
2022-01-26,96964.9133287962,0.0
2022-01-27,96945.81182982682,-0.0001969939260875592
2022-01-28,96945.81182982682,0.0
2022-01-31,97009.64022703936,0.0006583925185399059
2022-02-01,97009.64022703936,0.0
2022-02-02,97009.64022703936,0.0
2022-02-03,97009.64022703936,0.0
2022-02-04,97009.64022703936,0.0
2022-02-07,97044.60920617077,0.000360469114714529
2022-02-08,97044.60920617077,0.0
2022-02-09,96997.8558679465,-0.00048177161623621845
2022-02-10,96997.8558679465,0.0
2022-02-11,96997.8558679465,0.0
2022-02-14,96994.87453111507,-3.0736110656859664e-05
2022-02-15,96961.92175758118,-0.0003397372664606264
2022-02-16,96837.853960971,-0.0012795517494008297
2022-02-17,96837.853960971,0.0
2022-02-18,96837.853960971,0.0
2022-02-21,96541.20032811491,-0.0030634056902546832
2022-02-22,96541.20032811491,0.0
2022-02-23,96583.50140332113,0.00043816603753067803
2022-02-24,96608.29424389123,0.000256698506575808
2022-02-25,96812.82570277918,0.002117121107341035
2022-02-28,96812.82570277918,0.0
2022-03-01,96839.04565907926,0.0002708314328162738
2022-03-02,96839.04565907926,0.0
2022-03-03,96778.3584289907,-0.0006266814142531676
2022-03-04,96778.3584289907,0.0
2022-03-07,96778.3584289907,0.0
2022-03-08,96778.3584289907,0.0
2022-03-09,96740.94090438374,-0.0003866311147901815
2022-03-10,96913.52254067226,0.0017839565614634523
2022-03-11,96913.52254067226,0.0
2022-03-14,96913.52254067226,0.0
2022-03-15,97048.61932384832,0.0013939931150409649
2022-03-16,97048.61932384832,0.0
2022-03-17,97048.61932384832,0.0
2022-03-18,97016.19773720506,-0.00033407571245371666
2022-03-21,97016.19773720506,0.0
2022-03-22,97016.19773720506,0.0
2022-03-23,97016.19773720506,0.0
2022-03-24,97016.19773720506,0.0
2022-03-25,97058.35304030847,0.00043451819476168215
2022-03-28,97058.35304030847,0.0
2022-03-29,97058.35304030847,0.0
2022-03-30,97043.1224049734,-0.00015692245806753994
2022-03-31,97017.1927567322,-0.00026719717583895396
2022-04-01,97017.1927567322,0.0
2022-04-04,96300.30739255785,-0.007389261055738
2022-04-05,96274.56234652882,-0.0002673412653199592
2022-04-06,96274.56234652882,0.0
2022-04-07,96552.21874098165,0.0028840057818537825
2022-04-08,96552.21874098165,0.0
2022-04-11,96552.21874098165,0.0
2022-04-12,96552.21874098165,0.0
2022-04-13,96547.06658541794,-5.3361337842862646e-05
2022-04-14,96561.90979099285,0.0001537406168812209
2022-04-15,96561.90979099285,0.0
2022-04-18,96561.90979099285,0.0
2022-04-19,96555.00920580063,-7.146280771748208e-05
2022-04-20,96555.00920580063,0.0
2022-04-21,96742.27906377011,0.0019395146819398148
2022-04-22,96742.27906377011,0.0
2022-04-25,96808.79854391702,0.0006875947185723861
2022-04-26,96955.66190266711,0.0015170455677483824
2022-04-27,96955.66190266711,0.0
2022-04-28,96986.658978116,0.0003197036133898729
2022-04-29,96929.77463246351,-0.0005865172205316119
2022-05-02,96947.00960659115,0.0001778088744453645
2022-05-03,97050.44194367841,0.0010668955907663898
2022-05-04,97050.44194367841,0.0
2022-05-05,97050.44194367841,0.0
2022-05-06,97192.68934447758,0.001465705853062683
2022-05-09,97192.68934447758,0.0
2022-05-10,97192.68934447758,0.0
2022-05-11,97205.3023358587,0.00012977304636990278
2022-05-12,97183.09070351876,-0.00022850227103038255
2022-05-13,97157.64542996892,-0.00026182819835871994
2022-05-16,97157.64542996892,0.0
2022-05-17,97157.64542996892,0.0
2022-05-18,97157.64542996892,0.0
2022-05-19,97157.64542996892,0.0
2022-05-20,97196.82545972591,0.0004032624461368518
2022-05-23,97196.82545972591,0.0
2022-05-24,97196.82545972591,0.0
2022-05-25,97196.82545972591,0.0
2022-05-26,97196.82545972591,0.0
2022-05-27,97196.82545972591,0.0
2022-05-30,97196.82545972591,0.0
2022-05-31,97196.82545972591,0.0
2022-06-01,97196.92501273022,1.0242413149173035e-06
2022-06-02,97192.77898025297,-4.2656004567076466e-05
2022-06-03,97192.77898025297,0.0
2022-06-06,97192.77898025297,0.0
2022-06-07,97206.77695832281,0.00014402281956232658
2022-06-08,97206.77695832281,0.0
2022-06-09,97206.77695832281,0.0
2022-06-10,97206.77695832281,0.0
2022-06-13,96786.4353091474,-0.004324201072478968
2022-06-14,96732.69457201968,-0.0005552507121072073
2022-06-15,96798.58113510214,0.0006811198982305245
2022-06-16,96784.29007636664,-0.00014763706831150643
2022-06-17,96784.29007636664,0.0
2022-06-20,96784.29007636664,0.0
2022-06-21,96784.29007636664,0.0
2022-06-22,96784.29007636664,0.0
2022-06-23,96784.29007636664,0.0
2022-06-24,96784.29007636664,0.0
2022-06-27,96784.29007636664,0.0
2022-06-28,96878.34183380194,0.0009717667749702895
2022-06-29,96878.34183380194,0.0
2022-06-30,96964.14881799623,0.0008857189601933653
2022-07-01,96995.50890047755,0.00032341935512868707
2022-07-04,96995.50890047755,0.0
2022-07-05,96995.50890047755,0.0
2022-07-06,97029.38127176109,0.0003492158726471477
2022-07-07,97031.2630933644,1.939434817212632e-05
2022-07-08,97031.2630933644,0.0
2022-07-11,97031.2630933644,0.0
2022-07-12,96978.5060428006,-0.0005437118809124049
2022-07-13,96978.5060428006,0.0
2022-07-14,97008.0456283646,0.00030459930524163775
2022-07-15,96940.60133253601,-0.0006952443520712899
2022-07-18,96940.60133253601,0.0
2022-07-19,96807.12905569763,-0.0013768459758211015
2022-07-20,96807.12905569763,0.0
2022-07-21,96807.12905569763,0.0
2022-07-22,96821.42507635377,0.00014767528792135763
2022-07-25,96897.78082472687,0.0007886245044718549
2022-07-26,96897.78082472687,0.0
2022-07-27,96897.78082472687,0.0
2022-07-28,96897.78082472687,0.0
2022-07-29,96848.67759338842,-0.0005067528989881571
2022-08-01,96848.67759338842,0.0
2022-08-02,96848.67759338842,0.0
2022-08-03,96848.67759338842,0.0
2022-08-04,96821.45206216755,-0.0002811141246055719
2022-08-05,96880.39138592854,0.0006087424068288821
2022-08-08,96959.75374451613,0.0008191787569421124
2022-08-09,96959.75374451613,0.0
2022-08-10,96959.75374451613,0.0
2022-08-11,96967.10898708264,7.58587174828417e-05
2022-08-12,96967.10898708264,0.0
2022-08-15,96971.492848991,4.520978251438267e-05
2022-08-16,96971.492848991,0.0
2022-08-17,96971.492848991,0.0
2022-08-18,96971.492848991,0.0
2022-08-19,96971.492848991,0.0
2022-08-22,96971.492848991,0.0
2022-08-23,96971.492848991,0.0
2022-08-24,96946.10388984991,-0.00026181879225703307
2022-08-25,96826.77072953785,-0.0012309227036874709
2022-08-26,96747.60123223411,-0.0008176405833555916
2022-08-29,96801.22240215055,0.0005542377199381774
2022-08-30,96819.28796924009,0.0001866254024611823
2022-08-31,96722.18698885223,-0.0010029094659186556
2022-09-01,96720.97093696735,-1.2572626020370658e-05
2022-09-02,96717.19125429107,-3.907821271502699e-05
2022-09-05,96717.19125429107,0.0
2022-09-06,96717.19125429107,0.0
2022-09-07,96717.19125429107,0.0
2022-09-08,96763.43871879412,0.00047817212124626624
2022-09-09,96763.43871879412,0.0
2022-09-12,96763.43871879412,0.0
2022-09-13,96731.67858553481,-0.0003282245203335802
2022-09-14,96731.67858553481,0.0
2022-09-15,96651.37179188542,-0.0008302015929391605
2022-09-16,96651.37179188542,0.0
2022-09-19,96670.22961936146,0.00019511184504077434
2022-09-20,96624.57737070833,-0.0004722472350886888
2022-09-21,96624.57737070833,0.0
2022-09-22,96624.57737070833,0.0
2022-09-23,96603.609624605,-0.00021700220248191545
2022-09-26,96732.49069048741,0.001334122672881797
2022-09-27,96722.04728668233,-0.00010796169653583824
2022-09-28,96842.45217591371,0.001244854638720682
2022-09-29,96919.55886469413,0.0007962075210606526
2022-09-30,96919.55886469413,0.0
2022-10-03,96919.55886469413,0.0
2022-10-04,96845.31849430267,-0.0007659998792927327
2022-10-05,96845.31849430267,0.0
2022-10-06,96845.31849430267,0.0
2022-10-07,96845.31849430267,0.0
2022-10-10,96762.87946991243,-0.0008512442900902344
2022-10-11,96762.87946991243,0.0
2022-10-12,96875.8746607097,0.0011677534961369836
2022-10-13,96875.8746607097,0.0
2022-10-14,96791.10807915866,-0.0008750019738961899
2022-10-17,96791.10807915866,0.0
2022-10-18,96805.78655357183,0.00015165106283490746
2022-10-19,96808.4651250004,2.766953840184837e-05
2022-10-20,96808.4651250004,0.0
2022-10-21,96808.4651250004,0.0
2022-10-24,96808.4651250004,0.0
2022-10-25,96808.4651250004,0.0
2022-10-26,96808.4651250004,0.0
2022-10-27,96808.4651250004,0.0
2022-10-28,96808.4651250004,0.0
2022-10-31,96805.2107347958,-3.3616793742155625e-05
2022-11-01,96805.2107347958,0.0
2022-11-02,96805.2107347958,0.0
2022-11-03,96818.92502051007,0.00014166887929045993
2022-11-04,96954.52479077985,0.0014005502564819149
2022-11-07,96915.16449717808,-0.00040596654655063207
2022-11-08,96915.16449717808,0.0
2022-11-09,96915.16449717808,0.0
2022-11-10,96915.16449717808,0.0
2022-11-11,96950.29703610089,0.00036250816995556947
2022-11-14,96939.55140419581,-0.00011083650317318916
2022-11-15,96939.55140419581,0.0
2022-11-16,96987.15862301076,0.0004911021159614629
2022-11-17,96987.15862301076,0.0
2022-11-18,97005.60309611793,0.00019017438358890867
2022-11-21,97005.60309611793,0.0
2022-11-22,96943.7697627846,-0.0006374202248097047
2022-11-23,96989.7595031749,0.000474396039093806
2022-11-24,96989.7595031749,0.0
2022-11-25,96989.7595031749,0.0
2022-11-28,96989.7595031749,0.0
2022-11-29,96989.7595031749,0.0
2022-11-30,97113.1554415196,0.0012722573906440912
2022-12-01,97118.30391996034,5.3015252334551176e-05
2022-12-02,97118.30391996034,0.0
2022-12-05,97008.46427054873,-0.0011309881348641158
2022-12-06,97008.46427054873,0.0
2022-12-07,97026.26012665653,0.0001834464264702345
2022-12-08,97064.33388572912,0.00039240674661571336
2022-12-09,97090.43894658754,0.0002689459641185181
2022-12-12,97090.43894658754,0.0
2022-12-13,96688.18758036847,-0.004143058478089349
2022-12-14,96688.18758036847,0.0
2022-12-15,96642.79224880309,-0.0004695023528871592
2022-12-16,96662.66042884652,0.0002055836713852183
2022-12-19,96663.33395402187,6.967790586024396e-06
2022-12-20,96643.88117327099,-0.00020124260104807144
2022-12-21,96641.06592400413,-2.913013460016369e-05
2022-12-22,96628.16712439785,-0.00013347120587868964
2022-12-23,96628.16712439785,0.0
2022-12-26,96628.16712439785,0.0
2022-12-27,96628.16712439785,0.0
2022-12-28,96628.16712439785,0.0
2022-12-29,96630.91213082233,2.840793224343018e-05
2022-12-30,96753.47406323218,0.0012683511901856305
2023-01-02,96782.72865973611,0.0003023622333686195
2023-01-03,96782.72865973611,0.0
2023-01-04,96870.65167534903,0.0009084577055275539
2023-01-05,96850.5335311795,-0.0002076804875530954
2023-01-06,96850.5335311795,0.0
2023-01-09,96850.5335311795,0.0
2023-01-10,96850.5335311795,0.0
2023-01-11,96850.5335311795,0.0
2023-01-12,96840.94765048871,-9.897602358284033e-05
2023-01-13,96840.94765048871,0.0
2023-01-16,96840.94765048871,0.0
2023-01-17,96840.94765048871,0.0
2023-01-18,96840.94765048871,0.0
2023-01-19,96856.58287142118,0.0001614525808741376
2023-01-20,97770.40671297755,0.009434813974074282
2023-01-23,98055.71146876506,0.002918109532111016
2023-01-24,98074.26960829995,0.00018926117874119933
2023-01-25,98151.92608244526,0.0007918129235677376
2023-01-26,98151.92608244526,0.0
2023-01-27,98151.92608244526,0.0
2023-01-30,98183.01980923637,0.00031679181481358566
2023-01-31,98231.33685592476,0.0004921120452626784
2023-02-01,98393.34856881385,0.001649287468485812
2023-02-02,98393.34856881385,0.0
2023-02-03,98413.19283110893,0.00020168296519763084
2023-02-06,98428.16398495508,0.00015212547642721763
2023-02-07,98394.09893916028,-0.00034609043200291425
2023-02-08,98391.56622493487,-2.5740509367091858e-05
2023-02-09,98391.56622493487,0.0
2023-02-10,98484.81620810884,0.0009477436608823674
2023-02-13,98367.5081659907,-0.0011911282026485417
2023-02-14,98378.33182701713,0.00011003288817852352
2023-02-15,98412.89338085889,0.0003513126640786452
2023-02-16,98400.8192325623,-0.00012268868317761734
2023-02-17,98400.8192325623,0.0
2023-02-20,98403.07735164874,2.2948173643829453e-05
2023-02-21,98403.07735164874,0.0
2023-02-22,98403.07735164874,0.0
2023-02-23,98146.42795245448,-0.002608144034734856
2023-02-24,98159.72803558,0.00013551265596708695
2023-02-27,98159.72803558,0.0
2023-02-28,98119.73291303396,-0.0004074494025853658
2023-03-01,98142.28003229099,0.00022979189392015426
2023-03-02,98246.58022985268,0.0010627447979339425
2023-03-03,98291.1244782249,0.000453392354909464
2023-03-06,98291.1244782249,0.0
2023-03-07,98291.1244782249,0.0
2023-03-08,98070.76708369862,-0.0022418849687195646
2023-03-09,97642.00366992086,-0.004371979811393087
2023-03-10,97680.4580820601,0.00039383063327166467
2023-03-13,97973.26402949491,0.002997589826911228
2023-03-14,98081.22592579668,0.001101952633417103
2023-03-15,98063.05101603795,-0.00018530467566220076
2023-03-16,98063.05101603795,0.0
2023-03-17,98082.60310159375,0.0001993827986506472
2023-03-20,98082.60310159375,0.0
2023-03-21,98082.60310159375,0.0
2023-03-22,98082.60310159375,0.0
2023-03-23,98082.60310159375,0.0
2023-03-24,98310.45691506831,0.0023230808142250346
2023-03-27,98310.45691506831,0.0
2023-03-28,98310.45691506831,0.0
2023-03-29,98500.95267975729,0.0019376958531842992
2023-03-30,98526.40891105497,0.00025843639685841523
2023-03-31,98526.40891105497,0.0
2023-04-03,98526.40891105497,0.0
2023-04-04,98526.40891105497,0.0
2023-04-05,98526.40891105497,0.0
2023-04-06,98517.59851452943,-8.942167509116056e-05
2023-04-07,98585.63942364452,0.0006906472563382612
2023-04-10,98585.63942364452,0.0
2023-04-11,98599.79482726996,0.00014358484367697213
2023-04-12,98599.79482726996,0.0
2023-04-13,98509.15913382174,-0.0009192280126646881
2023-04-14,98283.05108190778,-0.002295299786355947
2023-04-17,98283.05108190778,0.0
2023-04-18,98283.05108190778,0.0
2023-04-19,98254.83283783858,-0.0002871120071931932
2023-04-20,98302.46390067019,0.0004847706871602371
2023-04-21,98189.73595274752,-0.00114674590493049
2023-04-24,98281.97943703046,0.0009394412092861703
2023-04-25,98294.52639420552,0.00012766284569082237
2023-04-26,98294.52639420552,0.0
2023-04-27,98833.58100492324,0.00548407556852015
2023-04-28,98900.65298918702,0.0006786355769142493
2023-05-01,98875.8197164818,-0.000251093111669682
2023-05-02,98875.8197164818,0.0
2023-05-03,98846.52973748597,-0.0002962299486347471
2023-05-04,98885.0430186104,0.00038962704332385587
2023-05-05,99270.9203148181,0.003902281724598814
2023-05-08,99188.40234291369,-0.0008312401219080119
2023-05-09,99188.40234291369,0.0
2023-05-10,99183.17253299715,-5.272602232722837e-05
2023-05-11,99118.08540401104,-0.0006562315695684767
2023-05-12,99134.55218318551,0.00016613294241260592
2023-05-15,99030.48970976031,-0.0010497094215235223
2023-05-16,99014.62144628726,-0.00016023614060232567
2023-05-17,99169.42799306064,0.0015634715813902444
2023-05-18,99161.77194553085,-7.720169093164547e-05
2023-05-19,99146.73948012783,-0.0001515953689420123
2023-05-22,99146.73948012783,0.0
2023-05-23,99146.73948012783,0.0
2023-05-24,99214.75404466134,0.0006859990040030161
2023-05-25,99482.52071645447,0.0026988594022275478
2023-05-26,99495.20018241896,0.00012745420877134598
2023-05-29,99497.23341901391,2.043552443952692e-05
2023-05-30,99497.23341901391,0.0
2023-05-31,99497.23341901391,0.0
2023-06-01,99497.23341901391,0.0
2023-06-02,99475.07420921497,-0.00022271181858509394
2023-06-05,99475.07420921497,0.0
2023-06-06,99483.27296697896,8.242022264529882e-05
2023-06-07,99470.04744403994,-0.0001329421775598777
2023-06-08,99486.66640812453,0.00016707505939346897
2023-06-09,99817.98867885709,0.003330318350133249
2023-06-12,99817.98867885709,0.0
2023-06-13,99817.98867885709,0.0
2023-06-14,99817.98867885709,0.0
2023-06-15,99817.98867885709,0.0
2023-06-16,99817.98867885709,0.0
2023-06-19,99861.13921628098,0.00043229219497418385
2023-06-20,99861.13921628098,0.0
2023-06-21,99683.39297069548,-0.0017799340862768701
2023-06-22,99652.70837421101,-0.00030782054633201857
2023-06-23,99972.79601748618,0.0032120315493402427
2023-06-26,100000.44079118749,0.0002765229622713801
2023-06-27,100000.44079118749,0.0
2023-06-28,100456.0227849835,0.0045557998563959
2023-06-29,100456.0227849835,0.0
2023-06-30,100456.0227849835,0.0
2023-07-03,100489.79044877503,0.0003361437458439378
2023-07-04,100473.73330591788,-0.00015978879829928348
2023-07-05,100473.73330591788,0.0
2023-07-06,100473.73330591788,0.0
2023-07-07,100596.65376491762,0.0012234088945961255
2023-07-10,100611.29068643838,0.00014550107755046863
2023-07-11,101343.34348652663,0.007276050183768518
2023-07-12,101369.67035902574,0.00025977900070572256
2023-07-13,101369.67035902574,0.0
2023-07-14,101402.5878154848,0.0003247268768111758
2023-07-17,101476.65229742866,0.0007304003136352916
2023-07-18,101480.44376662298,3.736297077678836e-05
2023-07-19,101450.62308074192,-0.00029385647888610324
2023-07-20,101413.7419422372,-0.00036353782150123313
2023-07-21,101504.35709726955,0.0008935194905238121
2023-07-24,101525.71690711354,0.00021043244304802866
2023-07-25,101608.2524888826,0.0008129524644930129
2023-07-26,101559.42707309221,-0.0004805260851792409
2023-07-27,101538.18116080284,-0.00020919685056993502
2023-07-28,101538.18116080284,0.0
2023-07-31,101407.0362973825,-0.0012915817667902745
2023-08-01,101430.75796111432,0.0002339252245007383
2023-08-02,101404.29643407374,-0.0002608826708237958
2023-08-03,101403.14605802811,-1.1344450739059216e-05
2023-08-04,101290.07396304376,-0.001115074821442393
2023-08-07,101253.7560813022,-0.000358553215735747
2023-08-08,101099.77383623572,-0.001520755881320974
2023-08-09,101099.77383623572,0.0
2023-08-10,101099.77383623572,0.0
2023-08-11,101210.40843819077,0.0010943110726861144
2023-08-14,101121.75133452925,-0.0008759682430850325
2023-08-15,101054.39840755698,-0.0006660577579344202
2023-08-16,101058.49156210886,4.0504467063130356e-05
2023-08-17,101024.16482608384,-0.00033967196120200167
2023-08-18,102555.5734496234,0.015158834781519179
2023-08-21,102977.48549202543,0.004113984527708487
2023-08-22,102977.48549202543,0.0
2023-08-23,102977.48549202543,0.0
2023-08-24,103059.30857577086,0.0007945725549083102
2023-08-25,103059.30857577086,0.0
2023-08-28,103097.75600311291,0.0003730611807256792
2023-08-29,103112.13881884012,0.00013950658370074585
2023-08-30,103112.13881884012,0.0
2023-08-31,103137.05398226216,0.00024163171967386902
2023-09-01,103137.05398226216,0.0
2023-09-04,103067.97281695578,-0.0006697996756652303
2023-09-05,103067.97281695578,0.0
2023-09-06,103031.95789953436,-0.00034942879380559405
2023-09-07,103070.70192114955,0.0003760388757531628
2023-09-08,103070.70192114955,0.0
2023-09-11,103079.81612533102,8.842672080032132e-05
2023-09-12,103079.81612533102,0.0
2023-09-13,103079.81612533102,0.0
2023-09-14,102732.34695030063,-0.0033708749985342894
2023-09-15,102614.40065328247,-0.0011480930838192816
2023-09-18,102573.24417019552,-0.00040107901839243464
2023-09-19,102471.17887217352,-0.0009950479664331483
2023-09-20,102251.56861493111,-0.0021431417073513284
2023-09-21,102251.56861493111,0.0
2023-09-22,102239.01007159457,-0.0001228200555419178
2023-09-25,102334.79430962079,0.000936865859314766
2023-09-26,102530.01511174583,0.0019076678996821663
2023-09-27,102530.01511174583,0.0
2023-09-28,102530.5029289953,4.757799449584645e-06
2023-09-29,102544.67515651356,0.00013822450015761457
2023-10-02,102544.67515651356,0.0
2023-10-03,102483.74184254136,-0.0005942123652856472
2023-10-04,102483.74184254136,0.0
2023-10-05,102498.93482391613,0.0001482477230204285
2023-10-06,102555.36452595438,0.0005505393996063675
2023-10-09,102594.96347324655,0.00038612263215292937
2023-10-10,102594.96347324655,0.0
2023-10-11,102594.96347324655,0.0
2023-10-12,102594.96347324655,0.0
2023-10-13,102594.96347324655,0.0
2023-10-16,102605.94448527516,0.00010703266180777372
2023-10-17,102449.67451332443,-0.00152301090092458
2023-10-18,102449.67451332443,0.0
2023-10-19,102449.67451332443,0.0
2023-10-20,102457.49819613069,7.636610700259364e-05
2023-10-23,102499.66122902543,0.00041151729875371965
2023-10-24,102185.3527806558,-0.0030664340213509386
2023-10-25,102073.30689820673,-0.001096496507572602
2023-10-26,102052.16949147946,-0.0002070806498740107
2023-10-27,102107.14685768804,0.0005387182505039171
2023-10-30,102151.70995787035,0.0004364346821326392
2023-10-31,102151.70995787035,0.0
2023-11-01,102294.20273223006,0.0013949132561606112
2023-11-02,102294.20273223006,0.0
2023-11-03,102294.20273223006,0.0
2023-11-06,102294.20273223006,0.0
2023-11-07,102294.20273223006,0.0
2023-11-08,102294.20273223006,0.0
2023-11-09,102292.91768550109,-1.2562263497296628e-05
2023-11-10,102327.68872628121,0.00033991640444770444
2023-11-13,102477.77359748226,0.0014667083080759696
2023-11-14,102477.77359748226,0.0
2023-11-15,102477.77359748226,0.0
2023-11-16,102477.77359748226,0.0
2023-11-17,102508.32867170393,0.0002981629396213145
2023-11-20,102508.32867170393,0.0
2023-11-21,102508.32867170393,0.0
2023-11-22,102508.32867170393,0.0
2023-11-23,102537.49413517491,0.0002845179884299057
2023-11-24,102537.49413517491,0.0
2023-11-27,102493.96962024149,-0.00042447414285396974
2023-11-28,102432.68759022241,-0.000597908640343823
2023-11-29,102432.68759022241,0.0
2023-11-30,102473.58373639463,0.00039924898130003515
2023-12-01,102534.115492723,0.0005907059568061356
2023-12-04,102498.65237645947,-0.0003458665059244257
2023-12-05,102526.48765000692,0.00027156721480798825
2023-12-06,102551.07196966012,0.00023978505668814426
2023-12-07,102557.80930347255,6.569735140773549e-05
2023-12-08,103498.0328983078,0.009167742575829625
2023-12-11,103511.90899580889,0.00013407112302042432
2023-12-12,103547.28666352096,0.0003417738891619631
2023-12-13,103547.28666352096,0.0
2023-12-14,103595.30807759674,0.00046376313299083293
2023-12-15,103595.30807759674,0.0
2023-12-18,103578.72885329295,-0.00016003837057338837
2023-12-19,103578.72885329295,0.0
2023-12-20,103638.5336163863,0.0005773846016014518
2023-12-21,103651.88127403514,0.00012879049117244657
2023-12-22,103447.37938290252,-0.0019729684461004243
2023-12-25,103447.37938290252,0.0
2023-12-26,103447.37938290252,0.0
2023-12-27,103447.78179738944,3.8900404178304646e-06
2023-12-28,103447.78179738944,0.0
2023-12-29,103447.78179738944,0.0
2024-01-01,103414.25176215128,-0.00032412522197751176
2024-01-02,103414.25176215128,0.0
2024-01-03,103689.61457544916,0.002662716294957112
2024-01-04,103933.48964842071,0.0023519720269969714
2024-01-05,104056.88904854903,0.0011872919936176574
2024-01-08,104229.69630614686,0.0016606998265843223
2024-01-09,104205.11640811502,-0.00023582432745116166
2024-01-10,104202.41427596388,-2.593089710258762e-05
2024-01-11,104202.41427596388,0.0
2024-01-12,104068.0106552278,-0.0012898321182859523
2024-01-15,104087.57645661695,0.00018800975694608152
2024-01-16,104087.57645661695,0.0
2024-01-17,104124.6784465048,0.00035644974309981974
2024-01-18,104415.21236385626,0.002790250319963589
2024-01-19,104443.85169497527,0.000274283128584793
2024-01-22,104586.24860219176,0.0013633823811128327
2024-01-23,104586.24860219176,0.0
2024-01-24,104586.24860219176,0.0
2024-01-25,104615.75874492517,0.0002821608302030376
2024-01-26,105068.19088881952,0.0043247035563491664
2024-01-29,105115.75452339766,0.0004526930003817161
2024-01-30,105133.77264848757,0.00017141222237916743
2024-01-31,105144.87370429451,0.00010558981692833749
2024-02-01,105144.87370429451,0.0
2024-02-02,105933.27817282779,0.0074982682536721326
2024-02-05,105980.19855123803,0.0004429238783085075
2024-02-06,106014.26691100694,0.0003214596710953965
2024-02-07,106285.33698985829,0.002556920749910932
2024-02-08,106306.97315778078,0.0002035668186718765
2024-02-09,106292.40729829566,-0.00013701697125275048
2024-02-12,106292.40729829566,0.0
2024-02-13,106304.6940155787,0.00011559355550734356
2024-02-14,106349.39357971986,0.00042048532809484893
2024-02-15,106295.54272076733,-0.0005063579315303117
2024-02-16,106295.54272076733,0.0
2024-02-19,106295.54272076733,0.0
2024-02-20,106295.54272076733,0.0
2024-02-21,106525.62099780707,0.002164514815490785
2024-02-22,106590.40368730496,0.0006081418619397399
2024-02-23,106610.06694647513,0.00018447494793103568
2024-02-26,106579.92672894138,-0.00028271455404745976
2024-02-27,106590.56951081705,9.985728272014076e-05
2024-02-28,106645.95285274278,0.00051958951134141
2024-02-29,106660.15926353486,0.00013321096968119358
2024-03-01,106625.4851997346,-0.0003250891808120618
2024-03-04,106508.33775501672,-0.0010986814690543483
2024-03-05,106470.68706656332,-0.0003534999160347841
2024-03-06,106470.68706656332,0.0
2024-03-07,106352.95979383605,-0.0011057247395582605
2024-03-08,106365.39167130594,0.00011689263273904534
2024-03-11,106363.10292651172,-2.151775834467044e-05
2024-03-12,106383.62847719996,0.00019297623069928745
2024-03-13,106291.88769707206,-0.0008623580661902873
2024-03-14,106268.13862257004,-0.00022343261575805872
2024-03-15,106370.19159771893,0.0009603346447174816
2024-03-18,106387.7103884077,0.0001646964288173218
2024-03-19,106496.43140832656,0.0010219321340965417
2024-03-20,106689.7466526584,0.0018152274379094819
2024-03-21,106700.28640707843,9.87888222692812e-05
2024-03-22,106700.28640707843,0.0
2024-03-25,106700.28640707843,0.0
2024-03-26,106814.01277371842,0.0010658487476417054
2024-03-27,106774.3148721333,-0.0003716544351650128
2024-03-28,106649.49510506116,-0.0011690055536447963
2024-03-29,106649.49510506116,0.0
2024-04-01,106649.49510506116,0.0
2024-04-02,106710.22649881995,0.000569448488236749
2024-04-03,106682.78982247922,-0.00025711384223361234
2024-04-04,106650.27368777788,-0.0003047926920119127
2024-04-05,106449.61312623751,-0.001881481918441279
2024-04-08,106081.31531989251,-0.0034598322673868105
2024-04-09,106140.78355614175,0.0005605910529097644
2024-04-10,106171.61944268177,0.00029051873848012533
2024-04-11,106184.62793477808,0.00012252325211386183
2024-04-12,106157.78434961582,-0.00025280104742422463
2024-04-15,106101.59422082058,-0.0005293076634887248
2024-04-16,106171.60825018701,0.0006598772608516646
2024-04-17,105278.51933397782,-0.008411748968751432
2024-04-18,105314.67585827062,0.00034343686177903244
2024-04-19,105388.12972040118,0.000697470333853628
2024-04-22,105746.66454651042,0.003402041833937569
2024-04-23,105972.64772069069,0.002137024133568476
2024-04-24,105983.24119250078,9.996420810407266e-05
2024-04-25,105983.24119250078,0.0
2024-04-26,105987.59755786686,4.1104285140417305e-05
2024-04-29,106001.99123993209,0.0001358053432371844
2024-04-30,106060.32206049433,0.0005502804228480508
2024-05-01,106060.32206049433,0.0
2024-05-02,107283.49820001455,0.011532834482838438
2024-05-03,107429.5714747729,0.0013615633085157317
2024-05-06,107483.40324540864,0.0005010889450338622
2024-05-07,107483.40324540864,0.0
2024-05-08,107483.40324540864,0.0
2024-05-09,107494.9766619968,0.00010767631316747462
2024-05-10,107502.59458006997,7.086766572473506e-05
2024-05-13,107502.59458006997,0.0
2024-05-14,107796.0414279182,0.002729672237163221
2024-05-15,107721.85613325197,-0.0006882005469174154
2024-05-16,107721.85613325197,0.0
2024-05-17,107730.16370666775,7.712059292312118e-05
2024-05-20,107737.50845200992,6.817724107583454e-05
2024-05-21,107745.7121158471,7.614491884071548e-05
2024-05-22,107639.68114254766,-0.0009840853173389596
2024-05-23,107547.98096797927,-0.0008519179320770812
2024-05-24,107457.52581527343,-0.0008410678832991505
2024-05-27,107388.52638141156,-0.0006421089015252907
2024-05-28,107388.52638141156,0.0
2024-05-29,107435.67909491993,0.00043908520860880533
2024-05-30,107435.67909491993,0.0
2024-05-31,107480.62461708709,0.00041834819257243947
2024-06-03,107642.20567603558,0.0015033505762005227
2024-06-04,107615.17498455277,-0.0002511161055558759
2024-06-05,107615.17498455277,0.0
2024-06-06,107615.17498455277,0.0
2024-06-07,107615.17498455277,0.0
2024-06-10,107593.52107640475,-0.0002012161217144633
2024-06-11,107541.28374920484,-0.00048550625239613174
2024-06-12,107541.28374920484,0.0
2024-06-13,107546.94090768961,5.260452811743175e-05
2024-06-14,107607.93463814209,0.0005671358937566782
2024-06-17,107616.2838471208,7.758915740534836e-05
2024-06-18,107645.2060714663,0.0002687532342836458
2024-06-19,107645.2060714663,0.0
2024-06-20,107645.2060714663,0.0
2024-06-21,107667.94557920763,0.00021124496455737714
2024-06-24,107667.94557920763,0.0
2024-06-25,107687.17909758037,0.00017863736759601772
2024-06-26,107861.87764164337,0.0016222780235026094
2024-06-27,107861.87764164337,0.0
2024-06-28,107865.5199906408,3.3768640756719316e-05
2024-07-01,107886.43641447125,0.00019391204744821105
2024-07-02,107922.6441149875,0.00033560938445641934
2024-07-03,107949.49341232707,0.00024878279771347537
2024-07-04,107949.49341232707,0.0
2024-07-05,107949.49341232707,0.0
2024-07-08,107958.8126821704,8.632990807789305e-05
2024-07-09,107980.72148677126,0.0002029366946203264
2024-07-10,108066.45395566762,0.0007939608822382188
2024-07-11,108086.75008738201,0.0001878115823317273
2024-07-12,108086.81628405231,6.124401950388772e-07
2024-07-15,108070.61430163497,-0.00014989785964986493
2024-07-16,108088.62781176757,0.0001666827772656498
2024-07-17,108088.62781176757,0.0
2024-07-18,108047.87048000185,-0.0003770732646981133
2024-07-19,107997.59604579263,-0.00046529777945530427
2024-07-22,107914.68949758209,-0.0007676703116186261
2024-07-23,107549.30180278182,-0.0033858939547656243
2024-07-24,107531.37007111975,-0.0001667303400532991
2024-07-25,107642.68348626579,0.0010351715510777812
2024-07-26,106851.2234166921,-0.007352660152463322
2024-07-29,106436.51271377967,-0.0038811975160561946
2024-07-30,106430.438855665,-5.706554977995001e-05
2024-07-31,106424.58216089926,-5.502838124796923e-05
2024-08-01,105877.94176000805,-0.005136411060226312
2024-08-02,105821.58884863945,-0.0005322441146082043
2024-08-05,105838.84127961105,0.00016303318783346044
2024-08-06,106069.448406115,0.002178851579589
2024-08-07,106071.35394579105,1.7965019189657907e-05
2024-08-08,106222.82608485581,0.0014280211709390691
2024-08-09,106214.24815257103,-8.075413356003793e-05
2024-08-12,106214.24815257103,0.0
2024-08-13,106214.24815257103,0.0
2024-08-14,106214.24815257103,0.0
2024-08-15,106214.24815257103,0.0
2024-08-16,106214.24815257103,0.0
2024-08-19,106214.24815257103,0.0
2024-08-20,106214.24815257103,0.0
2024-08-21,106230.79048147146,0.0001557449135888304
2024-08-22,106265.5277356164,0.00032699798229405825
2024-08-23,106318.07611842832,0.0004945007466829279
2024-08-26,106311.24557812943,-6.424627446496625e-05
2024-08-27,106311.24557812943,0.0
2024-08-28,106363.63227117588,0.000492767183392257
2024-08-29,106363.63227117588,0.0
2024-08-30,106363.9726967078,3.2005820471641915e-06
2024-09-02,106296.99303079277,-0.0006297213635111224
2024-09-03,106296.99303079277,0.0
2024-09-04,106331.05273346345,0.0003204201896926214
2024-09-05,106399.80154886722,0.0006465544508065898
2024-09-06,106412.30264931622,0.00011749176471209758
2024-09-09,106368.91694083493,-0.00040771327563759324
2024-09-10,106635.07755721467,0.0025022405420164783
2024-09-11,106676.2261220396,0.0003858820733998924
2024-09-12,106676.2261220396,0.0
2024-09-13,106676.2261220396,0.0
2024-09-16,106676.2261220396,0.0
2024-09-17,106683.06184420058,6.40791524922951e-05
2024-09-18,106683.06184420058,0.0
2024-09-19,106681.94419714175,-1.0476330914249984e-05
2024-09-20,106674.5620221544,-6.919797949799898e-05
2024-09-23,106672.4655860957,-1.9652633382826267e-05
2024-09-24,106672.4655860957,0.0
2024-09-25,106646.80310245666,-0.00024057270541223097
2024-09-26,106659.30421544748,0.00011721976306044085
2024-09-27,106533.19660753594,-0.001182340432830992
2024-09-30,106544.00274542226,0.00010143446578562492
2024-10-01,106493.88529554823,-0.0004703920312979099
2024-10-02,106482.74736451375,-0.00010458751695994175
2024-10-03,106527.60931123732,0.00042130718669379513
2024-10-04,106569.9045745027,0.00039703569374023644
2024-10-07,106574.69139312676,4.491717097034843e-05
2024-10-08,106571.13576337966,-3.3362796557289784e-05
2024-10-09,106578.16274358386,6.593699273135413e-05
2024-10-10,106597.0853124915,0.00017754639806624243
2024-10-11,106597.0853124915,0.0
2024-10-14,106664.24080856741,0.0006299937364989088
2024-10-15,106664.24080856741,0.0
2024-10-16,106664.24080856741,0.0
2024-10-17,106622.04221592314,-0.0003956208034143969
2024-10-18,106609.25576623864,-0.00011992313614295017
2024-10-21,106682.35672425889,0.0006856905387327688
2024-10-22,106678.98450406203,-3.1609914707632556e-05
2024-10-23,106784.71931096425,0.00099114935705261
2024-10-24,106747.53597378453,-0.00034820840865297655
2024-10-25,106701.1284390752,-0.000434741039088042
2024-10-28,106603.19640958469,-0.0009178162492107328
2024-10-29,106612.67486143963,8.891339260151905e-05
2024-10-30,106675.49476228979,0.0005892348253319675
2024-10-31,106717.6049440048,0.00039475028270401653
2024-11-01,106960.9900812107,0.00228064654687111
2024-11-04,107418.89320928106,0.004281029258636242
2024-11-05,107775.03609894298,0.003315458566195199
2024-11-06,107749.64251337037,-0.00023561658146222927
2024-11-07,107790.59470314949,0.00038006798745556083
2024-11-08,107790.59470314949,0.0
2024-11-11,107808.86317018681,0.00016948108587430937
2024-11-12,107788.32262964628,-0.000190527382782132
2024-11-13,107788.32262964628,0.0
2024-11-14,107690.66462731693,-0.0009060165326525821
2024-11-15,107972.73133132629,0.0026192307846320474
2024-11-18,108073.78456562723,0.0009359144022285304
2024-11-19,108130.28168441329,0.000522764322662885
2024-11-20,108189.77854015908,0.0005502330597772488
2024-11-21,108201.09520682575,0.00010460014632958187
2024-11-22,108242.97926127988,0.000387094551807167
2024-11-25,108242.97926127988,0.0
2024-11-26,108242.97926127988,0.0
2024-11-27,108376.58982902236,0.0012343578184407285
2024-11-28,108431.93248833457,0.0005106514183507993
2024-11-29,108431.93248833457,0.0
2024-12-02,108346.45121138079,-0.0007883404361808124
2024-12-03,108281.65454086044,-0.0005980506956700136
2024-12-04,108300.39142756611,0.00017303842266830504
2024-12-05,108015.84119158855,-0.0026274165053952778
2024-12-06,108015.84119158855,0.0
2024-12-09,107965.23436524427,-0.00046851300500011793
2024-12-10,107977.0338922836,0.00010929006090434479
2024-12-11,107849.39900094502,-0.0011820559126110139
2024-12-12,107901.54284603492,0.0004834875815065369
2024-12-13,107827.72608457993,-0.0006841121962483772
2024-12-16,107659.80791882213,-0.0015572818963657477
2024-12-17,107334.4357704366,-0.00302222486436973
2024-12-18,107239.21606931987,-0.0008871309606581693
2024-12-19,107240.5029849646,1.2000420106530477e-05
2024-12-20,108154.94250821296,0.008526997708846747
2024-12-23,108513.21380691687,0.003312574445469343
2024-12-24,108513.21380691687,0.0
2024-12-25,108513.21380691687,0.0
2024-12-26,108513.21380691687,0.0
2024-12-27,108513.21380691687,0.0
2024-12-30,108491.38965862594,-0.0002011197302640853
2024-12-31,108491.38965862594,0.0
