,timestamp,symbol,open,high,low,close,volume
0,2023-01-03 05:00:00,SPY,384.37,386.43,377.831,380.82,74850731.0
1,2023-01-04 05:00:00,SPY,383.18,385.88,380.0,383.76,85934098.0
2,2023-01-05 05:00:00,SPY,381.72,381.84,378.76,379.38,76275354.0
3,2023-01-06 05:00:00,SPY,382.61,389.25,379.4127,388.08,104052662.0
4,2023-01-09 05:00:00,SPY,390.37,393.7,387.67,387.86,73978071.0
5,2023-01-10 05:00:00,SPY,387.25,390.65,386.27,390.58,65298094.0
6,2023-01-11 05:00:00,SPY,392.23,395.6,391.38,395.52,68702980.0
7,2023-01-12 05:00:00,SPY,396.67,398.485,392.42,396.96,90145699.0
8,2023-01-13 05:00:00,SPY,393.62,399.1,393.34,398.5,63853932.0
9,2023-01-17 05:00:00,SPY,398.48,400.23,397.06,397.77,62577281.0
10,2023-01-18 05:00:00,SPY,399.01,400.12,391.28,391.49,99495062.0
11,2023-01-19 05:00:00,SPY,389.36,391.08,387.26,388.64,86601919.0
12,2023-01-20 05:00:00,SPY,390.1,396.04,388.38,395.88,91542126.0
13,2023-01-23 05:00:00,SPY,396.72,402.645,395.72,400.63,84178797.0
14,2023-01-24 05:00:00,SPY,398.88,401.15,397.64,400.2,59469411.0
15,2023-01-25 05:00:00,SPY,395.95,400.7,393.56,400.35,84684501.0
16,2023-01-26 05:00:00,SPY,403.13,404.92,400.03,404.75,72177425.0
17,2023-01-27 05:00:00,SPY,403.655,408.16,403.44,405.68,68249180.0
18,2023-01-30 05:00:00,SPY,402.8,405.13,400.28,400.59,74067618.0
19,2023-01-31 05:00:00,SPY,401.13,406.53,400.77,406.48,86655786.0
20,2023-02-01 05:00:00,SPY,405.211,413.67,402.35,410.8,101459155.0
21,2023-02-02 05:00:00,SPY,414.86,418.31,412.88,416.78,101192713.0
22,2023-02-03 05:00:00,SPY,411.59,416.97,411.09,412.35,94577181.0
23,2023-02-06 05:00:00,SPY,409.79,411.29,408.1,409.83,60250025.0
24,2023-02-07 05:00:00,SPY,408.87,416.49,407.57,415.19,90721745.0
25,2023-02-08 05:00:00,SPY,413.13,414.53,409.93,410.65,76227462.0
26,2023-02-09 05:00:00,SPY,414.41,414.57,405.81,407.09,78564109.0
27,2023-02-10 05:00:00,SPY,405.86,408.44,405.01,408.04,70767615.0
28,2023-02-13 05:00:00,SPY,408.72,412.97,408.24,412.83,64903039.0
29,2023-02-14 05:00:00,SPY,411.24,415.05,408.511,412.64,87681813.0
30,2023-02-15 05:00:00,SPY,410.35,414.06,409.47,413.98,61368279.0
31,2023-02-16 05:00:00,SPY,408.79,412.91,408.14,408.28,76418169.0
32,2023-02-17 05:00:00,SPY,406.06,407.51,404.05,407.26,89196815.0
33,2023-02-21 05:00:00,SPY,403.06,404.16,398.82,399.09,82585674.0
34,2023-02-22 05:00:00,SPY,399.52,401.13,397.02,398.54,83500793.0
35,2023-02-23 05:00:00,SPY,401.56,402.2,396.25,400.66,96195399.0
36,2023-02-24 05:00:00,SPY,395.42,397.25,393.64,396.38,108122913.0
37,2023-02-27 05:00:00,SPY,399.87,401.29,396.75,397.73,80251136.0
38,2023-02-28 05:00:00,SPY,397.23,399.28,396.15,396.26,96350567.0
39,2023-03-01 05:00:00,SPY,395.41,396.69,393.38,394.74,99552823.0
40,2023-03-02 05:00:00,SPY,392.68,398.69,392.33,397.81,85372726.0
41,2023-03-03 05:00:00,SPY,399.71,404.45,399.03,404.19,90119952.0
42,2023-03-06 05:00:00,SPY,405.05,407.45,404.01,404.47,72758446.0
43,2023-03-07 05:00:00,SPY,404.42,404.67,397.625,398.27,108161096.0
44,2023-03-08 05:00:00,SPY,398.39,399.71,396.59,398.92,74446632.0
45,2023-03-09 05:00:00,SPY,399.74,401.48,390.53,391.56,111830522.0
46,2023-03-10 05:00:00,SPY,390.99,393.16,384.32,385.91,189189896.0
47,2023-03-13 04:00:00,SPY,381.81,390.39,380.65,385.36,157039967.0
48,2023-03-14 04:00:00,SPY,390.5,393.45,387.05,391.73,149752354.0
49,2023-03-15 04:00:00,SPY,385.89,389.49,383.71,389.28,172784933.0
50,2023-03-16 04:00:00,SPY,386.82,396.47,386.29,396.11,143667640.0
51,2023-03-17 04:00:00,SPY,393.22,394.4,388.55,389.99,140350911.0
52,2023-03-20 04:00:00,SPY,390.8,394.17,390.07,393.74,93055783.0
53,2023-03-21 04:00:00,SPY,397.24,399.41,395.58,398.91,91439734.0
54,2023-03-22 04:00:00,SPY,398.73,402.49,392.07,392.11,111699083.0
55,2023-03-23 04:00:00,SPY,395.09,399.29,390.35,393.17,119243819.0
56,2023-03-24 04:00:00,SPY,391.841,395.84,389.4,395.75,107397124.0
57,2023-03-27 04:00:00,SPY,398.12,398.92,395.56,396.49,74010408.0
58,2023-03-28 04:00:00,SPY,395.77,396.49,393.69,395.6,62871680.0
59,2023-03-29 04:00:00,SPY,399.925,401.6,398.68,401.35,77497876.0
60,2023-03-30 04:00:00,SPY,404.09,404.35,401.76,403.7,69726849.0
61,2023-03-31 04:00:00,SPY,404.66,409.7,404.55,409.39,112024624.0
62,2023-04-03 04:00:00,SPY,408.85,411.37,408.44,410.95,67331097.0
63,2023-04-04 04:00:00,SPY,411.62,411.92,407.24,408.67,66526534.0
64,2023-04-05 04:00:00,SPY,407.91,408.7,405.88,407.6,64855243.0
65,2023-04-06 04:00:00,SPY,406.77,409.48,405.678,409.19,63743345.0
66,2023-04-10 04:00:00,SPY,406.61,409.69,405.97,409.61,63681042.0
67,2023-04-11 04:00:00,SPY,410.26,411.18,408.92,409.72,59297945.0
68,2023-04-12 04:00:00,SPY,411.87,412.17,407.44,408.05,86413179.0
69,2023-04-13 04:00:00,SPY,409.18,413.84,407.9922,413.47,85785954.0
70,2023-04-14 04:00:00,SPY,412.81,415.09,410.06,412.46,78155845.0
71,2023-04-17 04:00:00,SPY,412.37,413.96,411.085,413.94,66321399.0
72,2023-04-18 04:00:00,SPY,415.58,415.72,412.7802,414.21,63550097.0
73,2023-04-19 04:00:00,SPY,412.22,415.08,412.16,414.14,55227330.0
74,2023-04-20 04:00:00,SPY,411.21,413.7,410.27,411.88,75840359.0
75,2023-04-21 04:00:00,SPY,412.19,412.68,410.17,412.2,73107422.0
76,2023-04-24 04:00:00,SPY,411.99,413.07,410.6,412.63,64324595.0
77,2023-04-25 04:00:00,SPY,410.58,411.16,406.02,406.08,96743071.0
78,2023-04-26 04:00:00,SPY,406.72,407.84,403.78,404.36,80447049.0
79,2023-04-27 04:00:00,SPY,407.0,412.69,406.74,412.41,92943619.0
80,2023-04-28 04:00:00,SPY,411.49,415.94,411.43,415.93,89433137.0
81,2023-05-01 04:00:00,SPY,415.47,417.62,415.265,415.51,62012504.0
82,2023-05-02 04:00:00,SPY,414.77,414.82,407.82,410.84,103880184.0
83,2023-05-03 04:00:00,SPY,411.36,413.87,407.77,408.02,91531769.0
84,2023-05-04 04:00:00,SPY,406.93,407.27,403.74,405.13,94831863.0
85,2023-05-05 04:00:00,SPY,408.91,413.72,408.64,412.63,87627791.0
86,2023-05-08 04:00:00,SPY,412.97,413.24,411.28,412.74,50046768.0
87,2023-05-09 04:00:00,SPY,411.13,412.09,410.6894,410.93,49215359.0
88,2023-05-10 04:00:00,SPY,413.88,414.535,408.87,412.85,96142922.0
89,2023-05-11 04:00:00,SPY,411.95,412.43,409.97,412.13,70147264.0
90,2023-05-12 04:00:00,SPY,413.42,413.64,409.07,411.59,70481548.0
91,2023-05-15 04:00:00,SPY,412.22,413.43,410.23,413.01,54289383.0
92,2023-05-16 04:00:00,SPY,411.86,412.815,410.24,410.25,57705495.0
93,2023-05-17 04:00:00,SPY,412.35,415.855,410.635,415.23,86786957.0
94,2023-05-18 04:00:00,SPY,414.9,419.67,414.67,419.23,97177195.0
95,2023-05-19 04:00:00,SPY,420.17,420.72,417.35,418.62,103793317.0
96,2023-05-22 04:00:00,SPY,418.64,420.39,417.35,418.79,60717899.0
97,2023-05-23 04:00:00,SPY,417.08,418.722,413.68,414.09,86383493.0
98,2023-05-24 04:00:00,SPY,412.42,412.82,409.8795,411.09,89201678.0
99,2023-05-25 04:00:00,SPY,414.74,416.16,412.4101,414.65,90961606.0
100,2023-05-26 04:00:00,SPY,415.33,420.77,415.25,420.02,93829975.0
101,2023-05-30 04:00:00,SPY,422.03,422.58,418.735,420.18,72207960.0
102,2023-05-31 04:00:00,SPY,418.28,419.22,416.22,417.85,110782530.0
103,2023-06-01 04:00:00,SPY,418.09,422.92,416.79,421.82,88758018.0
104,2023-06-02 04:00:00,SPY,424.5,428.74,423.95,427.92,91426171.0
105,2023-06-05 04:00:00,SPY,428.28,429.67,426.37,427.1,70168016.0
106,2023-06-06 04:00:00,SPY,426.67,428.5772,425.99,428.03,63706675.0
107,2023-06-07 04:00:00,SPY,428.44,429.62,426.11,426.55,85344025.0
108,2023-06-08 04:00:00,SPY,426.62,429.6,425.82,429.13,61952842.0
109,2023-06-09 04:00:00,SPY,429.96,431.99,428.87,429.9,85647268.0
110,2023-06-12 04:00:00,SPY,430.92,433.88,430.17,433.8,76256703.0
111,2023-06-13 04:00:00,SPY,435.32,437.33,434.63,436.66,95847204.0
112,2023-06-14 04:00:00,SPY,437.01,439.0612,433.59,437.18,100603680.0
113,2023-06-15 04:00:00,SPY,436.33,443.9,436.23,442.6,110195091.0
114,2023-06-16 04:00:00,SPY,443.02,443.6078,438.97,439.46,114165849.0
115,2023-06-20 04:00:00,SPY,437.45,438.37,435.03,437.18,75935359.0
116,2023-06-21 04:00:00,SPY,436.16,436.99,434.33,434.94,76840751.0
117,2023-06-22 04:00:00,SPY,433.95,436.62,433.6,436.51,70510175.0
118,2023-06-23 04:00:00,SPY,432.93,435.06,432.47,433.21,91981537.0
119,2023-06-26 04:00:00,SPY,432.62,434.61,431.19,431.44,72723560.0
120,2023-06-27 04:00:00,SPY,432.35,436.81,431.88,436.17,73064702.0
121,2023-06-28 04:00:00,SPY,435.05,437.44,434.41,436.39,75635976.0
122,2023-06-29 04:00:00,SPY,435.96,438.28,435.54,438.11,67882304.0
123,2023-06-30 04:00:00,SPY,441.44,444.3,441.11,443.28,104964019.0
124,2023-07-03 04:00:00,SPY,442.92,444.08,442.63,443.79,32593378.0
125,2023-07-05 04:00:00,SPY,441.91,443.889,441.9,443.13,58418432.0
126,2023-07-06 04:00:00,SPY,439.42,440.1,437.06,439.66,80658302.0
127,2023-07-07 04:00:00,SPY,438.63,442.64,438.3,438.55,85434178.0
128,2023-07-10 04:00:00,SPY,438.18,439.84,437.585,439.66,62443501.0
129,2023-07-11 04:00:00,SPY,440.45,442.97,439.44,442.46,64463752.0
130,2023-07-12 04:00:00,SPY,446.39,447.4799,444.91,446.02,91895927.0
131,2023-07-13 04:00:00,SPY,447.9,450.38,447.45,449.56,71975241.0
132,2023-07-14 04:00:00,SPY,450.475,451.36,448.49,449.28,69695823.0
133,2023-07-17 04:00:00,SPY,449.13,451.93,449.08,450.84,52680221.0
134,2023-07-18 04:00:00,SPY,450.5,454.86,450.0484,454.19,80744448.0
135,2023-07-19 04:00:00,SPY,455.01,456.43,454.1119,455.2,65639688.0
136,2023-07-20 04:00:00,SPY,454.17,455.1,451.44,452.18,70575142.0
137,2023-07-21 04:00:00,SPY,453.96,454.165,452.17,452.18,70940618.0
138,2023-07-24 04:00:00,SPY,453.37,455.04,452.298,454.2,54043580.0
139,2023-07-25 04:00:00,SPY,453.92,456.735,453.87,455.44,54844740.0
140,2023-07-26 04:00:00,SPY,454.47,456.99,453.38,455.51,70897885.0
141,2023-07-27 04:00:00,SPY,459.02,459.44,451.55,452.49,92090375.0
142,2023-07-28 04:00:00,SPY,455.88,457.78,452.4918,456.92,80001790.0
143,2023-07-31 04:00:00,SPY,457.41,458.16,456.045,457.79,61970449.0
144,2023-08-01 04:00:00,SPY,456.27,457.25,455.49,456.48,55478674.0
145,2023-08-02 04:00:00,SPY,453.25,453.52,449.3499,450.13,93933369.0
146,2023-08-03 04:00:00,SPY,448.04,450.79,447.37,448.84,63910792.0
147,2023-08-04 04:00:00,SPY,450.72,452.895,446.27,446.81,100128902.0
148,2023-08-07 04:00:00,SPY,448.71,450.865,447.99,450.71,58328464.0
149,2023-08-08 04:00:00,SPY,448.08,450.6952,445.2705,448.75,71319824.0
150,2023-08-09 04:00:00,SPY,449.03,449.1999,444.96,445.75,78789575.0
151,2023-08-10 04:00:00,SPY,448.19,451.7,444.7,445.91,93005495.0
152,2023-08-11 04:00:00,SPY,443.97,446.7007,443.345,445.65,68636902.0
153,2023-08-14 04:00:00,SPY,444.7,448.11,444.38,448.11,47825941.0
154,2023-08-15 04:00:00,SPY,446.27,446.64,442.3,442.89,75703284.0
155,2023-08-16 04:00:00,SPY,442.46,444.18,439.53,439.64,80107206.0
156,2023-08-17 04:00:00,SPY,441.16,441.43,435.75,436.29,95711315.0
157,2023-08-18 04:00:00,SPY,433.37,437.57,433.01,436.5,97499400.0
158,2023-08-21 04:00:00,SPY,437.55,440.11,435.32,439.34,68703957.0
159,2023-08-22 04:00:00,SPY,441.18,441.18,437.57,438.15,65053111.0
160,2023-08-23 04:00:00,SPY,439.25,443.67,439.1,443.03,68441021.0
161,2023-08-24 04:00:00,SPY,444.69,445.22,436.855,436.89,88351064.0
162,2023-08-25 04:00:00,SPY,438.68,441.3,435.0,439.97,102325103.0
163,2023-08-28 04:00:00,SPY,442.24,443.4,439.9728,442.76,61595393.0
164,2023-08-29 04:00:00,SPY,442.65,449.45,442.46,449.16,83077916.0
165,2023-08-30 04:00:00,SPY,449.51,451.67,448.78,451.01,69053911.0
166,2023-08-31 04:00:00,SPY,451.65,452.83,450.16,450.35,66084563.0
167,2023-09-01 04:00:00,SPY,453.17,453.67,449.68,451.19,58944098.0
168,2023-09-05 04:00:00,SPY,450.73,451.06,449.17,449.24,54634810.0
169,2023-09-06 04:00:00,SPY,448.4,448.51,443.81,446.22,70758512.0
170,2023-09-07 04:00:00,SPY,443.11,445.55,442.75,444.85,70348426.0
171,2023-09-08 04:00:00,SPY,444.9,447.11,444.53,445.52,62068437.0
172,2023-09-11 04:00:00,SPY,448.24,448.77,446.4699,448.45,59977618.0
173,2023-09-12 04:00:00,SPY,446.95,448.53,445.39,445.99,67565422.0
174,2023-09-13 04:00:00,SPY,446.22,447.71,445.0793,446.51,60123672.0
175,2023-09-14 04:00:00,SPY,449.07,451.08,447.715,450.36,83133514.0
176,2023-09-15 04:00:00,SPY,447.14,447.48,442.92,443.37,111798734.0
177,2023-09-18 04:00:00,SPY,443.05,444.97,442.56,443.63,55752213.0
178,2023-09-19 04:00:00,SPY,442.68,443.29,439.94,442.71,66514648.0
179,2023-09-20 04:00:00,SPY,444.01,444.435,438.43,438.64,82472602.0
180,2023-09-21 04:00:00,SPY,435.7,435.97,431.23,431.39,102273826.0
181,2023-09-22 04:00:00,SPY,432.45,434.1,429.99,430.42,100829684.0
182,2023-09-25 04:00:00,SPY,429.17,432.27,428.72,432.23,70822134.0
183,2023-09-26 04:00:00,SPY,429.09,429.82,425.02,425.88,96130936.0
184,2023-09-27 04:00:00,SPY,427.09,427.67,422.29,426.05,104439847.0
185,2023-09-28 04:00:00,SPY,425.48,430.2499,424.87,428.52,91858308.0
186,2023-09-29 04:00:00,SPY,431.67,431.85,425.91,427.48,115111319.0
187,2023-10-02 04:00:00,SPY,426.62,428.6,424.46,427.31,83798599.0
188,2023-10-03 04:00:00,SPY,425.06,427.3729,420.18,421.59,103698607.0
189,2023-10-04 04:00:00,SPY,422.07,425.4299,420.56,424.66,87452518.0
190,2023-10-05 04:00:00,SPY,424.36,425.37,421.1701,424.5,70128794.0
191,2023-10-06 04:00:00,SPY,421.97,431.125,420.6,429.54,113213309.0
192,2023-10-09 04:00:00,SPY,427.58,432.88,427.0101,432.29,80374362.0
193,2023-10-10 04:00:00,SPY,432.94,437.22,432.53,434.54,78499268.0
194,2023-10-11 04:00:00,SPY,435.64,436.58,433.18,436.32,62451736.0
195,2023-10-12 04:00:00,SPY,436.95,437.335,431.23,433.66,80654230.0
196,2023-10-13 04:00:00,SPY,435.21,436.45,429.88,431.5,95201132.0
197,2023-10-16 04:00:00,SPY,433.82,437.14,433.57,436.04,75433194.0
198,2023-10-17 04:00:00,SPY,432.81,438.14,432.45,436.02,75232708.0
199,2023-10-18 04:00:00,SPY,434.19,435.18,429.09,430.21,93559798.0
200,2023-10-19 04:00:00,SPY,430.95,432.82,425.725,426.43,121295457.0
201,2023-10-20 04:00:00,SPY,425.98,426.54,421.08,421.19,122919874.0
202,2023-10-23 04:00:00,SPY,419.61,424.45,417.8,420.46,91840945.0
203,2023-10-24 04:00:00,SPY,422.65,424.82,420.74,423.63,78564239.0
204,2023-10-25 04:00:00,SPY,421.89,421.92,417.015,417.55,93911198.0
205,2023-10-26 04:00:00,SPY,416.45,417.325,411.6,412.55,115062041.0
206,2023-10-27 04:00:00,SPY,414.19,414.6,409.21,410.68,107367671.0
207,2023-10-30 04:00:00,SPY,413.56,416.68,408.91,415.59,86560987.0
208,2023-10-31 04:00:00,SPY,416.18,418.53,414.21,418.2,79631900.0
209,2023-11-01 04:00:00,SPY,419.2,423.5,418.6499,422.66,98068115.0
210,2023-11-02 04:00:00,SPY,426.58,430.915,426.56,430.76,94838909.0
211,2023-11-03 04:00:00,SPY,433.14,436.29,433.01,434.69,99620775.0
212,2023-11-06 05:00:00,SPY,435.47,436.1498,433.68,435.69,67216066.0
213,2023-11-07 05:00:00,SPY,435.69,437.585,434.51,436.93,64256114.0
214,2023-11-08 05:00:00,SPY,437.55,438.09,434.87,437.25,61731027.0
215,2023-11-09 05:00:00,SPY,438.43,438.47,433.4,433.84,83071417.0
216,2023-11-10 05:00:00,SPY,435.98,440.93,433.8335,440.61,89558054.0
217,2023-11-13 05:00:00,SPY,439.23,441.33,438.42,440.19,52192568.0
218,2023-11-14 05:00:00,SPY,446.32,450.06,446.09,448.73,97130503.0
219,2023-11-15 05:00:00,SPY,450.11,451.38,448.8,449.68,77327573.0
220,2023-11-16 05:00:00,SPY,449.22,450.56,448.12,450.23,66654468.0
221,2023-11-17 05:00:00,SPY,450.24,451.42,449.29,450.79,83193902.0
222,2023-11-20 05:00:00,SPY,450.53,455.125,450.52,454.26,69614633.0
223,2023-11-21 05:00:00,SPY,453.1842,454.131,451.9599,453.27,49244639.0
224,2023-11-22 05:00:00,SPY,454.98,456.38,453.8895,455.02,59446573.0
225,2023-11-24 05:00:00,SPY,455.07,455.5,454.73,455.3,29667375.0
226,2023-11-27 05:00:00,SPY,454.65,455.4901,454.0799,454.48,50412985.0
227,2023-11-28 05:00:00,SPY,454.08,456.27,453.5,454.93,62083811.0
228,2023-11-29 05:00:00,SPY,457.15,458.32,454.2,454.61,63140992.0
229,2023-11-30 05:00:00,SPY,455.48,456.76,453.34,456.4,79752700.0
230,2023-12-01 05:00:00,SPY,455.77,459.65,455.16,459.1,88983400.0
231,2023-12-04 05:00:00,SPY,455.6,459.1206,454.34,456.69,72430888.0
232,2023-12-05 05:00:00,SPY,455.26,457.59,454.87,456.6,69793469.0
233,2023-12-06 05:00:00,SPY,458.81,458.84,454.31,454.76,69124685.0
234,2023-12-07 05:00:00,SPY,456.91,458.9,456.29,458.23,66475446.0
235,2023-12-08 05:00:00,SPY,457.46,460.745,457.21,460.2,82769404.0
236,2023-12-11 05:00:00,SPY,459.69,462.17,459.47,461.99,64895247.0
237,2023-12-12 05:00:00,SPY,461.63,464.2,460.6,464.1,68327617.0
238,2023-12-13 05:00:00,SPY,464.49,470.7599,464.12,470.5,93221960.0
239,2023-12-14 05:00:00,SPY,472.5,473.73,469.25,472.01,118424368.0
240,2023-12-15 05:00:00,SPY,469.49,470.7,467.4263,469.33,141553673.0
241,2023-12-18 05:00:00,SPY,470.98,472.98,469.8929,471.97,70375285.0
242,2023-12-19 05:00:00,SPY,472.53,474.92,472.45,474.84,55261805.0
243,2023-12-20 05:00:00,SPY,473.96,475.895,467.82,468.26,102920959.0
244,2023-12-21 05:00:00,SPY,471.33,472.975,468.84,472.7,86136465.0
245,2023-12-22 05:00:00,SPY,473.86,475.38,471.7,473.65,67160419.0
246,2023-12-26 05:00:00,SPY,474.07,476.58,473.99,475.65,55386952.0
247,2023-12-27 05:00:00,SPY,475.44,476.66,474.89,476.51,67999311.0
248,2023-12-28 05:00:00,SPY,476.88,477.55,476.26,476.69,77158116.0
249,2023-12-29 05:00:00,SPY,476.49,477.03,473.3,475.31,122133149.0
250,2024-01-02 05:00:00,SPY,472.16,473.67,470.49,472.65,122985393.0
251,2024-01-03 05:00:00,SPY,470.43,471.19,468.17,468.79,103577866.0
252,2024-01-04 05:00:00,SPY,468.3,470.96,467.05,467.28,84202339.0
253,2024-01-05 05:00:00,SPY,467.49,470.44,466.43,467.92,86118913.0
254,2024-01-08 05:00:00,SPY,468.43,474.75,468.3,474.6,74667074.0
255,2024-01-09 05:00:00,SPY,471.87,474.93,471.35,473.88,65613439.0
256,2024-01-10 05:00:00,SPY,474.16,477.4481,473.87,476.56,67300640.0
257,2024-01-11 05:00:00,SPY,477.59,478.12,472.26,476.35,77910013.0
258,2024-01-12 05:00:00,SPY,477.84,478.6,475.23,476.68,58026420.0
259,2024-01-16 05:00:00,SPY,475.26,476.6098,473.06,474.93,84814870.0
260,2024-01-17 05:00:00,SPY,471.82,472.79,469.87,472.29,68843871.0
261,2024-01-18 05:00:00,SPY,474.01,477.06,472.42,476.49,91856248.0
262,2024-01-19 05:00:00,SPY,477.65,482.72,476.5374,482.43,110834483.0
263,2024-01-22 05:00:00,SPY,484.01,485.22,482.78,483.45,75742531.0
264,2024-01-23 05:00:00,SPY,484.01,485.105,482.89,484.86,49699297.0
265,2024-01-24 05:00:00,SPY,487.81,488.77,484.8819,485.39,81725039.0
266,2024-01-25 05:00:00,SPY,487.575,488.305,485.39,488.03,72504989.0
267,2024-01-26 05:00:00,SPY,487.59,489.12,486.54,487.41,77030572.0
268,2024-01-29 05:00:00,SPY,487.73,491.415,487.17,491.27,61322751.0
269,2024-01-30 05:00:00,SPY,490.56,491.62,490.11,490.89,57658386.0
270,2024-01-31 05:00:00,SPY,488.62,489.0813,482.86,482.88,126011061.0
271,2024-02-01 05:00:00,SPY,484.63,489.23,483.8,489.2,91891637.0
272,2024-02-02 05:00:00,SPY,489.65,496.05,489.3,494.35,99228192.0
273,2024-02-05 05:00:00,SPY,493.695,494.3778,490.23,492.55,75677102.0
274,2024-02-06 05:00:00,SPY,493.52,494.32,492.05,493.98,55918602.0
275,2024-02-07 05:00:00,SPY,496.29,498.53,495.36,498.1,70413706.0
276,2024-02-08 05:00:00,SPY,498.1,498.71,497.26,498.32,52312096.0
277,2024-02-09 05:00:00,SPY,498.84,501.65,498.49,501.2,63579375.0
278,2024-02-12 05:00:00,SPY,501.17,503.5,500.24,500.98,56502283.0
279,2024-02-13 05:00:00,SPY,494.53,497.09,490.715,494.08,113099199.0
280,2024-02-14 05:00:00,SPY,496.79,499.07,494.4,498.57,68360627.0
281,2024-02-15 05:00:00,SPY,499.29,502.2,498.795,502.01,61682960.0
282,2024-02-16 05:00:00,SPY,501.7,502.87,498.75,499.51,75532928.0
283,2024-02-20 05:00:00,SPY,497.72,498.41,494.45,496.76,71736740.0
284,2024-02-21 05:00:00,SPY,495.42,497.37,493.56,497.21,59443671.0
285,2024-02-22 05:00:00,SPY,504.01,508.49,503.02,507.5,76402535.0
286,2024-02-23 05:00:00,SPY,509.27,510.13,507.1,507.85,61321818.0
287,2024-02-26 05:00:00,SPY,508.3,508.75,505.86,505.99,50386738.0
288,2024-02-27 05:00:00,SPY,506.7,507.16,504.75,506.93,48826828.0
289,2024-02-28 05:00:00,SPY,505.33,506.855,504.96,506.26,56506634.0
290,2024-02-29 05:00:00,SPY,508.07,509.74,505.35,508.08,83271045.0
291,2024-03-01 05:00:00,SPY,508.98,513.29,508.56,512.85,76692344.0
292,2024-03-04 05:00:00,SPY,512.03,514.2,512.0,512.3,49799257.0
293,2024-03-05 05:00:00,SPY,510.24,510.7,504.91,507.18,72820623.0
294,2024-03-06 05:00:00,SPY,510.55,512.069,508.42,509.75,68214867.0
295,2024-03-07 05:00:00,SPY,513.14,515.89,509.8053,514.81,58639485.0
296,2024-03-08 05:00:00,SPY,515.46,518.2201,511.13,511.72,86532535.0
297,2024-03-11 04:00:00,SPY,510.48,511.88,508.5,511.28,62557183.0
298,2024-03-12 04:00:00,SPY,513.45,517.38,510.86,516.78,72869439.0
299,2024-03-13 04:00:00,SPY,517.11,517.29,514.49,515.97,55104088.0
300,2024-03-14 04:00:00,SPY,516.97,517.125,511.82,514.95,110149920.0
301,2024-03-15 04:00:00,SPY,510.21,511.7,508.122,509.83,107646297.0
302,2024-03-18 04:00:00,SPY,514.0,515.48,512.44,512.86,88493331.0
303,2024-03-19 04:00:00,SPY,512.15,515.995,511.12,515.71,60755263.0
304,2024-03-20 04:00:00,SPY,515.77,520.62,515.08,520.48,69594574.0
305,2024-03-21 04:00:00,SPY,523.39,524.11,521.91,522.2,60256112.0
306,2024-03-22 04:00:00,SPY,522.11,522.605,520.97,521.21,78920842.0
307,2024-03-25 04:00:00,SPY,519.8,520.95,519.61,519.77,48512108.0
308,2024-03-26 04:00:00,SPY,521.23,521.58,518.4,518.81,65463744.0
309,2024-03-27 04:00:00,SPY,521.71,523.21,519.485,523.17,82999777.0
310,2024-03-28 04:00:00,SPY,523.21,524.61,522.78,523.07,96294886.0
311,2024-04-01 04:00:00,SPY,523.83,524.38,520.97,522.16,62477540.0
312,2024-04-02 04:00:00,SPY,518.24,518.98,516.48,518.84,74230308.0
313,2024-04-03 04:00:00,SPY,517.72,520.95,517.665,519.41,59155759.0
314,2024-04-04 04:00:00,SPY,523.52,523.8674,512.755,513.07,96583574.0
315,2024-04-05 04:00:00,SPY,514.46,520.44,514.01,518.43,74546483.0
316,2024-04-08 04:00:00,SPY,519.15,520.18,517.89,518.72,48331202.0
317,2024-04-09 04:00:00,SPY,520.5,520.75,514.35,519.32,68124385.0
318,2024-04-10 04:00:00,SPY,513.48,516.16,512.09,514.12,82652806.0
319,2024-04-11 04:00:00,SPY,515.68,519.48,512.08,518.0,69873607.0
320,2024-04-12 04:00:00,SPY,514.37,515.815,509.08,510.85,92561094.0
321,2024-04-15 04:00:00,SPY,515.13,515.3,503.58,504.45,92043047.0
322,2024-04-16 04:00:00,SPY,504.94,506.5,502.21,503.53,73484020.0
323,2024-04-17 04:00:00,SPY,506.05,506.22,499.12,500.55,75849825.0
324,2024-04-18 04:00:00,SPY,501.98,504.13,498.56,499.52,74548085.0
325,2024-04-19 04:00:00,SPY,499.44,500.455,493.86,495.16,102211087.0
326,2024-04-22 04:00:00,SPY,497.83,502.38,495.43,499.72,67938248.0
327,2024-04-23 04:00:00,SPY,501.78,506.09,499.5328,505.65,64633620.0
328,2024-04-24 04:00:00,SPY,506.56,507.37,503.13,505.41,55928076.0
329,2024-04-25 04:00:00,SPY,499.18,504.27,497.49,503.49,69122368.0
330,2024-04-26 04:00:00,SPY,506.35,509.88,505.7,508.26,64306118.0
331,2024-04-29 04:00:00,SPY,510.09,510.75,507.25,510.06,46415449.0
332,2024-04-30 04:00:00,SPY,508.56,509.56,501.98,501.98,77319566.0
333,2024-05-01 04:00:00,SPY,501.38,508.19,499.865,500.35,80242839.0
334,2024-05-02 04:00:00,SPY,504.15,505.89,499.55,505.03,62531429.0
335,2024-05-03 04:00:00,SPY,511.16,512.55,508.56,511.29,72674709.0
336,2024-05-06 04:00:00,SPY,513.75,516.61,513.3,516.57,47264703.0
337,2024-05-07 04:00:00,SPY,517.56,518.57,516.45,517.14,52561299.0
338,2024-05-08 04:00:00,SPY,515.26,517.74,515.14,517.19,42047214.0
339,2024-05-09 04:00:00,SPY,517.38,520.2074,516.705,520.17,43643668.0
340,2024-05-10 04:00:00,SPY,521.81,522.635,519.59,520.84,52233171.0
341,2024-05-13 04:00:00,SPY,522.56,522.67,519.74,520.91,36716361.0
342,2024-05-14 04:00:00,SPY,521.11,523.83,520.56,523.3,57535867.0
343,2024-05-15 04:00:00,SPY,525.83,530.08,525.18,529.78,59504897.0
344,2024-05-16 04:00:00,SPY,529.88,531.5218,528.54,528.69,50244827.0
345,2024-05-17 04:00:00,SPY,528.81,529.52,527.32,529.45,59162235.0
346,2024-05-20 04:00:00,SPY,529.57,531.5601,529.17,530.06,37764206.0
347,2024-05-21 04:00:00,SPY,529.28,531.52,529.07,531.36,33437001.0
348,2024-05-22 04:00:00,SPY,530.65,531.38,527.6,529.83,48389968.0
349,2024-05-23 04:00:00,SPY,532.96,533.07,524.72,525.96,57211197.0
350,2024-05-24 04:00:00,SPY,527.85,530.27,526.881,529.44,41264276.0
351,2024-05-28 04:00:00,SPY,530.27,530.51,527.11,529.81,36266602.0
352,2024-05-29 04:00:00,SPY,525.68,527.31,525.37,526.1,45190323.0
353,2024-05-30 04:00:00,SPY,524.52,525.2,521.33,522.61,45600910.0
354,2024-05-31 04:00:00,SPY,523.59,527.5,518.36,527.37,90754444.0
355,2024-06-03 04:00:00,SPY,529.02,529.31,522.6,527.8,46835702.0
356,2024-06-04 04:00:00,SPY,526.46,529.15,524.96,528.39,34557761.0
357,2024-06-05 04:00:00,SPY,530.77,534.69,528.7254,534.67,47610365.0
358,2024-06-06 04:00:00,SPY,534.98,535.42,532.68,534.66,30808530.0
359,2024-06-07 04:00:00,SPY,533.66,536.89,532.535,534.01,43224525.0
360,2024-06-10 04:00:00,SPY,533.18,535.99,532.57,535.66,35721252.0
361,2024-06-11 04:00:00,SPY,534.07,537.01,532.05,536.95,35483411.0
362,2024-06-12 04:00:00,SPY,541.63,544.12,540.3,541.36,63251305.0
363,2024-06-13 04:00:00,SPY,543.15,543.325,539.59,542.45,44460949.0
364,2024-06-14 04:00:00,SPY,540.88,542.81,539.85,542.78,40089895.0
365,2024-06-17 04:00:00,SPY,542.08,548.53,541.6072,547.1,55839457.0
366,2024-06-18 04:00:00,SPY,547.16,548.62,546.73,548.49,41376417.0
367,2024-06-20 04:00:00,SPY,549.44,550.12,545.18,547.0,70328226.0
368,2024-06-21 04:00:00,SPY,544.4,545.65,543.02,544.51,63428859.0
369,2024-06-24 04:00:00,SPY,544.33,546.95,542.62,542.74,45528654.0
370,2024-06-25 04:00:00,SPY,543.99,545.2,542.44,544.83,38273346.0
371,2024-06-26 04:00:00,SPY,543.69,546.24,543.03,545.51,38546637.0
372,2024-06-27 04:00:00,SPY,545.37,546.96,544.61,546.37,35015362.0
373,2024-06-28 04:00:00,SPY,547.16,550.28,542.95,544.22,76144535.0
374,2024-07-01 04:00:00,SPY,545.63,545.88,542.52,545.34,40295310.0
375,2024-07-02 04:00:00,SPY,543.7,549.01,543.65,549.01,40434792.0
376,2024-07-03 04:00:00,SPY,548.69,551.83,548.65,551.46,32788711.0
377,2024-07-05 04:00:00,SPY,551.77,555.05,551.12,554.64,41488389.0
378,2024-07-08 04:00:00,SPY,555.44,556.2501,554.19,555.28,35610451.0
379,2024-07-09 04:00:00,SPY,556.26,557.18,555.52,555.82,27306805.0
380,2024-07-10 04:00:00,SPY,557.07,561.67,556.77,561.32,38701220.0
381,2024-07-11 04:00:00,SPY,561.44,562.33,555.83,556.48,52754184.0
382,2024-07-12 04:00:00,SPY,557.63,563.67,557.15,559.99,53084405.0
383,2024-07-15 04:00:00,SPY,562.03,564.8371,559.63,561.53,40584293.0
384,2024-07-16 04:00:00,SPY,562.865,565.16,562.1,564.86,36439260.0
385,2024-07-17 04:00:00,SPY,558.8,560.51,556.61,556.94,57073131.0
386,2024-07-18 04:00:00,SPY,558.51,559.52,550.43,552.66,56226892.0
387,2024-07-19 04:00:00,SPY,552.42,554.08,547.91,548.99,65501881.0
388,2024-07-22 04:00:00,SPY,553.0,555.27,551.02,554.65,43346720.0
389,2024-07-23 04:00:00,SPY,554.54,556.735,553.275,553.78,34332061.0
390,2024-07-24 04:00:00,SPY,548.86,549.17,540.29,541.23,74515266.0
391,2024-07-25 04:00:00,SPY,541.35,547.455,537.45,538.41,61158288.0
392,2024-07-26 04:00:00,SPY,542.28,547.19,541.49,544.44,53763788.0
393,2024-07-29 04:00:00,SPY,546.02,547.05,542.72,544.76,38815824.0
394,2024-07-30 04:00:00,SPY,546.26,547.34,538.515,542.0,46780632.0
395,2024-07-31 04:00:00,SPY,548.98,553.5,547.5799,550.81,65663388.0
396,2024-08-01 04:00:00,SPY,552.57,554.8688,539.43,543.01,76428732.0
397,2024-08-02 04:00:00,SPY,535.75,536.99,528.6,532.9,82789070.0
398,2024-08-05 04:00:00,SPY,511.64,523.58,510.27,517.38,146176391.0
399,2024-08-06 04:00:00,SPY,519.22,529.75,517.87,522.15,84626312.0
400,2024-08-07 04:00:00,SPY,528.47,531.59,518.0519,518.66,70669558.0
401,2024-08-08 04:00:00,SPY,523.91,531.29,521.84,530.65,63276589.0
402,2024-08-09 04:00:00,SPY,529.81,534.51,528.56,532.99,45575558.0
403,2024-08-12 04:00:00,SPY,534.21,535.73,530.95,533.27,42541669.0
404,2024-08-13 04:00:00,SPY,536.53,542.28,536.28,542.04,52333073.0
405,2024-08-14 04:00:00,SPY,542.85,544.96,540.12,543.75,42428929.0
406,2024-08-15 04:00:00,SPY,549.5,553.36,548.88,553.07,60821612.0
407,2024-08-16 04:00:00,SPY,551.42,555.02,551.26,554.31,44402728.0
408,2024-08-19 04:00:00,SPY,554.73,559.61,553.86,559.61,38721793.0
409,2024-08-20 04:00:00,SPY,559.15,560.84,557.325,558.7,33732264.0
410,2024-08-21 04:00:00,SPY,559.77,562.11,554.73,560.62,41491400.0
411,2024-08-22 04:00:00,SPY,562.56,563.18,554.98,556.22,55935456.0
412,2024-08-23 04:00:00,SPY,559.53,563.09,557.29,562.13,50639393.0
413,2024-08-26 04:00:00,SPY,563.18,563.91,559.05,560.79,35764609.0
414,2024-08-27 04:00:00,SPY,559.49,562.06,558.32,561.56,32676398.0
415,2024-08-28 04:00:00,SPY,561.21,561.65,555.04,558.3,41066024.0
416,2024-08-29 04:00:00,SPY,560.31,563.68,557.18,558.35,38685176.0
417,2024-08-30 04:00:00,SPY,560.77,564.2,557.14,563.68,62662610.0
418,2024-09-03 04:00:00,SPY,560.47,560.81,549.51,552.08,60600113.0
419,2024-09-04 04:00:00,SPY,550.2,554.43,549.46,550.95,47218939.0
420,2024-09-05 04:00:00,SPY,550.89,553.7995,547.1,549.61,44254358.0
421,2024-09-06 04:00:00,SPY,549.94,551.6,539.44,540.36,68487281.0
422,2024-09-09 04:00:00,SPY,544.65,547.71,542.68,546.41,40440622.0
423,2024-09-10 04:00:00,SPY,548.36,549.15,543.38,548.79,36393139.0
424,2024-09-11 04:00:00,SPY,548.7,555.36,539.96,554.42,75208608.0
425,2024-09-12 04:00:00,SPY,555.01,559.4,552.74,559.09,51892735.0
426,2024-09-13 04:00:00,SPY,559.71,563.03,559.45,562.01,39310501.0
427,2024-09-16 04:00:00,SPY,561.74,563.11,559.9,562.84,36646122.0
428,2024-09-17 04:00:00,SPY,565.1,566.58,560.795,563.07,49320970.0
429,2024-09-18 04:00:00,SPY,563.74,568.69,560.83,561.4,59044937.0
430,2024-09-19 04:00:00,SPY,571.01,572.88,568.08,570.98,75315470.0
431,2024-09-20 04:00:00,SPY,567.84,569.31,565.17,568.25,77503110.0
432,2024-09-23 04:00:00,SPY,569.34,570.3325,568.1,569.67,44116922.0
433,2024-09-24 04:00:00,SPY,570.48,571.36,567.6,571.3,46805672.0
434,2024-09-25 04:00:00,SPY,571.14,571.89,568.91,570.04,38428587.0
435,2024-09-26 04:00:00,SPY,574.38,574.71,569.9,572.3,48295204.0
436,2024-09-27 04:00:00,SPY,573.39,574.22,570.42,571.47,42008928.0
437,2024-09-30 04:00:00,SPY,570.42,574.38,568.08,573.76,63649448.0
438,2024-10-01 04:00:00,SPY,573.4,574.0622,566.0,568.62,72668778.0
439,2024-10-02 04:00:00,SPY,567.71,569.9,565.27,568.86,36964473.0
440,2024-10-03 04:00:00,SPY,567.36,569.8025,565.49,567.82,40846466.0
441,2024-10-04 04:00:00,SPY,572.35,573.36,568.1,572.98,43005186.0
442,2024-10-07 04:00:00,SPY,571.3,571.9599,566.63,567.8,49964690.0
443,2024-10-08 04:00:00,SPY,570.42,573.78,569.5299,573.17,37384545.0
444,2024-10-09 04:00:00,SPY,573.16,577.71,572.55,577.14,37912244.0
445,2024-10-10 04:00:00,SPY,575.77,577.58,574.49,576.13,44138060.0
446,2024-10-11 04:00:00,SPY,576.05,580.33,575.91,579.58,42267994.0
447,2024-10-14 04:00:00,SPY,581.22,585.27,580.73,584.32,36217215.0
448,2024-10-15 04:00:00,SPY,584.59,584.9,578.545,579.78,54203636.0
449,2024-10-16 04:00:00,SPY,579.78,582.83,578.96,582.3,30725436.0
450,2024-10-17 04:00:00,SPY,585.91,586.12,582.16,582.35,34393714.0
451,2024-10-18 04:00:00,SPY,584.07,585.39,582.58,584.59,37416801.0
452,2024-10-21 04:00:00,SPY,583.85,584.85,580.6001,583.63,35962087.0
453,2024-10-22 04:00:00,SPY,581.05,584.5,580.38,583.32,34183835.0
454,2024-10-23 04:00:00,SPY,581.26,581.7086,574.415,577.99,49314574.0
455,2024-10-24 04:00:00,SPY,579.98,580.06,576.57,579.24,34936280.0
456,2024-10-25 04:00:00,SPY,581.51,584.46,578.08,579.04,47162676.0
457,2024-10-28 04:00:00,SPY,582.58,582.71,580.52,580.83,29874704.0
458,2024-10-29 04:00:00,SPY,579.85,582.907,578.43,581.77,42899661.0
459,2024-10-30 04:00:00,SPY,581.29,583.32,579.29,580.01,41023008.0
460,2024-10-31 04:00:00,SPY,575.56,575.63,568.44,568.64,60172563.0
461,2024-11-01 04:00:00,SPY,571.32,575.55,570.62,571.04,45667533.0
462,2024-11-04 05:00:00,SPY,571.18,572.5,567.89,569.81,36515975.0
463,2024-11-05 05:00:00,SPY,570.74,576.74,570.52,576.7,39477122.0
464,2024-11-06 05:00:00,SPY,589.2,591.93,585.39,591.04,67703468.0
465,2024-11-07 05:00:00,SPY,593.08,596.65,592.9999,595.61,47231212.0
466,2024-11-08 05:00:00,SPY,596.17,599.64,596.165,598.19,46422893.0
467,2024-11-11 05:00:00,SPY,599.81,600.17,597.0,598.76,37586773.0
468,2024-11-12 05:00:00,SPY,598.68,599.29,594.37,596.9,43006128.0
469,2024-11-13 05:00:00,SPY,597.37,599.23,594.96,597.19,47386040.0
470,2024-11-14 05:00:00,SPY,597.32,597.81,592.65,593.35,38799709.0
471,2024-11-15 05:00:00,SPY,589.72,590.2,583.86,585.75,75731266.0
472,2024-11-18 05:00:00,SPY,586.22,589.49,585.34,588.15,37084081.0
473,2024-11-19 05:00:00,SPY,584.71,591.045,584.03,590.3,49402046.0
474,2024-11-20 05:00:00,SPY,590.38,590.79,584.63,590.5,50032576.0
475,2024-11-21 05:00:00,SPY,593.4,595.12,587.45,593.67,46750285.0
476,2024-11-22 05:00:00,SPY,593.66,596.15,593.1525,595.51,38176390.0
477,2024-11-25 05:00:00,SPY,599.52,600.86,595.2,597.53,42441393.0
478,2024-11-26 05:00:00,SPY,598.8,601.33,598.07,600.65,45620288.0
479,2024-11-27 05:00:00,SPY,600.46,600.85,597.28,598.83,34000163.0
480,2024-11-29 05:00:00,SPY,599.66,603.35,599.3805,602.55,30177351.0
481,2024-12-02 05:00:00,SPY,602.97,604.32,602.47,603.63,31745989.0
482,2024-12-03 05:00:00,SPY,603.39,604.16,602.341,603.91,26906629.0
483,2024-12-04 05:00:00,SPY,605.63,607.91,604.95,607.66,42730561.0
484,2024-12-05 05:00:00,SPY,607.66,608.48,606.305,606.66,28712587.0
485,2024-12-06 05:00:00,SPY,607.44,609.07,607.02,607.81,30958549.0
486,2024-12-09 05:00:00,SPY,607.69,607.86,604.08,604.68,34739738.0
487,2024-12-10 05:00:00,SPY,605.37,605.8,602.13,602.8,37234515.0
488,2024-12-11 05:00:00,SPY,605.78,608.435,605.5,607.46,28631073.0
489,2024-12-12 05:00:00,SPY,606.58,607.16,604.33,604.33,31523812.0
490,2024-12-13 05:00:00,SPY,606.4,607.13,602.81,604.21,35851730.0
491,2024-12-16 05:00:00,SPY,606.0,607.7795,605.21,606.79,43658879.0
492,2024-12-17 05:00:00,SPY,604.19,605.17,602.885,604.29,55769545.0
493,2024-12-18 05:00:00,SPY,603.98,606.405,585.89,586.28,107247211.0
494,2024-12-19 05:00:00,SPY,591.36,593.0,585.85,586.1,85598152.0
495,2024-12-20 05:00:00,SPY,581.77,595.75,580.91,591.15,124674174.0
496,2024-12-23 05:00:00,SPY,590.89,595.3,587.661,594.69,57529328.0
497,2024-12-24 05:00:00,SPY,596.06,601.34,595.47,601.3,33157697.0
498,2024-12-26 05:00:00,SPY,599.5,602.48,598.0825,601.34,41329191.0
499,2024-12-27 05:00:00,SPY,597.54,597.7761,590.7647,595.01,64759310.0
500,2024-12-30 05:00:00,SPY,587.89,591.74,584.41,588.22,56155557.0
501,2024-12-31 05:00:00,SPY,589.905,590.6399,584.42,586.08,57052654.0
502,2025-01-02 05:00:00,SPY,589.39,591.13,580.5,584.64,50079975.0
503,2025-01-03 05:00:00,SPY,587.53,592.6,586.43,591.95,37868659.0
504,2025-01-06 05:00:00,SPY,596.27,599.7,593.6,595.36,47123442.0
505,2025-01-07 05:00:00,SPY,597.42,597.75,586.78,588.63,60205552.0
506,2025-01-08 05:00:00,SPY,588.7,590.5799,585.195,589.49,47222672.0
507,2025-01-10 05:00:00,SPY,585.88,585.95,578.55,580.49,73060046.0
508,2025-01-13 05:00:00,SPY,575.77,581.75,575.35,581.39,47770060.0
509,2025-01-14 05:00:00,SPY,584.36,585.0,578.35,582.19,48377580.0
510,2025-01-15 05:00:00,SPY,590.325,593.94,589.195,592.78,56885159.0
511,2025-01-16 05:00:00,SPY,594.175,594.35,590.93,591.64,43292162.0
512,2025-01-17 05:00:00,SPY,596.96,599.36,595.61,597.58,55360878.0
513,2025-01-21 05:00:00,SPY,600.67,603.06,598.67,603.05,42487853.0
514,2025-01-22 05:00:00,SPY,605.92,607.82,605.36,606.44,48195973.0
515,2025-01-23 05:00:00,SPY,605.8,609.75,605.52,609.75,40935363.0
516,2025-01-24 05:00:00,SPY,609.81,610.78,606.8,607.97,34604693.0
517,2025-01-27 05:00:00,SPY,594.81,599.69,594.64,599.37,70298125.0
518,2025-01-28 05:00:00,SPY,600.62,605.37,597.25,604.52,44433322.0
519,2025-01-29 05:00:00,SPY,603.72,604.13,599.22,601.81,37155029.0
520,2025-01-30 05:00:00,SPY,603.96,606.6,600.715,605.04,39092005.0
521,2025-01-31 05:00:00,SPY,607.5,609.96,601.05,601.82,66644817.0
522,2025-02-03 05:00:00,SPY,592.67,600.29,590.49,597.77,65817248.0
523,2025-02-04 05:00:00,SPY,597.83,602.3,597.28,601.78,33346815.0
524,2025-02-05 05:00:00,SPY,600.64,604.37,598.58,604.22,30623149.0
525,2025-02-06 05:00:00,SPY,605.99,606.4525,602.63,606.32,35771503.0
526,2025-02-07 05:00:00,SPY,606.89,608.13,600.05,600.77,50750516.0
527,2025-02-10 05:00:00,SPY,604.03,605.4999,602.74,604.85,26045714.0
528,2025-02-11 05:00:00,SPY,602.55,605.86,602.43,605.31,30056740.0
529,2025-02-12 05:00:00,SPY,599.2,604.55,598.51,603.36,45076076.0
530,2025-02-13 05:00:00,SPY,604.48,609.94,603.2,609.73,40768881.0
531,2025-02-14 05:00:00,SPY,609.94,610.99,609.07,609.7,26910448.0
532,2025-02-18 05:00:00,SPY,610.88,611.49,608.38,611.49,26708205.0
533,2025-02-19 05:00:00,SPY,610.08,613.23,609.56,612.93,31011072.0
534,2025-02-20 05:00:00,SPY,611.54,611.684,607.02,610.38,36553902.0
535,2025-02-21 05:00:00,SPY,610.16,610.3,599.47,599.94,76448318.0
536,2025-02-24 05:00:00,SPY,602.02,603.03,596.49,597.21,50737213.0
537,2025-02-25 05:00:00,SPY,597.15,597.89,589.56,594.24,56911072.0
538,2025-02-26 05:00:00,SPY,595.93,599.58,591.8556,594.54,43321578.0
539,2025-02-27 05:00:00,SPY,596.85,598.02,584.65,585.05,74182664.0
540,2025-02-28 05:00:00,SPY,585.56,594.72,582.44,594.18,88487668.0
541,2025-03-03 05:00:00,SPY,596.18,597.34,579.9,583.77,74249199.0
542,2025-03-04 05:00:00,SPY,579.71,585.39,572.25,576.86,109632212.0
543,2025-03-05 05:00:00,SPY,576.69,584.88,573.0795,583.06,70927248.0
544,2025-03-06 05:00:00,SPY,575.48,580.1736,570.12,572.71,80069568.0
545,2025-03-07 05:00:00,SPY,570.9,577.39,565.63,575.92,80415816.0
546,2025-03-10 04:00:00,SPY,567.59,569.54,555.59,560.58,98286124.0
547,2025-03-11 04:00:00,SPY,559.4,564.02,552.02,555.92,87997244.0
548,2025-03-12 04:00:00,SPY,562.17,563.11,553.69,558.87,69547267.0
549,2025-03-13 04:00:00,SPY,558.49,559.105,549.68,551.42,73979414.0
550,2025-03-14 04:00:00,SPY,556.11,563.83,551.4917,562.81,62655340.0
551,2025-03-17 04:00:00,SPY,562.79,569.71,562.35,567.15,49008709.0
552,2025-03-18 04:00:00,SPY,564.8,565.02,559.06,561.02,64791422.0
553,2025-03-19 04:00:00,SPY,562.83,570.95,561.63,567.13,66540485.0
554,2025-03-20 04:00:00,SPY,563.33,570.57,562.6012,565.49,62933195.0
555,2025-03-21 04:00:00,SPY,559.28,564.89,558.03,563.98,83760964.0
556,2025-03-24 04:00:00,SPY,570.8,575.15,570.2,574.08,58739933.0
557,2025-03-25 04:00:00,SPY,575.3,576.41,573.69,575.46,38355735.0
558,2025-03-26 04:00:00,SPY,575.19,576.33,567.19,568.59,52228898.0
559,2025-03-27 04:00:00,SPY,567.18,570.9,564.94,567.08,41925848.0
560,2025-03-28 04:00:00,SPY,565.53,566.2675,555.07,555.66,71628953.0
561,2025-03-31 04:00:00,SPY,549.83,560.7112,546.87,559.39,95128213.0
562,2025-04-01 04:00:00,SPY,557.45,562.94,553.68,560.97,54576641.0
563,2025-04-02 04:00:00,SPY,555.05,567.42,554.81,564.52,76007044.0
564,2025-04-03 04:00:00,SPY,545.11,547.97,536.7,536.7,125426398.0
565,2025-04-04 04:00:00,SPY,523.67,525.87,505.06,505.28,217902831.0
566,2025-04-07 04:00:00,SPY,489.19,523.17,481.8,504.38,256046855.0
567,2025-04-08 04:00:00,SPY,521.86,524.98,489.16,496.48,165553031.0
568,2025-04-09 04:00:00,SPY,493.44,548.62,493.05,548.62,241783327.0
569,2025-04-10 04:00:00,SPY,532.17,533.495,509.32,524.58,162294725.0
570,2025-04-11 04:00:00,SPY,523.01,536.43,520.07,533.94,96865434.0
571,2025-04-14 04:00:00,SPY,544.05,544.28,533.86,539.12,68033993.0
572,2025-04-15 04:00:00,SPY,539.675,543.23,536.81,537.61,56892874.0
573,2025-04-16 04:00:00,SPY,531.68,537.8854,520.29,525.66,83409814.0
574,2025-04-17 04:00:00,SPY,527.64,531.165,523.91,526.41,79440083.0
575,2025-04-21 04:00:00,SPY,521.16,521.7,508.46,513.88,69359529.0
576,2025-04-22 04:00:00,SPY,520.14,529.305,519.1925,527.25,75937717.0
577,2025-04-23 04:00:00,SPY,540.43,545.43,533.88,535.42,90565658.0
578,2025-04-24 04:00:00,SPY,536.715,547.43,535.4504,546.69,64149872.0
579,2025-04-25 04:00:00,SPY,546.65,551.05,543.69,550.64,60939590.0
580,2025-04-28 04:00:00,SPY,551.39,553.55,545.02,550.85,47602355.0
581,2025-04-29 04:00:00,SPY,548.91,555.45,548.55,554.32,47775121.0
582,2025-04-30 04:00:00,SPY,547.57,556.52,541.52,554.54,93094138.0
583,2025-05-01 04:00:00,SPY,560.37,564.0699,557.86,558.47,63171646.0
584,2025-05-02 04:00:00,SPY,564.73,568.38,562.38,566.76,60717270.0
585,2025-05-05 04:00:00,SPY,562.57,566.65,561.7,563.51,38608147.0
586,2025-05-06 04:00:00,SPY,557.93,563.3476,556.96,558.8,48264708.0
587,2025-05-07 04:00:00,SPY,560.15,563.82,556.04,561.15,55733229.0
588,2025-05-08 04:00:00,SPY,565.24,570.31,561.7,565.06,65130787.0
589,2025-05-09 04:00:00,SPY,566.48,567.5,562.7637,564.34,37603427.0
590,2025-05-12 04:00:00,SPY,581.47,583.0,577.04,582.99,78993570.0
591,2025-05-13 04:00:00,SPY,583.41,589.08,582.84,586.84,67947225.0
592,2025-05-14 04:00:00,SPY,587.81,588.98,585.535,587.59,66283531.0
593,2025-05-15 04:00:00,SPY,585.56,590.97,585.0969,590.46,71268145.0
594,2025-05-16 04:00:00,SPY,591.25,594.5,589.28,594.2,76052101.0
595,2025-05-19 04:00:00,SPY,588.1,595.54,588.1,594.85,68168509.0
596,2025-05-20 04:00:00,SPY,593.09,594.05,589.6,592.85,60614492.0
597,2025-05-21 04:00:00,SPY,588.44,592.58,581.82,582.86,95197657.0
598,2025-05-22 04:00:00,SPY,582.66,586.62,581.405,583.09,70860417.0
599,2025-05-23 04:00:00,SPY,575.98,581.8101,575.6,579.11,76029046.0
600,2025-05-27 04:00:00,SPY,586.07,591.31,578.43,591.15,72588475.0
601,2025-05-28 04:00:00,SPY,591.56,592.7688,586.985,587.73,68445512.0
602,2025-05-29 04:00:00,SPY,593.06,593.2,586.07,590.05,70073758.0
603,2025-05-30 04:00:00,SPY,588.93,591.1299,583.235,589.39,90601242.0
604,2025-06-02 04:00:00,SPY,587.76,592.79,585.06,592.71,61630502.0
605,2025-06-03 04:00:00,SPY,592.34,597.08,591.85,596.09,63606204.0
606,2025-06-04 04:00:00,SPY,596.96,597.95,595.49,595.93,57314199.0
607,2025-06-05 04:00:00,SPY,597.63,599.0,591.05,593.05,92436397.0
608,2025-06-06 04:00:00,SPY,598.66,600.83,596.86,599.14,66588743.0
609,2025-06-09 04:00:00,SPY,599.72,601.25,598.49,599.68,53016418.0
610,2025-06-10 04:00:00,SPY,600.22,603.47,599.09,603.08,66246973.0
611,2025-06-11 04:00:00,SPY,604.19,605.06,599.27,601.36,73658225.0
612,2025-06-12 04:00:00,SPY,600.01,603.75,599.52,603.75,64129003.0
613,2025-06-13 04:00:00,SPY,598.5,601.85,595.48,597.0,89505996.0
614,2025-06-16 04:00:00,SPY,600.4,604.45,600.22,602.68,79984125.0
615,2025-06-17 04:00:00,SPY,600.21,601.75,596.76,597.53,82209365.0
616,2025-06-18 04:00:00,SPY,598.44,601.22,596.47,597.44,76605029.0
617,2025-06-20 04:00:00,SPY,598.38,599.46,592.86,594.28,94051374.0
618,2025-06-23 04:00:00,SPY,595.04,600.54,591.89,600.15,87426039.0
619,2025-06-24 04:00:00,SPY,604.33,607.8499,603.41,606.78,67735293.0
620,2025-06-25 04:00:00,SPY,607.91,608.61,605.54,607.12,62114767.0
621,2025-06-26 04:00:00,SPY,608.99,612.31,608.37,611.87,78548361.0
622,2025-06-27 04:00:00,SPY,612.88,616.39,610.83,614.91,86258398.0
623,2025-06-30 04:00:00,SPY,617.38,619.22,615.04,617.85,92502541.0
624,2025-07-01 04:00:00,SPY,616.36,618.83,615.52,617.65,70030140.0
625,2025-07-02 04:00:00,SPY,617.24,620.49,616.61,620.45,66510374.0
626,2025-07-03 04:00:00,SPY,622.45,626.28,622.43,625.34,51065249.0
627,2025-07-07 04:00:00,SPY,623.36,624.03,617.87,620.68,74814505.0
628,2025-07-08 04:00:00,SPY,621.35,622.11,619.52,620.34,59024585.0
629,2025-07-09 04:00:00,SPY,622.77,624.72,620.9105,624.06,66113326.0
630,2025-07-10 04:00:00,SPY,624.2,626.8701,623.01,625.82,57528960.0
631,2025-07-11 04:00:00,SPY,622.74,624.86,621.53,623.62,63670226.0
632,2025-07-14 04:00:00,SPY,623.16,625.1581,621.7999,624.81,51898518.0
633,2025-07-15 04:00:00,SPY,627.52,627.86,622.06,622.14,74317260.0
634,2025-07-16 04:00:00,SPY,623.74,624.73,618.05,624.22,88987511.0
635,2025-07-17 04:00:00,SPY,624.4,628.4048,624.18,628.04,68885683.0
636,2025-07-18 04:00:00,SPY,629.3,629.47,626.46,627.58,65621645.0
637,2025-07-21 04:00:00,SPY,628.77,631.54,628.34,628.77,63374984.0
638,2025-07-22 04:00:00,SPY,629.1,629.73,626.19,628.86,60046288.0
639,2025-07-23 04:00:00,SPY,631.55,634.21,629.73,634.21,70511036.0
640,2025-07-24 04:00:00,SPY,634.6,636.15,633.99,634.42,71307134.0
641,2025-07-25 04:00:00,SPY,635.09,637.5799,634.84,637.1,56865364.0
642,2025-07-28 04:00:00,SPY,637.48,638.04,635.54,636.94,54917102.0
643,2025-07-29 04:00:00,SPY,638.35,638.67,634.335,635.26,60556278.0
644,2025-07-30 04:00:00,SPY,635.92,637.68,631.54,634.46,80418851.0
645,2025-07-31 04:00:00,SPY,639.455,639.85,630.765,632.08,103385246.0
646,2025-08-01 04:00:00,SPY,626.3,626.34,619.29,621.72,140103572.0
647,2025-08-04 04:00:00,SPY,625.67,631.215,625.58,631.17,73218015.0
648,2025-08-05 04:00:00,SPY,631.79,632.6052,627.04,627.97,68051401.0
649,2025-08-06 04:00:00,SPY,629.05,633.44,628.13,632.78,64357525.0
650,2025-08-07 04:00:00,SPY,636.24,636.98,629.11,632.25,74205791.0
651,2025-08-08 04:00:00,SPY,634.06,637.645,633.74,637.18,64051626.0
652,2025-08-11 04:00:00,SPY,637.46,638.95,634.66,635.92,58742300.0
653,2025-08-12 04:00:00,SPY,638.29,642.85,636.79,642.69,64821798.0
654,2025-08-13 04:00:00,SPY,644.91,646.19,642.68,644.89,60092790.0
655,2025-08-14 04:00:00,SPY,642.79,645.62,642.34,644.95,59327466.0
656,2025-08-15 04:00:00,SPY,645.99,646.09,642.5153,643.44,68592507.0
657,2025-08-18 04:00:00,SPY,642.86,644.0,642.18,643.3,43804914.0
658,2025-08-19 04:00:00,SPY,643.12,644.105,638.48,639.81,69750731.0
659,2025-08-20 04:00:00,SPY,639.4,639.66,632.95,638.11,88890298.0
660,2025-08-21 04:00:00,SPY,636.28,637.97,633.81,635.55,54805775.0
661,2025-08-22 04:00:00,SPY,637.76,646.5,637.25,645.31,84083214.0
662,2025-08-25 04:00:00,SPY,644.04,645.29,642.35,642.47,51274332.0
663,2025-08-26 04:00:00,SPY,642.2,645.51,641.57,645.16,51581565.0
664,2025-08-27 04:00:00,SPY,644.57,647.37,644.42,646.63,48341069.0
665,2025-08-28 04:00:00,SPY,647.24,649.48,645.34,648.92,61519461.0
666,2025-08-29 04:00:00,SPY,647.47,647.84,643.14,645.05,74522192.0
667,2025-09-02 04:00:00,SPY,637.5,640.49,634.92,640.27,81983545.0
668,2025-09-03 04:00:00,SPY,642.67,644.21,640.46,643.74,70820898.0
669,2025-09-04 04:00:00,SPY,644.42,649.15,643.51,649.12,65219228.0
670,2025-09-05 04:00:00,SPY,651.48,652.21,643.33,647.24,85178935.0
671,2025-09-08 04:00:00,SPY,648.62,649.84,647.23,648.83,63133104.0
672,2025-09-09 04:00:00,SPY,648.97,650.86,647.22,650.33,66133856.0
673,2025-09-10 04:00:00,SPY,653.62,654.55,650.63,652.21,78034529.0
674,2025-09-11 04:00:00,SPY,654.18,658.33,653.59,657.63,69934360.0
675,2025-09-12 04:00:00,SPY,657.6,659.11,656.9,657.41,72780135.0
676,2025-09-15 04:00:00,SPY,659.64,661.04,659.34,660.91,63772412.0
677,2025-09-16 04:00:00,SPY,661.47,661.78,659.21,660.0,61168953.0
678,2025-09-17 04:00:00,SPY,660.01,661.72,654.3,659.18,101952244.0
679,2025-09-18 04:00:00,SPY,661.89,664.89,660.27,662.26,90459242.0
680,2025-09-19 04:00:00,SPY,662.33,664.55,660.37,663.7,97945620.0
681,2025-09-22 04:00:00,SPY,662.2,667.29,662.17,666.84,69452201.0
682,2025-09-23 04:00:00,SPY,666.72,667.34,661.98,663.21,81708872.0
683,2025-09-24 04:00:00,SPY,664.51,664.61,659.67,661.1,68082229.0
684,2025-09-25 04:00:00,SPY,657.94,659.4056,654.405,658.05,89622067.0
685,2025-09-26 04:00:00,SPY,659.51,662.37,657.88,661.82,69179209.0
686,2025-09-29 04:00:00,SPY,664.36,665.28,661.86,663.68,73499015.0
687,2025-09-30 04:00:00,SPY,662.93,666.65,661.61,666.18,86288028.0
688,2025-10-01 04:00:00,SPY,663.17,669.37,663.06,668.45,72545369.0
689,2025-10-02 04:00:00,SPY,670.45,670.565,666.78,669.22,56895993.0
690,2025-10-03 04:00:00,SPY,669.99,672.675,668.16,669.21,70494350.0
691,2025-10-06 04:00:00,SPY,671.62,672.51,669.455,671.61,54623260.0
692,2025-10-07 04:00:00,SPY,672.54,672.99,667.67,669.12,72020067.0
693,2025-10-08 04:00:00,SPY,670.25,673.2056,669.42,673.11,60702241.0
694,2025-10-09 04:00:00,SPY,673.53,673.94,669.21,671.16,66501941.0
695,2025-10-10 04:00:00,SPY,672.13,673.95,652.84,653.02,159422589.0
696,2025-10-13 04:00:00,SPY,660.65,665.13,659.7679,663.04,79560517.0
697,2025-10-14 04:00:00,SPY,657.17,665.83,653.17,662.23,88779560.0
698,2025-10-15 04:00:00,SPY,666.82,670.23,658.93,665.17,81702555.0
699,2025-10-16 04:00:00,SPY,666.82,668.71,657.11,660.64,110563346.0
700,2025-10-17 04:00:00,SPY,659.5,665.755,658.14,664.39,96500870.0
701,2025-10-20 04:00:00,SPY,667.32,672.21,667.27,671.3,60492650.0
702,2025-10-21 04:00:00,SPY,671.44,672.99,669.981,671.29,56249034.0
703,2025-10-22 04:00:00,SPY,672.0,672.0,663.3,667.8,80564006.0
704,2025-10-23 04:00:00,SPY,668.12,672.7101,667.8,671.76,65604461.0
705,2025-10-24 04:00:00,SPY,676.46,678.47,675.65,677.25,74356527.0
706,2025-10-27 04:00:00,SPY,682.73,685.54,682.115,685.24,63293828.0
707,2025-10-28 04:00:00,SPY,687.05,688.905,684.83,687.06,61737972.0
708,2025-10-29 04:00:00,SPY,688.72,689.7,682.87,687.39,85340645.0
709,2025-10-30 04:00:00,SPY,683.9,685.94,679.83,679.83,76335751.0
710,2025-10-31 04:00:00,SPY,685.04,685.08,679.24,682.06,87164122.0
711,2025-11-03 05:00:00,SPY,685.67,685.8,679.94,683.34,57315025.0
712,2025-11-04 05:00:00,SPY,676.11,679.96,674.58,675.24,78426969.0
713,2025-11-05 05:00:00,SPY,674.98,680.86,674.17,677.58,74402176.0
714,2025-11-06 05:00:00,SPY,676.47,677.38,668.72,670.31,85035298.0
715,2025-11-07 05:00:00,SPY,667.91,671.08,661.205,670.97,100563537.0
716,2025-11-10 05:00:00,SPY,677.235,682.18,675.03,681.44,75811399.0
717,2025-11-11 05:00:00,SPY,679.95,683.57,678.73,683.0,58937719.0
718,2025-11-12 05:00:00,SPY,684.79,684.96,680.945,683.38,62297873.0
719,2025-11-13 05:00:00,SPY,680.5,680.86,670.52,672.04,103435162.0
720,2025-11-14 05:00:00,SPY,665.38,675.66,663.265,671.93,96823977.0
721,2025-11-17 05:00:00,SPY,669.7,673.71,662.17,665.67,90398965.0
722,2025-11-18 05:00:00,SPY,662.095,665.12,655.86,660.08,114410799.0
723,2025-11-19 05:00:00,SPY,660.78,667.34,658.745,662.63,94650506.0
724,2025-11-20 05:00:00,SPY,672.91,675.56,651.89,652.53,165142677.0
725,2025-11-21 05:00:00,SPY,655.05,664.55,650.85,659.03,123955685.0
726,2025-11-24 05:00:00,SPY,662.69,670.06,661.59,668.73,80437658.0
727,2025-11-25 05:00:00,SPY,668.63,676.21,664.48,675.02,81076928.0
728,2025-11-26 05:00:00,SPY,677.63,681.7,676.72,679.68,71879437.0
729,2025-11-28 05:00:00,SPY,680.86,683.665,680.5,683.39,49211970.0
730,2025-12-01 05:00:00,SPY,678.81,682.99,678.74,680.27,61201193.0
731,2025-12-02 05:00:00,SPY,681.92,683.82,679.3275,681.53,62953844.0
732,2025-12-03 05:00:00,SPY,680.57,684.91,679.69,683.89,57238481.0
733,2025-12-04 05:00:00,SPY,685.3,685.37,681.34,684.39,61970336.0
734,2025-12-05 05:00:00,SPY,685.47,688.39,684.58,685.69,79241045.0
735,2025-12-08 05:00:00,SPY,686.59,686.64,681.57,683.63,55206578.0
736,2025-12-09 05:00:00,SPY,683.15,685.385,682.59,683.04,58285758.0
737,2025-12-10 05:00:00,SPY,682.56,688.97,681.31,687.57,85596450.0
738,2025-12-11 05:00:00,SPY,685.14,689.25,682.165,689.17,86064082.0
739,2025-12-12 05:00:00,SPY,688.17,688.88,679.1744,681.76,113128019.0
740,2025-12-15 05:00:00,SPY,685.74,685.76,679.25,680.73,90746907.0
741,2025-12-16 05:00:00,SPY,679.23,681.08,674.98,678.87,121961037.0
742,2025-12-17 05:00:00,SPY,679.89,680.435,671.195,671.4,110625191.0
743,2025-12-18 05:00:00,SPY,677.6,680.74,674.9,676.47,108552105.0
744,2025-12-19 05:00:00,SPY,676.59,681.09,676.47,680.59,103518246.0
745,2025-12-22 05:00:00,SPY,683.94,685.36,680.5868,684.83,69556733.0
746,2025-12-23 05:00:00,SPY,683.92,688.2,683.87,687.96,64839951.0
747,2025-12-24 05:00:00,SPY,687.95,690.83,687.8,690.38,39445560.0
748,2025-12-26 05:00:00,SPY,690.64,691.66,689.27,690.31,41669457.0
749,2025-12-29 05:00:00,SPY,687.54,689.2,686.07,687.85,62500773.0
750,2025-12-30 05:00:00,SPY,687.445,688.555,686.58,687.01,47143499.0
751,2025-12-31 05:00:00,SPY,687.14,687.36,681.71,681.92,74282667.0
