timestamp,open,high,low,close,volume
2023-02-01 05:00:00,16.561332431749808,17.3893990533373,15.733265810162317,16.561332431749808,1000000
2023-02-02 05:00:00,16.94668163281936,17.79401571446033,16.09934755117839,16.94668163281936,1000000
2023-02-03 05:00:00,16.852937207994064,17.695584068393767,16.01029034759436,16.852937207994064,1000000
2023-02-06 05:00:00,15.691133733538729,16.475690420215667,14.906577046861791,15.691133733538729,1000000
2023-02-07 05:00:00,16.049001862493068,16.851451955617723,15.246551769368413,16.049001862493068,1000000
2023-02-08 05:00:00,16.770132308782877,17.60863892422202,15.931625693343733,16.770132308782877,1000000
2023-02-09 05:00:00,16.776748497755584,17.615585922643366,15.937911072867804,16.776748497755584,1000000
2023-02-10 05:00:00,16.760990037998855,17.599039539898797,15.922940536098912,16.760990037998855,1000000
2023-02-13 05:00:00,17.141187888997106,17.99824728344696,16.28412849454725,17.141187888997106,1000000
2023-02-14 05:00:00,17.109280294367586,17.964744309085965,16.253816279649207,17.109280294367586,1000000
2023-02-15 05:00:00,15.783234577247285,16.57239630610965,14.99407284838492,15.783234577247285,1000000
2023-02-16 05:00:00,16.487604349994655,17.311984567494388,15.663224132494921,16.487604349994655,1000000
2023-02-17 05:00:00,15.420712734576005,16.191748371304808,14.649677097847205,15.420712734576005,1000000
2023-02-21 05:00:00,16.664460733034428,17.49768376968615,15.831237696382706,16.664460733034428,1000000
2023-02-22 05:00:00,16.66707573453943,17.500429521266405,15.833721947812458,16.66707573453943,1000000
2023-02-23 05:00:00,16.779971062076175,17.618969615179985,15.940972508972365,16.779971062076175,1000000
2023-02-24 05:00:00,16.676184270644562,17.509993484176793,15.842375057112333,16.676184270644562,1000000
2023-02-27 05:00:00,16.709780325664266,17.54526934194748,15.874291309381052,16.709780325664266,1000000
2023-02-28 05:00:00,16.181107454952738,16.990162827700374,15.3720520822051,16.181107454952738,1000000
2023-03-01 05:00:00,15.178885252155169,15.937829514762928,14.41994098954741,15.178885252155169,1000000
2023-03-02 05:00:00,14.910125346107824,15.655631613413217,14.164619078802431,14.910125346107824,1000000
2023-03-03 05:00:00,15.130116228477183,15.886622039901043,14.373610417053323,15.130116228477183,1000000
2023-03-06 05:00:00,14.752027561628319,15.489628939709736,14.014426183546902,14.752027561628319,1000000
2023-03-07 05:00:00,15.524574398328674,16.30080311824511,14.74834567841224,15.524574398328674,1000000
2023-03-08 05:00:00,14.615324031765988,15.346090233354289,13.884557830177688,14.615324031765988,1000000
2023-03-09 05:00:00,15.447386817446418,16.219756158318738,14.675017476574096,15.447386817446418,1000000
2023-03-10 05:00:00,15.889790991862496,16.68428054145562,15.09530144226937,15.889790991862496,1000000
2023-03-13 04:00:00,15.790071235829641,16.579574797621124,15.000567674038159,15.790071235829641,1000000
2023-03-14 04:00:00,16.453142563040046,17.27579969119205,15.630485434888044,16.453142563040046,1000000
2023-03-15 04:00:00,16.483187869442276,17.30734726291439,15.65902847597016,16.483187869442276,1000000
2023-03-16 04:00:00,17.905591630161524,18.8008712116696,17.010312048653446,17.905591630161524,1000000
2023-03-17 04:00:00,18.059672480205986,18.962656104216286,17.156688856195686,18.059672480205986,1000000
2023-03-20 04:00:00,18.541078282209813,19.468132196320305,17.614024368099322,18.541078282209813,1000000
2023-03-21 04:00:00,17.895117145864702,18.78987300315794,17.000361288571465,17.895117145864702,1000000
2023-03-22 04:00:00,18.895839599268474,19.840631579231896,17.95104761930505,18.895839599268474,1000000
2023-03-23 04:00:00,18.807079946563416,19.747433943891586,17.866725949235246,18.807079946563416,1000000
2023-03-24 04:00:00,18.609656989523394,19.540139838999565,17.679174140047223,18.609656989523394,1000000
2023-03-27 04:00:00,18.58018210136468,19.509191206432916,17.651172996296445,18.58018210136468,1000000
2023-03-28 04:00:00,18.549952350680137,19.477449968214145,17.622454733146128,18.549952350680137,1000000
2023-03-29 04:00:00,19.18387392211483,20.143067618220574,18.224680226009088,19.18387392211483,1000000
2023-03-30 04:00:00,19.104455317328117,20.059678083194523,18.14923255146171,19.104455317328117,1000000
2023-03-31 04:00:00,18.910411346409365,19.855931913729833,17.964890779088897,18.910411346409365,1000000
2023-04-03 04:00:00,18.94245996615835,19.889582964466268,17.99533696785043,18.94245996615835,1000000
2023-04-04 04:00:00,18.134562639335794,19.041290771302585,17.227834507369003,18.134562639335794,1000000
2023-04-05 04:00:00,18.188528463827737,19.097954887019124,17.27910204063635,18.188528463827737,1000000
2023-04-06 04:00:00,16.662120808993677,17.495226849443362,15.829014768543992,16.662120808993677,1000000
2023-04-10 04:00:00,15.46977976376717,16.24326875195553,14.69629077557881,15.46977976376717,1000000
2023-04-11 04:00:00,15.416681203011132,16.18751526316169,14.645847142860575,15.416681203011132,1000000
2023-04-12 04:00:00,14.759539921554477,15.497516917632202,14.021562925476752,14.759539921554477,1000000
2023-04-13 04:00:00,14.92396536061316,15.670163628643818,14.177767092582501,14.92396536061316,1000000
2023-04-14 04:00:00,14.009528650511868,14.710005083037462,13.309052217986274,14.009528650511868,1000000
2023-04-17 04:00:00,12.389497865259957,13.008972758522955,11.770022971996958,12.389497865259957,1000000
2023-04-18 04:00:00,12.162435783475264,12.770557572649027,11.5543139943015,12.162435783475264,1000000
2023-04-19 04:00:00,11.529888313368513,12.10638272903694,10.953393897700087,11.529888313368513,1000000
2023-04-20 04:00:00,9.571591986841089,10.050171586183144,9.093012387499034,9.571591986841089,1000000
2023-04-21 04:00:00,9.590030288886114,10.06953180333042,9.110528774441807,9.590030288886114,1000000
2023-04-24 04:00:00,9.470426891359919,9.943948235927916,8.996905546791922,9.470426891359919,1000000
2023-04-25 04:00:00,11.422634694619642,11.993766429350625,10.85150295988866,11.422634694619642,1000000
2023-04-26 04:00:00,11.524144831753173,12.100352073340831,10.947937590165514,11.524144831753173,1000000
2023-04-27 04:00:00,12.472477834591116,13.096101726320672,11.84885394286156,12.472477834591116,1000000
2023-04-28 04:00:00,12.634968523141488,13.266716949298564,12.003220096984412,12.634968523141488,1000000
2023-05-01 04:00:00,11.74818485451595,12.335594097241747,11.160775611790152,11.74818485451595,1000000
2023-05-02 04:00:00,12.426279653979776,13.047593636678766,11.804965671280787,12.426279653979776,1000000
2023-05-03 04:00:00,12.512898534948134,13.13854346169554,11.887253608200727,12.512898534948134,1000000
2023-05-04 04:00:00,12.732861863900563,13.369504957095591,12.096218770705535,12.732861863900563,1000000
2023-05-05 04:00:00,14.325020742227226,15.041271779338588,13.608769705115863,14.325020742227226,1000000
2023-05-08 04:00:00,14.32355523906977,15.039733001023258,13.60737747711628,14.32355523906977,1000000
2023-05-09 04:00:00,14.424950465269646,15.146197988533128,13.703702942006164,14.424950465269646,1000000
2023-05-10 04:00:00,14.416338839363817,15.137155781332009,13.695521897395626,14.416338839363817,1000000
2023-05-11 04:00:00,13.631713631591019,14.313299313170571,12.950127950011467,13.631713631591019,1000000
2023-05-12 04:00:00,13.612115093761007,14.292720848449058,12.931509339072957,13.612115093761007,1000000
2023-05-15 04:00:00,13.607275798817556,14.287639588758434,12.926912008876677,13.607275798817556,1000000
2023-05-16 04:00:00,13.802775057131605,14.492913809988186,13.112636304275023,13.802775057131605,1000000
2023-05-17 04:00:00,14.508722599504312,15.234158729479528,13.783286469529095,14.508722599504312,1000000
2023-05-18 04:00:00,14.719609271778413,15.455589735367335,13.983628808189492,14.719609271778413,1000000
2023-05-19 04:00:00,14.743898395422786,15.481093315193926,14.006703475651646,14.743898395422786,1000000
2023-05-22 04:00:00,14.744318502806268,15.481534427946581,14.007102577665954,14.744318502806268,1000000
2023-05-23 04:00:00,14.12698476078263,14.833333998821763,13.420635522743497,14.12698476078263,1000000
2023-05-24 04:00:00,14.314450137426862,15.030172644298206,13.598727630555517,14.314450137426862,1000000
2023-05-25 04:00:00,12.807169038055372,13.44752748995814,12.166810586152604,12.807169038055372,1000000
2023-05-26 04:00:00,13.271162269186467,13.934720382645791,12.607604155727143,13.271162269186467,1000000
2023-05-30 04:00:00,13.259041562022809,13.921993640123949,12.596089483921668,13.259041562022809,1000000
2023-05-31 04:00:00,12.728606320163353,13.36503663617152,12.092176004155185,12.728606320163353,1000000
2023-06-01 04:00:00,12.734177824538758,13.370886715765696,12.09746893331182,12.734177824538758,1000000
2023-06-02 04:00:00,13.056697841356698,13.709532733424533,12.403862949288863,13.056697841356698,1000000
2023-06-05 04:00:00,11.73730360384673,12.324168784039067,11.150438423654393,11.73730360384673,1000000
2023-06-06 04:00:00,11.724849245701698,12.311091707986783,11.138606783416613,11.724849245701698,1000000
2023-06-07 04:00:00,11.663924458935252,12.247120681882015,11.08072823598849,11.663924458935252,1000000
2023-06-08 04:00:00,11.717529781596705,12.30340627067654,11.13165329251687,11.717529781596705,1000000
2023-06-09 04:00:00,11.636155650719365,12.217963433255333,11.054347868183397,11.636155650719365,1000000
2023-06-12 04:00:00,11.810332604878479,12.400849235122402,11.219815974634555,11.810332604878479,1000000
2023-06-13 04:00:00,11.890722123935813,12.485258230132604,11.296186017739021,11.890722123935813,1000000
2023-06-14 04:00:00,11.373861931071053,11.942555027624605,10.8051688345175,11.373861931071053,1000000
2023-06-15 04:00:00,11.401141150075413,11.971198207579183,10.831084092571642,11.401141150075413,1000000
2023-06-16 04:00:00,11.695777913297563,12.280566808962442,11.110989017632685,11.695777913297563,1000000
2023-06-20 04:00:00,11.931039897582005,12.527591892461107,11.334487902702904,11.931039897582005,1000000
2023-06-21 04:00:00,12.199649911694632,12.809632407279365,11.589667416109899,12.199649911694632,1000000
2023-06-22 04:00:00,11.172938054133702,11.731584956840388,10.614291151427016,11.172938054133702,1000000
2023-06-23 04:00:00,11.21050353717393,11.771028714032626,10.649978360315233,11.21050353717393,1000000
2023-06-26 04:00:00,11.216815158725105,11.77765591666136,10.65597440078885,11.216815158725105,1000000
2023-06-27 04:00:00,10.979390809429363,11.528360349900831,10.430421268957895,10.979390809429363,1000000
2023-06-28 04:00:00,10.977196291987097,11.526056106586452,10.428336477387742,10.977196291987097,1000000
2023-06-29 04:00:00,10.632956028655574,11.164603830088353,10.101308227222795,10.632956028655574,1000000
2023-06-30 04:00:00,10.865683837934096,11.4089680298308,10.322399646037391,10.865683837934096,1000000
2023-07-03 04:00:00,9.908423164688271,10.403844322922685,9.413002006453857,9.908423164688271,1000000
2023-07-05 04:00:00,9.88799454805222,10.38239427545483,9.393594820649609,9.88799454805222,1000000
2023-07-06 04:00:00,10.46691448626998,10.990260210583479,9.943568761956481,10.46691448626998,1000000
2023-07-07 04:00:00,10.415044146796983,10.935796354136833,9.894291939457133,10.415044146796983,1000000
2023-07-10 04:00:00,10.281184812853752,10.79524405349644,9.767125572211064,10.281184812853752,1000000
2023-07-11 04:00:00,10.441292790830781,10.963357430372321,9.919228151289241,10.441292790830781,1000000
2023-07-12 04:00:00,10.348045835802369,10.865448127592488,9.830643544012249,10.348045835802369,1000000
2023-07-13 04:00:00,10.447838183381709,10.970230092550795,9.925446274212623,10.447838183381709,1000000
2023-07-14 04:00:00,10.474235574208873,10.997947352919317,9.950523795498428,10.474235574208873,1000000
2023-07-17 04:00:00,9.678722125282233,10.162658231546345,9.194786019018121,9.678722125282233,1000000
2023-07-18 04:00:00,9.450023988843684,9.922525188285869,8.9775227894015,9.450023988843684,1000000
2023-07-19 04:00:00,9.096575444484504,9.551404216708729,8.641746672260279,9.096575444484504,1000000
2023-07-20 04:00:00,9.26848808878849,9.731912493227917,8.805063684349065,9.26848808878849,1000000
2023-07-21 04:00:00,9.271926672890137,9.735523006534644,8.80833033924563,9.271926672890137,1000000
2023-07-24 04:00:00,8.625150673566209,9.05640820724452,8.193893139887898,8.625150673566209,1000000
2023-07-25 04:00:00,8.27961142416853,8.693591995376957,7.865630852960104,8.27961142416853,1000000
2023-07-26 04:00:00,7.723186374380196,8.109345693099206,7.337027055661186,7.723186374380196,1000000
2023-07-27 04:00:00,8.320894262268371,8.73693897538179,7.904849549154952,8.320894262268371,1000000
2023-07-28 04:00:00,8.765240393460603,9.203502413133634,8.326978373787572,8.765240393460603,1000000
2023-07-31 04:00:00,7.984530287010563,8.383756801361091,7.585303772660034,7.984530287010563,1000000
2023-08-01 04:00:00,8.14153405415529,8.548610756863056,7.734457351447525,8.14153405415529,1000000
2023-08-02 04:00:00,9.763363419877178,10.251531590871037,9.27519524888332,9.763363419877178,1000000
2023-08-03 04:00:00,9.330598176537062,9.797128085363916,8.86406826771021,9.330598176537062,1000000
2023-08-04 04:00:00,9.458216720780769,9.931127556819808,8.985305884741729,9.458216720780769,1000000
2023-08-07 04:00:00,9.843580203159954,10.335759213317951,9.351401193001957,9.843580203159954,1000000
2023-08-08 04:00:00,9.841026266205995,10.333077579516296,9.348974952895695,9.841026266205995,1000000
2023-08-09 04:00:00,9.776427052367447,10.26524840498582,9.287605699749074,9.776427052367447,1000000
2023-08-10 04:00:00,9.318541813950237,9.784468904647749,8.852614723252724,9.318541813950237,1000000
2023-08-11 04:00:00,9.31842140053518,9.78434247056194,8.852500330508422,9.31842140053518,1000000
2023-08-14 04:00:00,9.458270655360511,9.931184188128537,8.985357122592486,9.458270655360511,1000000
2023-08-15 04:00:00,9.811636814724094,10.3022186554603,9.32105497398789,9.811636814724094,1000000
2023-08-16 04:00:00,9.949926402355326,10.447422722473092,9.452430082237559,9.949926402355326,1000000
2023-08-17 04:00:00,10.020394979100885,10.52141472805593,9.51937523014584,10.020394979100885,1000000
2023-08-18 04:00:00,10.033108059372857,10.5347634623415,9.531452656404214,10.033108059372857,1000000
2023-08-21 04:00:00,10.224809263507941,10.736049726683339,9.713568800332544,10.224809263507941,1000000
2023-08-22 04:00:00,10.09782551759839,10.60271679347831,9.592934241718469,10.09782551759839,1000000
2023-08-23 04:00:00,11.099211228319811,11.654171789735802,10.544250666903821,11.099211228319811,1000000
2023-08-24 04:00:00,11.826831369442456,12.418172937914578,11.235489800970333,11.826831369442456,1000000
2023-08-25 04:00:00,11.50862222948351,12.084053340957686,10.933191118009335,11.50862222948351,1000000
2023-08-28 04:00:00,11.80523695493642,12.395498802683242,11.214975107189598,11.80523695493642,1000000
2023-08-29 04:00:00,13.097362651081962,13.75223078363606,12.442494518527864,13.097362651081962,1000000
2023-08-30 04:00:00,12.234341082124805,12.846058136231045,11.622624028018565,12.234341082124805,1000000
2023-08-31 04:00:00,12.198932515001566,12.808879140751644,11.588985889251488,12.198932515001566,1000000
2023-09-01 04:00:00,12.081375349947123,12.68544411744448,11.477306582449767,12.081375349947123,1000000
2023-09-05 04:00:00,11.78927051101592,12.378734036566716,11.199806985465123,11.78927051101592,1000000
2023-09-06 04:00:00,11.93100130061573,12.527551365646517,11.334451235584943,11.93100130061573,1000000
2023-09-07 04:00:00,11.74010438605275,12.327109605355387,11.153099166750112,11.74010438605275,1000000
2023-09-08 04:00:00,11.75278448448004,12.340423708704042,11.165145260256038,11.75278448448004,1000000
2023-09-11 04:00:00,11.979693686113132,12.578678370418789,11.380709001807475,11.979693686113132,1000000
2023-09-12 04:00:00,11.9855285197602,12.58480494574821,11.386252093772189,11.9855285197602,1000000
2023-09-13 04:00:00,11.200904842934698,11.760950085081433,10.640859600787962,11.200904842934698,1000000
2023-09-14 04:00:00,11.16539015992504,11.723659667921293,10.607120651928788,11.16539015992504,1000000
2023-09-15 04:00:00,12.291344438064101,12.905911659967307,11.676777216160895,12.291344438064101,1000000
2023-09-18 04:00:00,12.291001452920609,12.90555152556664,11.676451380274578,12.291001452920609,1000000
2023-09-19 04:00:00,12.142727725625003,12.749864111906254,11.535591339343751,12.142727725625003,1000000
2023-09-20 04:00:00,12.574135685681002,13.202842469965052,11.945428901396951,12.574135685681002,1000000
2023-09-21 04:00:00,13.16975457914883,13.828242308106272,12.511266850191387,13.16975457914883,1000000
2023-09-22 04:00:00,12.318287963889535,12.934202362084012,11.702373565695058,12.318287963889535,1000000
2023-09-25 04:00:00,12.120193646627456,12.72620332895883,11.514183964296082,12.120193646627456,1000000
2023-09-26 04:00:00,12.746143575328773,13.383450754095213,12.108836396562333,12.746143575328773,1000000
2023-09-27 04:00:00,11.24003136937505,11.802032937843803,10.678029800906296,11.24003136937505,1000000
2023-09-28 04:00:00,11.388204915521813,11.957615161297904,10.818794669745722,11.388204915521813,1000000
2023-09-29 04:00:00,11.381372111460017,11.950440717033018,10.812303505887016,11.381372111460017,1000000
2023-10-02 04:00:00,11.292199795605592,11.856809785385872,10.727589805825312,11.292199795605592,1000000
2023-10-03 04:00:00,11.90743179401462,12.502803383715351,11.31206020431389,11.90743179401462,1000000
2023-10-04 04:00:00,12.377646970576462,12.996529319105285,11.75876462204764,12.377646970576462,1000000
2023-10-05 04:00:00,12.396485997729636,13.01631029761612,11.776661697843153,12.396485997729636,1000000
2023-10-06 04:00:00,13.330645112977136,13.997177368625993,12.664112857328279,13.330645112977136,1000000
2023-10-09 04:00:00,13.316262852805849,13.982075995446142,12.650449710165557,13.316262852805849,1000000
2023-10-10 04:00:00,13.463681462790209,14.13686553592972,12.790497389650698,13.463681462790209,1000000
2023-10-11 04:00:00,13.573594816827978,14.252274557669377,12.894915075986578,13.573594816827978,1000000
2023-10-12 04:00:00,13.172189049763453,13.830798502251627,12.51357959727528,13.172189049763453,1000000
2023-10-13 04:00:00,12.218634067780561,12.82956577116959,11.607702364391534,12.218634067780561,1000000
2023-10-16 04:00:00,12.914187157834464,13.559896515726187,12.26847779994274,12.914187157834464,1000000
2023-10-17 04:00:00,12.908362686235536,13.553780820547313,12.26294455192376,12.908362686235536,1000000
2023-10-18 04:00:00,13.343651070239742,14.01083362375173,12.676468516727756,13.343651070239742,1000000
2023-10-19 04:00:00,12.392906259866605,13.012551572859936,11.773260946873274,12.392906259866605,1000000
2023-10-20 04:00:00,13.069426837947532,13.72289817984491,12.415955496050154,13.069426837947532,1000000
2023-10-23 04:00:00,12.921821950768434,13.567913048306856,12.275730853230012,12.921821950768434,1000000
2023-10-24 04:00:00,12.27019171363532,12.883701299317087,11.656682127953554,12.27019171363532,1000000
2023-10-25 04:00:00,13.247204257548004,13.909564470425405,12.584844044670604,13.247204257548004,1000000
2023-10-26 04:00:00,13.541151390483014,14.218208960007166,12.864093820958862,13.541151390483014,1000000
2023-10-27 04:00:00,13.573385647382594,14.252054929751724,12.894716365013464,13.573385647382594,1000000
2023-10-30 04:00:00,14.443363145316551,15.16553130258238,13.721194988050723,14.443363145316551,1000000
2023-10-31 04:00:00,13.948289285450812,14.645703749723353,13.250874821178272,13.948289285450812,1000000
2023-11-01 04:00:00,14.242898662570907,14.955043595699452,13.530753729442361,14.242898662570907,1000000
2023-11-02 04:00:00,15.812837048912195,16.603478901357807,15.022195196466585,15.812837048912195,1000000
2023-11-03 04:00:00,15.585496206400826,16.36477101672087,14.806221396080785,15.585496206400826,1000000
2023-11-06 05:00:00,15.451863464014473,16.224456637215198,14.679270290813749,15.451863464014473,1000000
2023-11-07 05:00:00,15.37783349528292,16.146725170047066,14.608941820518773,15.37783349528292,1000000
2023-11-08 05:00:00,15.314465909481264,16.080189204955328,14.5487426140072,15.314465909481264,1000000
2023-11-09 05:00:00,15.418135659261909,16.189042442225006,14.647228876298813,15.418135659261909,1000000
2023-11-10 05:00:00,16.234457041875697,17.046179893969484,15.422734189781911,16.234457041875697,1000000
2023-11-13 05:00:00,15.857330471925412,16.650196995521682,15.064463948329141,15.857330471925412,1000000
2023-11-14 05:00:00,17.209873030089195,18.070366681593654,16.349379378584736,17.209873030089195,1000000
2023-11-15 05:00:00,16.29496014293812,17.109708150085027,15.480212135791213,16.29496014293812,1000000
2023-11-16 05:00:00,15.773558724234746,16.562236660446484,14.984880788023009,15.773558724234746,1000000
2023-11-17 05:00:00,14.759423241637199,15.49739440371906,14.021452079555338,14.759423241637199,1000000
2023-11-20 05:00:00,14.700308513719996,15.435323939405997,13.965293088033995,14.700308513719996,1000000
2023-11-21 05:00:00,14.78696360836634,15.526311788784659,14.047615427948022,14.78696360836634,1000000
2023-11-22 05:00:00,13.211705703838827,13.87229098903077,12.551120418646885,13.211705703838827,1000000
2023-11-24 05:00:00,11.833841361400367,12.425533429470386,11.242149293330348,11.833841361400367,1000000
2023-11-27 05:00:00,11.579948575803407,12.158946004593577,11.000951147013236,11.579948575803407,1000000
2023-11-28 05:00:00,11.3718276678591,11.940419051252055,10.803236284466143,11.3718276678591,1000000
2023-11-29 05:00:00,11.500898980266475,12.0759439292798,10.92585403125315,11.500898980266475,1000000
2023-11-30 05:00:00,11.244995684127822,11.807245468334214,10.68274589992143,11.244995684127822,1000000
2023-12-01 05:00:00,9.737564026137589,10.224442227444468,9.25068582483071,9.737564026137589,1000000
2023-12-04 05:00:00,9.914561637220649,10.410289719081682,9.418833555359615,9.914561637220649,1000000
2023-12-05 05:00:00,9.960425027603794,10.458446278983985,9.462403776223603,9.960425027603794,1000000
2023-12-06 05:00:00,10.212240853528742,10.72285289620518,9.701628810852304,10.212240853528742,1000000
2023-12-07 05:00:00,10.388778645085553,10.908217577339832,9.869339712831275,10.388778645085553,1000000
2023-12-08 05:00:00,9.682313711739955,10.166429397326953,9.198198026152957,9.682313711739955,1000000
2023-12-11 05:00:00,8.472285300135471,8.895899565142246,8.048671035128697,8.472285300135471,1000000
2023-12-12 05:00:00,8.410144195520159,8.830651405296168,7.98963698574415,8.410144195520159,1000000
2023-12-13 05:00:00,7.055781690330328,7.408570774846845,6.702992605813811,7.055781690330328,1000000
2023-12-14 05:00:00,7.061015980791585,7.414066779831165,6.707965181752005,7.061015980791585,1000000
2023-12-15 05:00:00,7.62088072740957,8.001924763780048,7.23983669103909,7.62088072740957,1000000
2023-12-18 05:00:00,7.714432422302663,8.100154043417795,7.328710801187529,7.714432422302663,1000000
2023-12-19 05:00:00,7.584926354833124,7.96417267257478,7.205680037091468,7.584926354833124,1000000
2023-12-20 05:00:00,9.400486724232177,9.870511060443787,8.930462388020567,9.400486724232177,1000000
2023-12-21 05:00:00,9.780316559611302,10.269332387591868,9.291300731630736,9.780316559611302,1000000
2023-12-22 05:00:00,9.768052893117018,10.256455537772869,9.279650248461166,9.768052893117018,1000000
2023-12-26 05:00:00,9.6912476935295,10.175810078205975,9.206685308853023,9.6912476935295,1000000
2023-12-27 05:00:00,9.680965555261444,10.165013833024517,9.196917277498372,9.680965555261444,1000000
2023-12-28 05:00:00,9.643455715590216,10.125628501369727,9.161282929810705,9.643455715590216,1000000
2023-12-29 05:00:00,9.80186863220845,10.291962063818874,9.311775200598026,9.80186863220845,1000000
2024-01-02 05:00:00,10.048397158805066,10.55081701674532,9.545977300864813,10.048397158805066,1000000
2024-01-03 05:00:00,10.355961621048984,10.873759702101433,9.838163539996534,10.355961621048984,1000000
2024-01-04 05:00:00,10.470050516431948,10.993553042253547,9.94654799061035,10.470050516431948,1000000
2024-01-05 05:00:00,10.28772410823117,10.80211031364273,9.77333790281961,10.28772410823117,1000000
2024-01-08 05:00:00,11.058997289555409,11.61194715403318,10.506047425077638,11.058997289555409,1000000
2024-01-09 05:00:00,11.075947669784009,11.62974505327321,10.522150286294808,11.075947669784009,1000000
2024-01-10 05:00:00,11.144238608175536,11.701450538584314,10.587026677766758,11.144238608175536,1000000
2024-01-11 05:00:00,11.107742104214063,11.663129209424767,10.55235499900336,11.107742104214063,1000000
2024-01-12 05:00:00,10.084399675195787,10.588619658955576,9.580179691435998,10.084399675195787,1000000
2024-01-16 05:00:00,10.150315449109195,10.657831221564656,9.642799676653734,10.150315449109195,1000000
2024-01-17 05:00:00,10.141050485157624,10.648103009415506,9.633997960899743,10.141050485157624,1000000
2024-01-18 05:00:00,10.429429817197503,10.950901308057379,9.907958326337628,10.429429817197503,1000000
2024-01-19 05:00:00,11.107105809219616,11.662461099680598,10.551750518758634,11.107105809219616,1000000
2024-01-22 05:00:00,9.66134146677757,10.144408540116448,9.178274393438691,9.66134146677757,1000000
2024-01-23 05:00:00,9.223450044794653,9.684622547034387,8.76227754255492,9.223450044794653,1000000
2024-01-24 05:00:00,9.21965860379064,9.680641533980172,8.758675673601108,9.21965860379064,1000000
2024-01-25 05:00:00,9.281734831262533,9.74582157282566,8.817648089699405,9.281734831262533,1000000
2024-01-26 05:00:00,9.323692208529918,9.789876818956415,8.857507598103421,9.323692208529918,1000000
2024-01-29 05:00:00,9.620663539315636,10.101696716281419,9.139630362349854,9.620663539315636,1000000
2024-01-30 05:00:00,9.520346086884908,9.996363391229155,9.044328782540662,9.520346086884908,1000000
2024-01-31 05:00:00,11.210390558558323,11.77091008648624,10.649871030630408,11.210390558558323,1000000
2024-02-01 05:00:00,11.418293049121203,11.989207701577264,10.847378396665142,11.418293049121203,1000000
2024-02-02 05:00:00,11.60077396137411,12.180812659442815,11.020735263305404,11.60077396137411,1000000
2024-02-05 05:00:00,11.819588956141644,12.410568403948727,11.22860950833456,11.819588956141644,1000000
2024-02-06 05:00:00,10.989056218479098,11.538509029403054,10.439603407555142,10.989056218479098,1000000
2024-02-07 05:00:00,11.123780844095453,11.679969886300226,10.56759180189068,11.123780844095453,1000000
2024-02-08 05:00:00,11.082668701465279,11.636802136538543,10.528535266392014,11.082668701465279,1000000
2024-02-09 05:00:00,11.101692325753405,11.656776942041075,10.546607709465734,11.101692325753405,1000000
2024-02-12 05:00:00,11.134281742924353,11.690995830070571,10.577567655778134,11.134281742924353,1000000
2024-02-13 05:00:00,12.38548171798775,13.004755803887138,11.766207632088362,12.38548171798775,1000000
2024-02-14 05:00:00,12.289571130503225,12.904049687028387,11.675092573978063,12.289571130503225,1000000
2024-02-15 05:00:00,12.177066941082247,12.78592028813636,11.568213594028133,12.177066941082247,1000000
2024-02-16 05:00:00,11.880994418725773,12.475044139662062,11.286944697789485,11.880994418725773,1000000
2024-02-20 05:00:00,12.156198595408977,12.764008525179426,11.548388665638528,12.156198595408977,1000000
2024-02-21 05:00:00,12.14358506049901,12.75076431352396,11.53640580747406,12.14358506049901,1000000
2024-02-22 05:00:00,13.9598772966054,14.65787116143567,13.26188343177513,13.9598772966054,1000000
2024-02-23 05:00:00,13.91845481449677,14.614377555221608,13.22253207377193,13.91845481449677,1000000
2024-02-26 05:00:00,14.01919744459304,14.720157316822693,13.318237572363387,14.01919744459304,1000000
2024-02-27 05:00:00,13.838488342947375,14.530412760094745,13.146563925800006,13.838488342947375,1000000
2024-02-28 05:00:00,13.852352212175308,14.544969822784074,13.159734601566543,13.852352212175308,1000000
2024-02-29 05:00:00,12.137516540935627,12.744392367982408,11.530640713888845,12.137516540935627,1000000
2024-03-01 05:00:00,11.778183222435882,12.367092383557676,11.189274061314087,11.778183222435882,1000000
2024-03-04 05:00:00,11.429747823157205,12.001235214315066,10.858260431999344,11.429747823157205,1000000
2024-03-05 05:00:00,12.037857248445857,12.63975011086815,11.435964386023564,12.037857248445857,1000000
2024-03-06 05:00:00,12.095877295482406,12.700671160256528,11.491083430708285,12.095877295482406,1000000
2024-03-07 05:00:00,12.225504718607837,12.83677995453823,11.614229482677445,12.225504718607837,1000000
2024-03-08 05:00:00,12.522398411294489,13.148518331859215,11.896278490729763,12.522398411294489,1000000
2024-03-11 04:00:00,12.432865969454063,13.054509267926766,11.81122267098136,12.432865969454063,1000000
2024-03-12 04:00:00,12.88498207308559,13.52923117673987,12.24073296943131,12.88498207308559,1000000
2024-03-13 04:00:00,11.621936386324153,12.203033205640361,11.040839567007945,11.621936386324153,1000000
2024-03-14 04:00:00,11.413394594695477,11.984064324430252,10.842724864960703,11.413394594695477,1000000
2024-03-15 04:00:00,11.938087597975109,12.534991977873865,11.341183218076353,11.938087597975109,1000000
2024-03-18 04:00:00,11.86610308672936,12.459408241065828,11.272797932392892,11.86610308672936,1000000
2024-03-19 04:00:00,11.666993187704863,12.250342847090106,11.08364352831962,11.666993187704863,1000000
2024-03-20 04:00:00,11.945363939346484,12.542632136313808,11.34809574237916,11.945363939346484,1000000
2024-03-21 04:00:00,9.798655308746998,10.288588074184348,9.308722543309647,9.798655308746998,1000000
2024-03-22 04:00:00,9.86788721966553,10.361281580648807,9.374492858682252,9.86788721966553,1000000
2024-03-25 04:00:00,9.812679199949137,10.303313159946594,9.32204523995168,9.812679199949137,1000000
2024-03-26 04:00:00,9.875795675798734,10.369585459588672,9.382005892008797,9.875795675798734,1000000
2024-03-27 04:00:00,10.149003877994994,10.656454071894744,9.641553684095244,10.149003877994994,1000000
2024-03-28 04:00:00,10.14242007804087,10.649541081942914,9.635299074138825,10.14242007804087,1000000
2024-04-01 04:00:00,9.752463572284432,10.240086750898653,9.26484039367021,9.752463572284432,1000000
2024-04-02 04:00:00,10.070825281671063,10.574366545754616,9.56728401758751,10.070825281671063,1000000
2024-04-03 04:00:00,9.251748820532027,9.714336261558628,8.789161379505426,9.251748820532027,1000000
2024-04-04 04:00:00,10.27167979775199,10.78526378763959,9.75809580786439,10.27167979775199,1000000
2024-04-05 04:00:00,10.33752702758691,10.854403378966257,9.820650676207563,10.33752702758691,1000000
2024-04-08 04:00:00,10.059682768405112,10.562666906825369,9.556698629984856,10.059682768405112,1000000
2024-04-09 04:00:00,10.043701311276198,10.54588637684001,9.541516245712387,10.043701311276198,1000000
2024-04-10 04:00:00,10.018460285676815,10.519383299960657,9.517537271392973,10.018460285676815,1000000
2024-04-11 04:00:00,10.374240569545453,10.892952598022726,9.85552854106818,10.374240569545453,1000000
2024-04-12 04:00:00,11.494710934401567,12.069446481121647,10.919975387681488,11.494710934401567,1000000
2024-04-15 04:00:00,11.812390360930847,12.40300987897739,11.221770842884304,11.812390360930847,1000000
2024-04-16 04:00:00,11.569387836057777,12.147857227860666,10.990918444254888,11.569387836057777,1000000
2024-04-17 04:00:00,11.437266778935927,12.009130117882723,10.86540343998913,11.437266778935927,1000000
2024-04-18 04:00:00,10.71358265887833,11.249261791822248,10.177903525934413,10.71358265887833,1000000
2024-04-19 04:00:00,10.769988707349093,11.308488142716548,10.231489271981637,10.769988707349093,1000000
2024-04-22 04:00:00,11.562987658887424,12.141137041831795,10.984838275943053,11.562987658887424,1000000
2024-04-23 04:00:00,12.570243961057384,13.198756159110253,11.941731763004515,12.570243961057384,1000000
2024-04-24 04:00:00,12.572433318972573,13.201054984921202,11.943811653023944,12.572433318972573,1000000
2024-04-25 04:00:00,12.061913382087734,12.665009051192122,11.458817712983347,12.061913382087734,1000000
2024-04-26 04:00:00,12.712580121403855,13.348209127474048,12.076951115333662,12.712580121403855,1000000
2024-04-29 04:00:00,12.831777226133259,13.473366087439922,12.190188364826595,12.831777226133259,1000000
2024-04-30 04:00:00,13.75174918775943,14.439336647147401,13.064161728371458,13.75174918775943,1000000
2024-05-01 04:00:00,13.724517755588863,14.410743643368306,13.03829186780942,13.724517755588863,1000000
2024-05-02 04:00:00,13.696702672842129,14.381537806484236,13.011867539200022,13.696702672842129,1000000
2024-05-03 04:00:00,13.923613357669092,14.619794025552547,13.227432689785637,13.923613357669092,1000000
2024-05-06 04:00:00,14.458154898848877,15.181062643791321,13.735247153906432,14.458154898848877,1000000
2024-05-07 04:00:00,14.457519914444788,15.180395910167029,13.734643918722547,14.457519914444788,1000000
2024-05-08 04:00:00,13.98226130206763,14.681374367171014,13.283148236964248,13.98226130206763,1000000
2024-05-09 04:00:00,13.874082831308545,14.567786972873973,13.180378689743117,13.874082831308545,1000000
2024-05-10 04:00:00,12.843208268480547,13.485368681904575,12.201047855056519,12.843208268480547,1000000
2024-05-13 04:00:00,11.819954457801018,12.41095218069107,11.228956734910966,11.819954457801018,1000000
2024-05-14 04:00:00,11.790334103083826,12.379850808238018,11.200817397929633,11.790334103083826,1000000
2024-05-15 04:00:00,11.958199511493305,12.556109487067971,11.360289535918639,11.958199511493305,1000000
2024-05-16 04:00:00,11.958184284821598,12.556093499062678,11.360275070580519,11.958184284821598,1000000
2024-05-17 04:00:00,11.168997756596644,11.727447644426476,10.610547868766812,11.168997756596644,1000000
2024-05-20 04:00:00,10.975484927076115,11.524259173429922,10.426710680722309,10.975484927076115,1000000
2024-05-21 04:00:00,10.460479856942769,10.983503849789907,9.93745586409563,10.460479856942769,1000000
2024-05-22 04:00:00,10.585367445854493,11.114635818147217,10.056099073561768,10.585367445854493,1000000
2024-05-23 04:00:00,10.924585607260672,11.470814887623707,10.378356326897638,10.924585607260672,1000000
2024-05-24 04:00:00,10.71765061896401,11.253533149912212,10.181768088015808,10.71765061896401,1000000
2024-05-28 04:00:00,10.713212015282082,11.248872616046187,10.177551414517977,10.713212015282082,1000000
2024-05-29 04:00:00,9.108595839292525,9.56402563125715,8.653166047327899,9.108595839292525,1000000
2024-05-30 04:00:00,9.457964235257748,9.930862447020635,8.985066023494861,9.457964235257748,1000000
2024-05-31 04:00:00,9.433709314776625,9.905394780515456,8.962023849037793,9.433709314776625,1000000
2024-06-03 04:00:00,8.632630607414434,9.064262137785157,8.200999077043711,8.632630607414434,1000000
2024-06-04 04:00:00,7.993771883906316,8.393460478101632,7.5940832897109996,7.993771883906316,1000000
2024-06-05 04:00:00,8.856169292344473,9.298977756961698,8.41336082772725,8.856169292344473,1000000
2024-06-06 04:00:00,8.859004734560203,9.301954971288215,8.416054497832192,8.859004734560203,1000000
2024-06-07 04:00:00,8.778160454255074,9.217068476967828,8.33925243154232,8.778160454255074,1000000
2024-06-10 04:00:00,8.80033611312889,9.240352918785335,8.360319307472446,8.80033611312889,1000000
2024-06-11 04:00:00,8.793345611588698,9.233012892168134,8.353678331009263,8.793345611588698,1000000
2024-06-12 04:00:00,9.05081002118446,9.503350522243684,8.598269520125237,9.05081002118446,1000000
2024-06-13 04:00:00,8.131242762271784,8.537804900385373,7.724680624158194,8.131242762271784,1000000
2024-06-14 04:00:00,8.044420275221963,8.446641288983061,7.642199261460864,8.044420275221963,1000000
2024-06-17 04:00:00,8.382166260768738,8.801274573807175,7.9630579477303005,8.382166260768738,1000000
2024-06-18 04:00:00,8.38562554506947,8.804906822322943,7.9663442678159955,8.38562554506947,1000000
2024-06-20 04:00:00,8.52560356662696,8.951883744958309,8.099323388295613,8.52560356662696,1000000
2024-06-21 04:00:00,8.658300600459656,9.091215630482639,8.225385570436673,8.658300600459656,1000000
2024-06-24 04:00:00,8.2278186226853,8.639209553819565,7.816427691551034,8.2278186226853,1000000
2024-06-25 04:00:00,8.060333324384281,8.463349990603495,7.657316658165067,8.060333324384281,1000000
2024-06-26 04:00:00,8.055937973022031,8.458734871673133,7.653141074370929,8.055937973022031,1000000
2024-06-27 04:00:00,7.408310183873276,7.77872569306694,7.037894674679611,7.408310183873276,1000000
2024-06-28 04:00:00,7.049120414599173,7.401576435329132,6.696664393869214,7.049120414599173,1000000
2024-07-01 04:00:00,6.536771610190392,6.863610190699912,6.209933029680872,6.536771610190392,1000000
2024-07-02 04:00:00,6.765563638633856,7.103841820565549,6.427285456702164,6.765563638633856,1000000
2024-07-03 04:00:00,6.813007095613976,7.153657450394675,6.472356740833277,6.813007095613976,1000000
2024-07-05 04:00:00,5.943895284327861,6.241090048544255,5.646700520111468,5.943895284327861,1000000
2024-07-08 04:00:00,5.909689698817538,6.205174183758415,5.614205213876661,5.909689698817538,1000000
2024-07-09 04:00:00,5.806804050518342,6.097144253044259,5.516463847992425,5.806804050518342,1000000
2024-07-10 04:00:00,6.442375390456073,6.764494159978877,6.120256620933269,6.442375390456073,1000000
2024-07-11 04:00:00,7.527652761081518,7.904035399135593,7.151270123027442,7.527652761081518,1000000
2024-07-12 04:00:00,7.340349951314954,7.707367448880702,6.973332453749205,7.340349951314954,1000000
2024-07-15 04:00:00,7.349129398148703,7.716585868056138,6.9816729282412675,7.349129398148703,1000000
2024-07-16 04:00:00,7.48201753072431,7.856118407260525,7.107916654188094,7.48201753072431,1000000
2024-07-17 04:00:00,9.063489617124775,9.516664097981014,8.610315136268536,9.063489617124775,1000000
2024-07-18 04:00:00,9.533671661724268,10.010355244810482,9.056988078638055,9.533671661724268,1000000
2024-07-19 04:00:00,9.801576147900954,10.291654955296002,9.311497340505907,9.801576147900954,1000000
2024-07-22 04:00:00,10.255151949196767,10.767909546656606,9.742394351736928,10.255151949196767,1000000
2024-07-23 04:00:00,10.181038874303743,10.69009081801893,9.671986930588556,10.181038874303743,1000000
2024-07-24 04:00:00,13.12879335399316,13.785233021692818,12.472353686293502,13.12879335399316,1000000
2024-07-25 04:00:00,13.22765581177941,13.889038602368382,12.566273021190439,13.22765581177941,1000000
2024-07-26 04:00:00,13.865432744399362,14.55870438161933,13.172161107179393,13.865432744399362,1000000
2024-07-29 04:00:00,13.794026910444149,14.483728255966357,13.104325564921941,13.794026910444149,1000000
2024-07-30 04:00:00,13.89040009320824,14.584920097868654,13.195880088547828,13.89040009320824,1000000
2024-07-31 04:00:00,14.901721269706686,15.64680733319202,14.15663520622135,14.901721269706686,1000000
2024-08-01 04:00:00,15.64394322589911,16.426140387194067,14.861746064604153,15.64394322589911,1000000
2024-08-02 04:00:00,16.663213314126924,17.496373979833272,15.830052648420578,16.663213314126924,1000000
2024-08-05 04:00:00,19.190723363594234,20.150259531773948,18.23118719541452,19.190723363594234,1000000
2024-08-06 04:00:00,19.660805418483285,20.64384568940745,18.67776514755912,19.660805418483285,1000000
2024-08-07 04:00:00,19.085748087583955,20.040035491963152,18.131460683204757,19.085748087583955,1000000
2024-08-08 04:00:00,21.242190652799373,22.30430018543934,20.180081120159404,21.242190652799373,1000000
2024-08-09 04:00:00,21.150820206354847,22.20836121667259,20.093279196037106,21.150820206354847,1000000
2024-08-12 04:00:00,21.093874559695593,22.148568287680373,20.039180831710812,21.093874559695593,1000000
2024-08-13 04:00:00,21.96322704438966,23.061388396609146,20.865065692170177,21.96322704438966,1000000
2024-08-14 04:00:00,21.555548992500327,22.633326442125345,20.47777154287531,21.555548992500327,1000000
2024-08-15 04:00:00,22.338211700584814,23.455122285614056,21.221301115555573,22.338211700584814,1000000
2024-08-16 04:00:00,22.203168385203963,23.31332680446416,21.093009965943764,22.203168385203963,1000000
2024-08-19 04:00:00,22.161199726058538,23.269259712361464,21.05313973975561,22.161199726058538,1000000
2024-08-20 04:00:00,22.16193507567801,23.27003182946191,21.05383832189411,22.16193507567801,1000000
2024-08-21 04:00:00,20.40532017185169,21.425586180444277,19.385054163259106,20.40532017185169,1000000
2024-08-22 04:00:00,20.547212216765107,21.574572827603365,19.51985160592685,20.547212216765107,1000000
2024-08-23 04:00:00,20.51300690787807,21.538657253271975,19.487356562484162,20.51300690787807,1000000
2024-08-26 04:00:00,20.561047836512124,21.58910022833773,19.532995444686517,20.561047836512124,1000000
2024-08-27 04:00:00,20.413524416566446,21.43420063739477,19.39284819573812,20.413524416566446,1000000
2024-08-28 04:00:00,19.843258136133347,20.835421042940016,18.851095229326678,19.843258136133347,1000000
2024-08-29 04:00:00,19.051957601187574,20.004555481246953,18.099359721128195,19.051957601187574,1000000
2024-08-30 04:00:00,17.68897916873166,18.573428127168242,16.804530210295077,17.68897916873166,1000000
2024-09-03 04:00:00,15.79815415492174,16.58806186266783,15.008246447175653,15.79815415492174,1000000
2024-09-04 04:00:00,15.744145494615596,16.531352769346377,14.956938219884815,15.744145494615596,1000000
2024-09-05 04:00:00,15.476863424022843,16.250706595223985,14.7030202528217,15.476863424022843,1000000
2024-09-06 04:00:00,15.062218817452658,15.815329758325293,14.309107876580024,15.062218817452658,1000000
2024-09-09 04:00:00,15.456456738351898,16.229279575269494,14.683633901434302,15.456456738351898,1000000
2024-09-10 04:00:00,15.491111741403904,16.2656673284741,14.716556154333707,15.491111741403904,1000000
2024-09-11 04:00:00,14.840417809744459,15.582438700231682,14.098396919257235,14.840417809744459,1000000
2024-09-12 04:00:00,15.050154244322881,15.802661956539026,14.297646532106736,15.050154244322881,1000000
2024-09-13 04:00:00,13.955410491790094,14.653181016379598,13.25763996720059,13.955410491790094,1000000
2024-09-16 04:00:00,13.947848026245744,14.645240427558031,13.250455624933457,13.947848026245744,1000000
2024-09-17 04:00:00,13.558308782434736,14.236224221556473,12.880393343313,13.558308782434736,1000000
2024-09-18 04:00:00,13.59241406308275,14.272034766236887,12.912793359928612,13.59241406308275,1000000
2024-09-19 04:00:00,14.818219410201388,15.559130380711458,14.077308439691318,14.818219410201388,1000000
2024-09-20 04:00:00,14.61507349567261,15.345827170456241,13.884319820888978,14.61507349567261,1000000
2024-09-23 04:00:00,14.191951553716626,14.901549131402458,13.482353976030794,14.191951553716626,1000000
2024-09-24 04:00:00,14.162663753804575,14.870796941494804,13.454530566114345,14.162663753804575,1000000
2024-09-25 04:00:00,14.205946648668604,14.916243981102035,13.495649316235173,14.205946648668604,1000000
2024-09-26 04:00:00,14.026729170191407,14.728065628700978,13.325392711681836,14.026729170191407,1000000
2024-09-27 04:00:00,14.05463069967837,14.757362234662288,13.351899164694451,14.05463069967837,1000000
2024-09-30 04:00:00,13.752632388782102,14.440264008221208,13.065000769342996,13.752632388782102,1000000
2024-10-01 04:00:00,11.826713705194523,12.41804939045425,11.235378019934796,11.826713705194523,1000000
2024-10-02 04:00:00,11.760702372099855,12.348737490704849,11.172667253494861,11.760702372099855,1000000
2024-10-03 04:00:00,11.734982103095515,12.321731208250291,11.148232997940738,11.734982103095515,1000000
2024-10-04 04:00:00,9.759485312100056,10.247459577705058,9.271511046495053,9.759485312100056,1000000
2024-10-07 04:00:00,10.12902271732901,10.63547385319546,9.622571581462559,10.12902271732901,1000000
2024-10-08 04:00:00,10.447224570787084,10.969585799326438,9.924863342247729,10.447224570787084,1000000
2024-10-09 04:00:00,10.169384060157698,10.677853263165584,9.660914857149812,10.169384060157698,1000000
2024-10-10 04:00:00,9.96006511182158,10.45806836741266,9.4620618562305,9.96006511182158,1000000
2024-10-11 04:00:00,10.001418932932236,10.501489879578848,9.501347986285623,10.001418932932236,1000000
2024-10-14 04:00:00,10.273299095507912,10.78696405028331,9.759634140732516,10.273299095507912,1000000
2024-10-15 04:00:00,10.82548678908446,11.366761128538684,10.284212449630235,10.82548678908446,1000000
2024-10-16 04:00:00,10.73752437666985,11.274400595503343,10.200648157836357,10.73752437666985,1000000
2024-10-17 04:00:00,9.115820146177157,9.571611153486016,8.660029138868298,9.115820146177157,1000000
2024-10-18 04:00:00,8.901776046394508,9.346864848714233,8.456687244074782,8.901776046394508,1000000
2024-10-21 04:00:00,8.957227062606405,9.405088415736726,8.509365709476084,8.957227062606405,1000000
2024-10-22 04:00:00,8.956045105331855,9.403847360598448,8.508242850065262,8.956045105331855,1000000
2024-10-23 04:00:00,9.605394306847725,10.08566402219011,9.125124591505339,9.605394306847725,1000000
2024-10-24 04:00:00,9.545527737355476,10.022804124223251,9.068251350487701,9.545527737355476,1000000
2024-10-25 04:00:00,9.5217697891441,9.997858278601306,9.045681299686894,9.5217697891441,1000000
2024-10-28 04:00:00,9.484740533431966,9.958977560103564,9.010503506760367,9.484740533431966,1000000
2024-10-29 04:00:00,8.783818884303152,9.22300982851831,8.344627940087994,8.783818884303152,1000000
2024-10-30 04:00:00,8.906522408302608,9.351848528717738,8.461196287887478,8.906522408302608,1000000
2024-10-31 04:00:00,11.506711977816414,12.082047576707234,10.931376378925593,11.506711977816414,1000000
2024-11-01 04:00:00,11.125767258743887,11.682055621681082,10.569478895806691,11.125767258743887,1000000
2024-11-04 05:00:00,10.65413080822251,11.186837348633636,10.121424267811383,10.65413080822251,1000000
2024-11-05 05:00:00,10.993399072337718,11.543069025954605,10.443729118720832,10.993399072337718,1000000
2024-11-06 05:00:00,13.885015429213654,14.579266200674338,13.19076465775297,13.885015429213654,1000000
2024-11-07 05:00:00,14.022652052442364,14.723784655064483,13.321519449820245,14.022652052442364,1000000
2024-11-08 05:00:00,13.967699771656186,14.666084760238995,13.269314783073376,13.967699771656186,1000000
2024-11-11 05:00:00,13.751407678919932,14.43897806286593,13.063837294973935,13.751407678919932,1000000
2024-11-12 05:00:00,13.441552455359565,14.113630078127544,12.769474832591586,13.441552455359565,1000000
2024-11-13 05:00:00,13.40254025937031,14.072667272338826,12.732413246401794,13.40254025937031,1000000
2024-11-14 05:00:00,13.67739819790517,14.361268107800429,12.99352828800991,13.67739819790517,1000000
2024-11-15 05:00:00,14.467890636782743,15.19128516862188,13.744496104943606,14.467890636782743,1000000
2024-11-18 05:00:00,14.51755922089119,15.24343718193575,13.79168125984663,14.51755922089119,1000000
2024-11-19 05:00:00,14.556981826937365,15.284830918284234,13.829132735590496,14.556981826937365,1000000
2024-11-20 05:00:00,14.094546640496514,14.79927397252134,13.389819308471688,14.094546640496514,1000000
2024-11-21 05:00:00,14.172063648978698,14.880666831427634,13.463460466529762,14.172063648978698,1000000
2024-11-22 05:00:00,14.17277463830111,14.881413370216166,13.464135906386055,14.17277463830111,1000000
2024-11-25 05:00:00,14.177819895447168,14.886710890219527,13.46892890067481,14.177819895447168,1000000
2024-11-26 05:00:00,14.240836683476479,14.952878517650303,13.528794849302654,14.240836683476479,1000000
2024-11-27 05:00:00,14.241045187504774,14.953097446880014,13.528992928129535,14.241045187504774,1000000
2024-11-29 05:00:00,11.888434137887117,12.482855844781474,11.29401243099276,11.888434137887117,1000000
2024-12-02 05:00:00,11.88463068626498,12.47886222057823,11.29039915195173,11.88463068626498,1000000
2024-12-03 05:00:00,11.775571168510647,12.36434972693618,11.186792610085114,11.775571168510647,1000000
2024-12-04 05:00:00,11.346284004612631,11.913598204843263,10.778969804382,11.346284004612631,1000000
2024-12-05 05:00:00,7.810985754460022,8.201535042183023,7.420436466737021,7.810985754460022,1000000
2024-12-06 05:00:00,7.441176378865211,7.8132351978084715,7.06911755992195,7.441176378865211,1000000
2024-12-09 05:00:00,7.640742887653089,8.022780032035744,7.2587057432704345,7.640742887653089,1000000
2024-12-10 05:00:00,7.747682471799829,8.135066595389821,7.360298348209837,7.747682471799829,1000000
2024-12-11 05:00:00,8.055736890589522,8.458523735118998,7.652950046060045,8.055736890589522,1000000
2024-12-12 05:00:00,8.336930595082483,8.753777124836608,7.920084065328359,8.336930595082483,1000000
2024-12-13 05:00:00,7.922372692432261,8.318491327053874,7.526254057810648,7.922372692432261,1000000
2024-12-16 05:00:00,6.109362271786576,6.414830385375906,5.803894158197247,6.109362271786576,1000000
2024-12-17 05:00:00,6.384838108546951,6.704080013974299,6.065596203119603,6.384838108546951,1000000
2024-12-18 05:00:00,12.707095120160652,13.342449876168684,12.07174036415262,12.707095120160652,1000000
2024-12-19 05:00:00,12.704784177602399,13.34002338648252,12.069544968722278,12.704784177602399,1000000
2024-12-20 05:00:00,12.948414036916272,13.595834738762086,12.300993335070459,12.948414036916272,1000000
2024-12-23 05:00:00,13.085359113197695,13.73962706885758,12.43109115753781,13.085359113197695,1000000
2024-12-24 05:00:00,13.629564000894876,14.31104220093962,12.948085800850132,13.629564000894876,1000000
2024-12-26 05:00:00,13.507473510450934,14.18284718597348,12.832099834928387,13.507473510450934,1000000
2024-12-27 05:00:00,13.990757989047284,14.690295888499648,13.291220089594919,13.990757989047284,1000000
2024-12-30 05:00:00,14.300834848477063,15.015876590900916,13.58579310605321,14.300834848477063,1000000
2024-12-31 05:00:00,14.281849569185942,14.99594204764524,13.567757090726644,14.281849569185942,1000000
2025-01-02 05:00:00,14.267960747268718,14.981358784632155,13.554562709905282,14.267960747268718,1000000
2025-01-03 05:00:00,14.885333000589338,15.629599650618806,14.14106635055987,14.885333000589338,1000000
2025-01-06 05:00:00,15.091058914971914,15.84561186072051,14.336505969223317,15.091058914971914,1000000
2025-01-07 05:00:00,15.48926992931425,16.263733425779964,14.714806432848537,15.48926992931425,1000000
2025-01-08 05:00:00,15.463593356060212,16.236773023863222,14.6904136882572,15.463593356060212,1000000
2025-01-10 05:00:00,16.242616280873673,17.054747094917357,15.430485466829989,16.242616280873673,1000000
2025-01-13 05:00:00,15.904578225098312,16.69980713635323,15.109349313843396,15.904578225098312,1000000
2025-01-14 05:00:00,15.909544323888294,16.70502154008271,15.114067107693879,15.909544323888294,1000000
2025-01-15 05:00:00,17.424405017501638,18.29562526837672,16.553184766626554,17.424405017501638,1000000
2025-01-16 05:00:00,17.319190037668367,18.185149539551787,16.453230535784947,17.319190037668367,1000000
2025-01-17 05:00:00,17.727785758842675,18.61417504678481,16.84139647090054,17.727785758842675,1000000
2025-01-21 05:00:00,14.236025136359215,14.947826393177177,13.524223879541253,14.236025136359215,1000000
2025-01-22 05:00:00,14.294434648716692,15.009156381152527,13.579712916280856,14.294434648716692,1000000
2025-01-23 05:00:00,14.136187415814433,14.842996786605156,13.42937804502371,14.136187415814433,1000000
2025-01-24 05:00:00,14.122021595561451,14.828122675339523,13.415920515783379,14.122021595561451,1000000
2025-01-27 05:00:00,14.594792011697988,15.324531612282888,13.865052411113089,14.594792011697988,1000000
2025-01-28 05:00:00,14.91945091402403,15.66542345972523,14.173478368322828,14.91945091402403,1000000
2025-01-29 05:00:00,14.48539250150479,15.209662126580032,13.76112287642955,14.48539250150479,1000000
2025-01-30 05:00:00,13.849290250183277,14.541754762692442,13.156825737674112,13.849290250183277,1000000
2025-01-31 05:00:00,13.943865144112086,14.641058401317691,13.246671886906482,13.943865144112086,1000000
2025-02-03 05:00:00,14.179581273309392,14.888560336974862,13.470602209643921,14.179581273309392,1000000
2025-02-04 05:00:00,13.705386322099573,14.390655638204551,13.020117005994594,13.705386322099573,1000000
2025-02-05 05:00:00,13.63767873698037,14.319562673829388,12.95579480013135,13.63767873698037,1000000
2025-02-06 05:00:00,12.89021241115115,13.534723031708708,12.245701790593593,12.89021241115115,1000000
2025-02-07 05:00:00,13.43503386928854,14.106785562752968,12.763282175824113,13.43503386928854,1000000
2025-02-10 05:00:00,12.113114645258365,12.718770377521285,11.507458912995446,12.113114645258365,1000000
2025-02-11 05:00:00,12.120981924106108,12.727031020311413,11.514932827900802,12.120981924106108,1000000
2025-02-12 05:00:00,12.263690916277097,12.876875462090952,11.650506370463242,12.263690916277097,1000000
2025-02-13 05:00:00,11.161855585777335,11.719948365066202,10.603762806488469,11.161855585777335,1000000
2025-02-14 05:00:00,11.106782712663133,11.66212184829629,10.551443577029977,11.106782712663133,1000000
2025-02-18 05:00:00,10.662039475452067,11.195141449224671,10.128937501679463,10.662039475452067,1000000
2025-02-19 05:00:00,10.252312843659652,10.764928485842635,9.73969720147667,10.252312843659652,1000000
2025-02-20 05:00:00,10.234280372708032,10.745994391343434,9.72256635407263,10.234280372708032,1000000
2025-02-21 05:00:00,11.758887467693159,12.346831841077817,11.1709430943085,11.758887467693159,1000000
2025-02-24 05:00:00,11.812299486910087,12.402914461255591,11.221684512564583,11.812299486910087,1000000
2025-02-25 05:00:00,10.854547665649518,11.397275048931995,10.31182028236704,10.854547665649518,1000000
2025-02-26 05:00:00,10.332239749843563,10.84885173733574,9.815627762351385,10.332239749843563,1000000
2025-02-27 05:00:00,11.598977034180788,12.178925885889827,11.019028182471748,11.598977034180788,1000000
2025-02-28 05:00:00,12.887359520945415,13.531727496992685,12.242991544898144,12.887359520945415,1000000
2025-03-03 05:00:00,14.114685316225028,14.82041958203628,13.408951050413776,14.114685316225028,1000000
2025-03-04 05:00:00,14.478185675674679,15.202094959458414,13.754276391890944,14.478185675674679,1000000
2025-03-05 05:00:00,14.856841373497923,15.59968344217282,14.113999304823027,14.856841373497923,1000000
2025-03-06 05:00:00,15.757334643385212,16.545201375554473,14.96946791121595,15.757334643385212,1000000
2025-03-07 05:00:00,15.884336363978127,16.678553182177033,15.09011954577922,15.884336363978127,1000000
2025-03-10 04:00:00,17.932607254510067,18.82923761723557,17.035976891784564,17.932607254510067,1000000
2025-03-11 04:00:00,17.592927428035026,18.472573799436777,16.713281056633274,17.592927428035026,1000000
2025-03-12 04:00:00,17.833588015873815,18.725267416667506,16.941908615080123,17.833588015873815,1000000
2025-03-13 04:00:00,18.13923870205067,19.046200637153202,17.232276766948136,18.13923870205067,1000000
2025-03-14 04:00:00,19.545417342998434,20.522688210148356,18.56814647584851,19.545417342998434,1000000
2025-03-17 04:00:00,19.939590687275764,20.936570221639553,18.942611152911976,19.939590687275764,1000000
2025-03-18 04:00:00,19.94481966802049,20.942060651421514,18.947578684619465,19.94481966802049,1000000
2025-03-19 04:00:00,20.5394752695183,21.566449032994214,19.512501506042383,20.5394752695183,1000000
2025-03-20 04:00:00,20.541425815232778,21.568497105994417,19.514354524471138,20.541425815232778,1000000
2025-03-21 04:00:00,19.9249487333957,20.921196170065485,18.92870129672591,19.9249487333957,1000000
2025-03-24 04:00:00,21.245834092369016,22.30812579698747,20.183542387750563,21.245834092369016,1000000
2025-03-25 04:00:00,21.26510993990916,22.32836543690462,20.2018544429137,21.26510993990916,1000000
2025-03-26 04:00:00,21.5646384098168,22.64287033030764,20.48640648932596,21.5646384098168,1000000
2025-03-27 04:00:00,20.94182542456779,21.988916695796178,19.8947341533394,20.94182542456779,1000000
2025-03-28 04:00:00,20.918487913413056,21.96441230908371,19.872563517742403,20.918487913413056,1000000
2025-03-31 04:00:00,20.492170680808535,21.516779214848963,19.467562146768106,20.492170680808535,1000000
2025-04-01 04:00:00,20.222673732737885,21.23380741937478,19.21154004610099,20.222673732737885,1000000
2025-04-02 04:00:00,19.93168380950442,20.928267999979642,18.9350996190292,19.93168380950442,1000000
2025-04-03 04:00:00,25.653878290540067,26.936572205067073,24.371184376013062,25.653878290540067,1000000
2025-04-04 04:00:00,32.06576650798023,33.66905483337924,30.462478182581215,32.06576650798023,1000000
2025-04-07 04:00:00,31.17899030275973,32.73793981789772,29.62004078762174,31.17899030275973,1000000
2025-04-08 04:00:00,31.3885065609308,32.95793188897734,29.81908123288426,31.3885065609308,1000000
2025-04-09 04:00:00,50.22418045483563,52.735389477577414,47.71297143209385,50.22418045483563,1000000
2025-04-10 04:00:00,52.379989440745824,54.99898891278312,49.76098996870853,52.379989440745824,1000000
2025-04-11 04:00:00,52.228012521509925,54.839413147585425,49.616611895434424,52.228012521509925,1000000
2025-04-14 04:00:00,52.28248589824983,54.896610193162324,49.66836160333734,52.28248589824983,1000000
2025-04-15 04:00:00,52.1812865264656,54.79035085278888,49.57222220014231,52.1812865264656,1000000
2025-04-16 04:00:00,52.4510688818535,55.07362232594618,49.82851543776082,52.4510688818535,1000000
2025-04-17 04:00:00,52.4777396749538,55.1016266587015,49.85385269120611,52.4777396749538,1000000
2025-04-21 04:00:00,52.99014718711009,55.63965454646559,50.340639827754586,52.99014718711009,1000000
2025-04-22 04:00:00,53.512950121830514,56.18859762792204,50.837302615738984,53.512950121830514,1000000
2025-04-23 04:00:00,53.9118996626469,56.60749464577925,51.21630467951456,53.9118996626469,1000000
2025-04-24 04:00:00,54.46052200724741,57.18354810760979,51.73749590688504,54.46052200724741,1000000
2025-04-25 04:00:00,54.54353904842941,57.27071600085088,51.816362096007936,54.54353904842941,1000000
2025-04-28 04:00:00,54.06891249623384,56.772358121045535,51.36546687142215,54.06891249623384,1000000
2025-04-29 04:00:00,54.06241108976819,56.765531644256605,51.359290535279776,54.06241108976819,1000000
2025-04-30 04:00:00,54.05296016344653,56.75560817161886,51.350312155274196,54.05296016344653,1000000
2025-05-01 04:00:00,54.065477904081305,56.768751799285376,51.362204008877235,54.065477904081305,1000000
2025-05-02 04:00:00,51.0186506704676,53.56958320399098,48.46771813694422,51.0186506704676,1000000
2025-05-05 04:00:00,45.708583159327404,47.99401231729377,43.423154001361034,45.708583159327404,1000000
2025-05-06 04:00:00,45.91334655455293,48.20901388228058,43.61767922682528,45.91334655455293,1000000
2025-05-07 04:00:00,45.23426500744677,47.49597825781911,42.972551757074434,45.23426500744677,1000000
2025-05-08 04:00:00,26.370523450993794,27.689049623543486,25.0519972784441,26.370523450993794,1000000
2025-05-09 04:00:00,20.2677361526902,21.281122960324712,19.25434934505569,20.2677361526902,1000000
2025-05-12 04:00:00,22.289042770905052,23.403494909450306,21.1745906323598,22.289042770905052,1000000
2025-05-13 04:00:00,22.22013273529467,23.331139372059404,21.109126098529934,22.22013273529467,1000000
2025-05-14 04:00:00,22.093023469665475,23.19767464314875,20.9883722961822,22.093023469665475,1000000
2025-05-15 04:00:00,19.70184378358353,20.686935972762708,18.716751594404354,19.70184378358353,1000000
2025-05-16 04:00:00,19.630878616191303,20.612422547000868,18.64933468538174,19.630878616191303,1000000
2025-05-19 04:00:00,16.29957519033173,17.114553949848318,15.484596430815143,16.29957519033173,1000000
2025-05-20 04:00:00,15.142007536349523,15.899107913166999,14.384907159532046,15.142007536349523,1000000
2025-05-21 04:00:00,16.702670386615086,17.53780390594584,15.86753686728433,16.702670386615086,1000000
2025-05-22 04:00:00,15.524137792588894,16.300344682218338,14.747930902959448,15.524137792588894,1000000
2025-05-23 04:00:00,15.847546929118128,16.639924275574035,15.05516958266222,15.847546929118128,1000000
2025-05-27 04:00:00,17.08144443679659,17.93551665863642,16.227372214956763,17.08144443679659,1000000
2025-05-28 04:00:00,17.363613526932465,18.23179420327909,16.49543285058584,17.363613526932465,1000000
2025-05-29 04:00:00,17.33909332431029,18.206047990525807,16.472138658094774,17.33909332431029,1000000
2025-05-30 04:00:00,17.337526730955503,18.20440306750328,16.470650394407727,17.337526730955503,1000000
2025-06-02 04:00:00,16.785106753201568,17.62436209086165,15.945851415541489,16.785106753201568,1000000
2025-06-03 04:00:00,16.548899002329666,17.37634395244615,15.721454052213181,16.548899002329666,1000000
2025-06-04 04:00:00,16.06321053457756,16.866371061306438,15.260050007848681,16.06321053457756,1000000
2025-06-05 04:00:00,16.311855243526864,17.127448005703208,15.49626248135052,16.311855243526864,1000000
2025-06-06 04:00:00,16.464615579448356,17.287846358420776,15.641384800475938,16.464615579448356,1000000
2025-06-09 04:00:00,16.408020495658484,17.228421520441408,15.587619470875559,16.408020495658484,1000000
2025-06-10 04:00:00,12.087936068676273,12.692332872110088,11.483539265242458,12.087936068676273,1000000
2025-06-11 04:00:00,12.04746659570409,12.649839925489296,11.445093265918885,12.04746659570409,1000000
2025-06-12 04:00:00,12.086249581258048,12.690562060320952,11.481937102195145,12.086249581258048,1000000
2025-06-13 04:00:00,12.793819995450233,13.433510995222745,12.154128995677722,12.793819995450233,1000000
2025-06-16 04:00:00,13.031068325085233,13.682621741339496,12.37951490883097,13.031068325085233,1000000
2025-06-17 04:00:00,13.439217812259885,14.11117870287288,12.76725692164689,13.439217812259885,1000000
2025-06-18 04:00:00,13.37263700523639,14.04126885549821,12.70400515497457,13.37263700523639,1000000
2025-06-20 04:00:00,11.945906992343962,12.54320234196116,11.348611642726764,11.945906992343962,1000000
2025-06-23 04:00:00,12.349853947328912,12.967346644695358,11.732361249962466,12.349853947328912,1000000
2025-06-24 04:00:00,12.38672328252564,13.006059446651923,11.767387118399357,12.38672328252564,1000000
2025-06-25 04:00:00,10.3015345129462,10.81661123859351,9.78645778729889,10.3015345129462,1000000
2025-06-26 04:00:00,10.18262986029643,10.691761353311252,9.673498367281608,10.18262986029643,1000000
2025-06-27 04:00:00,10.214472630571361,10.72519626209993,9.703748999042793,10.214472630571361,1000000
2025-06-30 04:00:00,10.183676893594704,10.69286073827444,9.674493048914968,10.183676893594704,1000000
2025-07-01 04:00:00,10.15078237559252,10.658321494372146,9.643243256812895,10.15078237559252,1000000
2025-07-02 04:00:00,10.103848419681121,10.609040840665177,9.598655998697065,10.103848419681121,1000000
2025-07-03 04:00:00,10.271364129745988,10.784932336233288,9.757795923258689,10.271364129745988,1000000
2025-07-07 04:00:00,10.555197861626459,11.082957754707783,10.027437968545135,10.555197861626459,1000000
2025-07-08 04:00:00,10.16319504616741,10.67135479847578,9.655035293859038,10.16319504616741,1000000
2025-07-09 04:00:00,10.266537442475968,10.779864314599767,9.75321057035217,10.266537442475968,1000000
2025-07-10 04:00:00,10.181451094936037,10.69052364968284,9.672378540189234,10.181451094936037,1000000
2025-07-11 04:00:00,10.224902957828991,10.736148105720442,9.71365780993754,10.224902957828991,1000000
2025-07-14 04:00:00,10.19392333488039,10.70361950162441,9.68422716813637,10.19392333488039,1000000
2025-07-15 04:00:00,9.287835155618346,9.752226913399264,8.823443397837428,9.287835155618346,1000000
2025-07-16 04:00:00,8.882230095102127,9.326341599857233,8.43811859034702,8.882230095102127,1000000
2025-07-17 04:00:00,8.115180354903316,8.520939372648483,7.70942133715815,8.115180354903316,1000000
2025-07-18 04:00:00,8.143017288113413,8.550168152519083,7.7358664237077415,8.143017288113413,1000000
2025-07-21 04:00:00,7.616606121759557,7.997436427847536,7.235775815671579,7.616606121759557,1000000
2025-07-22 04:00:00,7.195062233172776,7.5548153448314155,6.835309121514137,7.195062233172776,1000000
2025-07-23 04:00:00,6.8353156321393955,7.177081413746365,6.493549850532426,6.8353156321393955,1000000
2025-07-24 04:00:00,6.843185557179776,7.185344835038765,6.501026279320787,6.843185557179776,1000000
2025-07-25 04:00:00,6.565210659496542,6.893471192471369,6.236950126521715,6.565210659496542,1000000
2025-07-28 04:00:00,6.51667326645897,6.842506929781919,6.1908396031360216,6.51667326645897,1000000
2025-07-29 04:00:00,6.593567899926795,6.923246294923135,6.263889504930455,6.593567899926795,1000000
2025-07-30 04:00:00,6.634220805580713,6.965931845859749,6.302509765301678,6.634220805580713,1000000
2025-07-31 04:00:00,6.757890412823519,7.095784933464695,6.419995892182343,6.757890412823519,1000000
2025-08-01 04:00:00,8.671261874364998,9.104824968083248,8.237698780646747,8.671261874364998,1000000
2025-08-04 04:00:00,9.834815417788764,10.326556188678204,9.343074646899325,9.834815417788764,1000000
2025-08-05 04:00:00,10.049124963978036,10.551581212176938,9.546668715779134,10.049124963978036,1000000
2025-08-06 04:00:00,10.18333914859809,10.692506106027995,9.674172191168186,10.18333914859809,1000000
2025-08-07 04:00:00,10.165736622978663,10.674023454127596,9.65744979182973,10.165736622978663,1000000
2025-08-08 04:00:00,10.359826450152148,10.877817772659757,9.84183512764454,10.359826450152148,1000000
2025-08-11 04:00:00,10.41112981695335,10.931686307801018,9.890573326105683,10.41112981695335,1000000
2025-08-12 04:00:00,10.768267409532632,11.306680780009264,10.229854039055999,10.768267409532632,1000000
2025-08-13 04:00:00,10.769971060142918,11.308469613150065,10.231472507135772,10.769971060142918,1000000
2025-08-14 04:00:00,10.650189173765616,11.182698632453898,10.117679715077335,10.650189173765616,1000000
2025-08-15 04:00:00,10.707085058317894,11.242439311233788,10.171730805402,10.707085058317894,1000000
2025-08-18 04:00:00,10.71698130690594,11.252830372251237,10.181132241560642,10.71698130690594,1000000
2025-08-19 04:00:00,10.96672976438918,11.51506625260864,10.41839327616972,10.96672976438918,1000000
2025-08-20 04:00:00,10.649125777353586,11.181582066221265,10.116669488485906,10.649125777353586,1000000
2025-08-21 04:00:00,10.759960600462195,11.297958630485306,10.221962570439084,10.759960600462195,1000000
2025-08-22 04:00:00,11.980796803995714,12.5798366441955,11.381756963795928,11.980796803995714,1000000
2025-08-25 04:00:00,12.112824385727984,12.718465605014384,11.507183166441585,12.112824385727984,1000000
2025-08-26 04:00:00,12.12359061849535,12.729770149420117,11.517411087570581,12.12359061849535,1000000
2025-08-27 04:00:00,12.108873863498722,12.71431755667366,11.503430170323785,12.108873863498722,1000000
2025-08-28 04:00:00,12.007382172624702,12.607751281255938,11.407013063993466,12.007382172624702,1000000
2025-08-29 04:00:00,10.432133669449764,10.953740352922253,9.910526985977274,10.432133669449764,1000000
2025-09-02 04:00:00,9.657104885816235,10.139960130107047,9.174249641525423,9.657104885816235,1000000
2025-09-03 04:00:00,9.538105962598982,10.015011260728931,9.061200664469032,9.538105962598982,1000000
2025-09-04 04:00:00,9.603217179327345,10.083378038293713,9.123056320360977,9.603217179327345,1000000
2025-09-05 04:00:00,9.691190887921033,10.175750432317086,9.20663134352498,9.691190887921033,1000000
2025-09-08 04:00:00,9.388931832959273,9.858378424607237,8.919485241311309,9.388931832959273,1000000
2025-09-09 04:00:00,9.336498416800799,9.803323337640839,8.86967349596076,9.336498416800799,1000000
2025-09-10 04:00:00,8.67106641454008,9.104619735267084,8.237513093813076,8.67106641454008,1000000
2025-09-11 04:00:00,9.03673558423863,9.488572363450562,8.584898805026697,9.03673558423863,1000000
2025-09-12 04:00:00,9.043661128519418,9.495844184945389,8.591478072093446,9.043661128519418,1000000
2025-09-15 04:00:00,9.080360309141795,9.534378324598885,8.626342293684706,9.080360309141795,1000000
2025-09-16 04:00:00,9.116257274358887,9.572070138076832,8.660444410640942,9.116257274358887,1000000
2025-09-17 04:00:00,8.823332341977121,9.264498959075977,8.382165724878265,8.823332341977121,1000000
2025-09-18 04:00:00,8.74781066424751,9.185201197459886,8.310420131035134,8.74781066424751,1000000
2025-09-19 04:00:00,8.466902679865827,8.89024781385912,8.043557545872535,8.466902679865827,1000000
2025-09-22 04:00:00,6.98442767260436,7.333649056234578,6.635206288974142,6.98442767260436,1000000
2025-09-23 04:00:00,7.112881941447558,7.468526038519936,6.7572378443751795,7.112881941447558,1000000
2025-09-24 04:00:00,7.23716154692728,7.5990196242736445,6.875303469580915,7.23716154692728,1000000
2025-09-25 04:00:00,7.513080432453558,7.888734454076236,7.13742641083088,7.513080432453558,1000000
2025-09-26 04:00:00,7.654416650666539,8.037137483199865,7.271695818133211,7.654416650666539,1000000
2025-09-29 04:00:00,7.217505653494058,7.578380936168761,6.856630370819355,7.217505653494058,1000000
2025-09-30 04:00:00,6.450567214080814,6.773095574784855,6.128038853376773,6.450567214080814,1000000
2025-10-01 04:00:00,6.347534928606256,6.66491167503657,6.030158182175943,6.347534928606256,1000000
2025-10-02 04:00:00,5.871682936227063,6.165267083038416,5.5780987894157095,5.871682936227063,1000000
2025-10-03 04:00:00,5.6690278762597455,5.952479270072733,5.385576482446758,5.6690278762597455,1000000
2025-10-06 04:00:00,5.7037241029354675,5.988910308082241,5.418537897788694,5.7037241029354675,1000000
2025-10-07 04:00:00,6.014439303680933,6.31516126886498,5.7137173384968865,6.014439303680933,1000000
2025-10-08 04:00:00,6.208993970293462,6.519443668808135,5.898544271778789,6.208993970293462,1000000
2025-10-09 04:00:00,5.863968265483244,6.157166678757407,5.570769852209081,5.863968265483244,1000000
2025-10-10 04:00:00,11.566913398458144,12.145259068381051,10.988567728535237,11.566913398458144,1000000
2025-10-13 04:00:00,12.70502544401578,13.34027671621657,12.06977417181499,12.70502544401578,1000000
2025-10-14 04:00:00,12.702602776302072,13.337732915117176,12.067472637486969,12.702602776302072,1000000
2025-10-15 04:00:00,12.776968323618048,13.41581673979895,12.138119907437146,12.776968323618048,1000000
2025-10-16 04:00:00,12.926908128863628,13.57325353530681,12.280562722420447,12.926908128863628,1000000
2025-10-17 04:00:00,13.067297211659998,13.720662072242998,12.413932351076998,13.067297211659998,1000000
2025-10-20 04:00:00,13.483038640133389,14.157190572140058,12.80888670812672,13.483038640133389,1000000
2025-10-21 04:00:00,13.309279892649911,13.974743887282408,12.643815898017415,13.309279892649911,1000000
2025-10-22 04:00:00,13.40501751675409,14.075268392591795,12.734766640916384,13.40501751675409,1000000
2025-10-23 04:00:00,13.390004014355023,14.059504215072774,12.720503813637272,13.390004014355023,1000000
2025-10-24 04:00:00,13.530234090813595,14.206745795354275,12.853722386272915,13.530234090813595,1000000
2025-10-27 04:00:00,14.039684906749168,14.741669152086626,13.33770066141171,14.039684906749168,1000000
2025-10-28 04:00:00,14.022862446892256,14.72400556923687,13.321719324547644,14.022862446892256,1000000
2025-10-29 04:00:00,14.010801193087957,14.711341252742356,13.310261133433558,14.010801193087957,1000000
2025-10-30 04:00:00,14.690687931284083,15.425222327848289,13.956153534719878,14.690687931284083,1000000
2025-10-31 04:00:00,14.712166628028706,15.447774959430141,13.976558296627271,14.712166628028706,1000000
2025-11-03 05:00:00,14.684679945843781,15.418913943135971,13.950445948551591,14.684679945843781,1000000
2025-11-04 05:00:00,15.296150461656996,16.060957984739847,14.531342938574145,15.296150461656996,1000000
2025-11-05 05:00:00,15.203243806823414,15.963405997164585,14.443081616482242,15.203243806823414,1000000
2025-11-06 05:00:00,15.673733446294955,16.457420118609704,14.890046773980206,15.673733446294955,1000000
2025-11-07 05:00:00,11.992807979641062,12.592448378623116,11.393167580659009,11.992807979641062,1000000
2025-11-10 05:00:00,12.033264635760647,12.63492786754868,11.431601403972614,12.033264635760647,1000000
2025-11-11 05:00:00,11.996413535990621,12.596234212790153,11.39659285919109,11.996413535990621,1000000
2025-11-12 05:00:00,11.952429395784797,12.550050865574038,11.354807925995557,11.952429395784797,1000000
2025-11-13 05:00:00,13.27300793425957,13.93665833097255,12.609357537546591,13.27300793425957,1000000
2025-11-14 05:00:00,13.154996919077902,13.812746765031799,12.497247073124006,13.154996919077902,1000000
2025-11-17 05:00:00,13.067658056564078,13.721040959392282,12.414275153735874,13.067658056564078,1000000
2025-11-18 05:00:00,13.371095775359898,14.039650564127893,12.702540986591902,13.371095775359898,1000000
2025-11-19 05:00:00,13.363315562711742,14.03148134084733,12.695149784576154,13.363315562711742,1000000
2025-11-20 05:00:00,14.133752125191132,14.840439731450688,13.427064518931575,14.133752125191132,1000000
2025-11-21 05:00:00,14.307840435413757,15.023232457184445,13.59244841364307,14.307840435413757,1000000
2025-11-24 05:00:00,14.695442490010688,15.430214614511224,13.960670365510152,14.695442490010688,1000000
2025-11-25 05:00:00,15.118246291621784,15.874158606202874,14.362333977040693,15.118246291621784,1000000
2025-11-26 05:00:00,15.362621863053025,16.130752956205676,14.594490769900373,15.362621863053025,1000000
2025-11-28 05:00:00,14.97964684849276,15.728629190917397,14.230664506068122,14.97964684849276,1000000
2025-12-01 05:00:00,15.031658116180713,15.783241021989749,14.280075210371677,15.031658116180713,1000000
2025-12-02 05:00:00,15.031236403768434,15.782798223956856,14.279674583580011,15.031236403768434,1000000
2025-12-03 05:00:00,14.411893346512922,15.13248801383857,13.691298679187275,14.411893346512922,1000000
2025-12-04 05:00:00,14.374330732841297,15.093047269483362,13.655614196199233,14.374330732841297,1000000
2025-12-05 05:00:00,13.746554194443899,14.433881904166094,13.059226484721703,13.746554194443899,1000000
2025-12-08 05:00:00,13.826399916545526,14.517719912372803,13.13507992071825,13.826399916545526,1000000
2025-12-09 05:00:00,12.704998446798681,13.340248369138616,12.069748524458747,12.704998446798681,1000000
2025-12-10 05:00:00,12.894199808866958,13.538909799310307,12.249489818423609,12.894199808866958,1000000
2025-12-11 05:00:00,12.912991860712108,13.558641453747713,12.267342267676502,12.912991860712108,1000000
2025-12-12 05:00:00,12.026137786052555,12.627444675355184,11.424830896749926,12.026137786052555,1000000
2025-12-15 05:00:00,12.049130468880326,12.651586992324344,11.44667394543631,12.049130468880326,1000000
2025-12-16 05:00:00,11.540705944366568,12.117741241584897,10.96367064714824,11.540705944366568,1000000
2025-12-17 05:00:00,11.85517090522338,12.44792945048455,11.26241235996221,11.85517090522338,1000000
2025-12-18 05:00:00,12.049086101012564,12.651540406063193,11.446631795961936,12.049086101012564,1000000
2025-12-19 05:00:00,10.500550437142596,11.025577958999726,9.975522915285467,10.500550437142596,1000000
2025-12-22 05:00:00,10.210913312074533,10.72145897767826,9.700367646470806,10.210913312074533,1000000
2025-12-23 05:00:00,9.101867281994364,9.556960646094083,8.646773917894645,9.101867281994364,1000000
2025-12-24 05:00:00,8.646460117969873,9.078783123868368,8.214137112071379,8.646460117969873,1000000
2025-12-26 05:00:00,8.380575792224654,8.799604581835887,7.961547002613421,8.380575792224654,1000000
2025-12-29 05:00:00,8.325643096542786,8.741925251369926,7.909360941715646,8.325643096542786,1000000
2025-12-30 05:00:00,8.147100468674552,8.55445549210828,7.739745445240824,8.147100468674552,1000000
2025-12-31 05:00:00,8.594997399330115,9.024747269296622,8.165247529363608,8.594997399330115,1000000
