symbol,ok,earliest,latest,years,adv_shares,adv_dollar,has_options
TSLA,True,2020-12-28,2024-12-31,4.008213552361396,92583369.05,37388867757.15199,True
NVDA,True,2020-12-28,2024-12-31,4.008213552361396,219179713.28333333,29433643696.818832,True
SPY,True,2020-12-28,2024-12-31,4.008213552361396,45588888.266666666,26718735635.328003,True
QQQ,True,2020-12-28,2024-12-31,4.008213552361396,28756126.483333334,14700994542.074501,True
AAPL,True,2020-12-28,2024-12-31,4.008213552361396,43846265.5,10979981806.51,True
MSFT,True,2020-12-28,2024-12-31,4.008213552361396,20862300.85,8793459808.275002,True
AMZN,True,2020-12-28,2024-12-31,4.008213552361396,37820920.266666666,8297531697.303999,True
MSTR,True,2020-12-28,2024-12-31,4.008213552361396,28019362.3,8114967709.326,True
META,True,2021-06-30,2024-12-31,3.5044490075290895,11973213.766666668,7010436392.521001,True
AVGO,True,2020-12-28,2024-12-31,4.008213552361396,28071732.85,6508150543.944,True
PLTR,True,2020-12-28,2024-12-31,4.008213552361396,75929878.33333333,5742576698.349999,True
IWM,True,2020-12-28,2024-12-31,4.008213552361396,25853151.166666668,5712512281.786667,True
GOOGL,True,2020-12-28,2024-12-31,4.008213552361396,27722412.3,5247852648.39,True
AMD,True,2020-12-28,2024-12-31,4.008213552361396,36558826.43333333,4415940644.882333,True
GOOG,True,2020-12-28,2024-12-31,4.008213552361396,18934488.966666665,3605884078.812,True
TLT,True,2020-12-28,2024-12-31,4.008213552361396,40806714.93333333,3563650415.128,True
COIN,True,2021-04-14,2024-12-31,3.7152635181382614,13448804.2,3339338082.86,True
TQQQ,True,2020-12-28,2024-12-31,4.008213552361396,84374239.1,3338266769.9914994,True
NFLX,True,2020-12-28,2024-12-31,4.008213552361396,32903792.833333332,2932780862.820667,True
LLY,True,2020-12-28,2024-12-31,4.008213552361396,3784868.033333333,2921918121.733333,True
TSM,True,2020-12-28,2024-12-31,4.008213552361396,13501008.65,2666314198.2885003,True
HYG,True,2020-12-28,2024-12-31,4.008213552361396,33104701.55,2603684776.9075003,True
SMCI,True,2020-12-28,2024-12-31,4.008213552361396,81108197.73333333,2472177866.912,True
LQD,True,2020-12-28,2024-12-31,4.008213552361396,22674281.75,2422520262.17,True
BA,True,2020-12-28,2024-12-31,4.008213552361396,13618175.15,2410417001.55,True
UNH,True,2020-12-28,2024-12-31,4.008213552361396,4558475.2,2305950264.672,True
JPM,True,2020-12-28,2024-12-31,4.008213552361396,8608477.566666666,2063538157.5056667,True
SOXL,True,2020-12-28,2024-12-31,4.008213552361396,75048576.83333333,2049576633.3183331,True
CRM,True,2020-12-28,2024-12-31,4.008213552361396,5850928.416666667,1956140897.5441666,True
XLF,True,2020-12-28,2024-12-31,4.008213552361396,39808444.93333333,1923942143.6279998,True
V,True,2020-12-28,2024-12-31,4.008213552361396,5992522.033333333,1893876663.4146667,True
FXI,True,2020-12-28,2024-12-31,4.008213552361396,57643744.1,1754675570.404,True
BRK.B,True,2020-12-28,2024-12-31,4.008213552361396,3860767.8666666667,1750008858.6026666,True
MU,True,2020-12-28,2024-12-31,4.008213552361396,20581215.983333334,1732115137.1573334,True
COST,True,2020-12-28,2024-12-31,4.008213552361396,1884373.35,1726594769.4045,True
XOM,True,2020-12-28,2024-12-31,4.008213552361396,14526537.316666666,1562619619.1538332,True
ADBE,True,2020-12-28,2024-12-31,4.008213552361396,3506046.0166666666,1559068542.6913333,True
GLD,True,2020-12-28,2024-12-31,4.008213552361396,6397753.833333333,1549088135.665,True
BAC,True,2020-12-28,2024-12-31,4.008213552361396,34005822.28333333,1494555889.3525,True
MRVL,True,2020-12-28,2024-12-31,4.008213552361396,13031106.516666668,1439285714.7658334,True
ASML,True,2020-12-28,2024-12-31,4.008213552361396,2070298.7333333334,1434882646.098667,True
WMT,True,2020-12-28,2024-12-31,4.008213552361396,15688743.316666666,1417477958.6608331,True
UBER,True,2020-12-28,2024-12-31,4.008213552361396,23334765.483333334,1407553053.9546666,True
INTC,True,2020-12-28,2024-12-31,4.008213552361396,68899730.85,1381439603.5425,True
DIA,True,2020-12-28,2024-12-31,4.008213552361396,3245320.0166666666,1380883667.0916667,True
BABA,True,2020-12-28,2024-12-31,4.008213552361396,16154226.4,1369716856.456,True
SMH,True,2020-12-28,2024-12-31,4.008213552361396,5483051.6,1327830605.972,True
MA,True,2020-12-28,2024-12-31,4.008213552361396,2501114.1333333333,1317011669.1893334,True
NOW,True,2020-12-28,2024-12-31,4.008213552361396,6150447.75,1304042533.746,True
HD,True,2020-12-28,2024-12-31,4.008213552361396,3272963.283333333,1273149987.5838332,True
ORCL,True,2020-12-28,2024-12-31,4.008213552361396,7590634.433333334,1264903321.9706666,True
QCOM,True,2020-12-28,2024-12-31,4.008213552361396,8083645.85,1241809675.477,True
WFC,True,2020-12-28,2024-12-31,4.008213552361396,17496405.166666668,1228947498.9066668,True
CRWD,True,2020-12-28,2024-12-31,4.008213552361396,3575571.85,1223417664.196,True
GS,True,2020-12-28,2024-12-31,4.008213552361396,2067619.3833333333,1183960211.2843332,True
SQQQ,True,2020-12-28,2024-12-31,4.008213552361396,7468807.711999999,1162893360.7583997,True
PFE,True,2020-12-28,2024-12-31,4.008213552361396,43363861.88333333,1150443255.7648335,True
PG,True,2020-12-28,2024-12-31,4.008213552361396,6774921.916666667,1135815659.3291667,True
SPOT,True,2020-12-28,2024-12-31,4.008213552361396,2502455.216666667,1119548414.8323333,True
CVX,True,2020-12-28,2024-12-31,4.008213552361396,7704778.95,1115960183.118,True
ABBV,True,2020-12-28,2024-12-31,4.008213552361396,6270596.35,1114284971.395,True
CSCO,True,2020-12-28,2024-12-31,4.008213552361396,18712668.116666667,1107789952.5066667,True
MRK,True,2020-12-28,2024-12-31,4.008213552361396,11111824.95,1105404346.026,True
AMAT,True,2020-12-28,2024-12-31,4.008213552361396,6652431.25,1081884894.1875,True
XLE,True,2020-12-28,2024-12-31,4.008213552361396,25195640.233333334,1079129271.1936667,True
JNJ,True,2020-12-28,2024-12-31,4.008213552361396,7410269.95,1071673240.169,True
EEM,True,2020-12-28,2024-12-31,4.008213552361396,25465034.666666668,1064947749.7600001,True
DIS,True,2020-12-28,2024-12-31,4.008213552361396,9391700.916666666,1045765897.0708332,True
PDD,True,2020-12-28,2024-12-31,4.008213552361396,10740938.35,1041763610.5665,True
TXN,True,2020-12-28,2024-12-31,4.008213552361396,5545497.4,1039836217.474,True
MCD,True,2020-12-28,2024-12-31,4.008213552361396,3535961.7666666666,1025039956.5389999,True
SNOW,True,2020-12-28,2024-12-31,4.008213552361396,6587567.35,1017186274.5135,True
MARA,True,2020-12-28,2024-12-31,4.008213552361396,60648184.166666664,1017070048.4749999,True
KO,True,2020-12-28,2024-12-31,4.008213552361396,16199511.65,1008581595.329,True
HON,True,2020-12-28,2024-12-31,4.008213552361396,4432686.116666666,1001299466.8938332,True
XLI,True,2020-12-28,2024-12-31,4.008213552361396,7445592.316666666,981031243.6439999,True
XLV,True,2020-12-28,2024-12-31,4.008213552361396,7096447.566666666,976258291.7463332,True
INTU,True,2020-12-28,2024-12-31,4.008213552361396,1532339.1666666667,963075166.25,True
XLK,True,2020-12-28,2024-12-31,4.008213552361396,8185413.9,951636220.014,True
C,True,2020-12-28,2024-12-31,4.008213552361396,13510671.666666666,951016178.6166667,True
TMO,True,2020-12-28,2024-12-31,4.008213552361396,1762801.8666666667,917062415.0960001,True
IBM,True,2020-12-28,2024-12-31,4.008213552361396,4170047.2666666666,916701490.6313334,True
PANW,True,2020-12-28,2024-12-31,4.008213552361396,4918531.333333333,894975961.4133333,True
PEP,True,2020-12-28,2024-12-31,4.008213552361396,5876551.433333334,893588410.9526668,True
APO,True,2020-12-28,2024-12-31,4.008213552361396,5332916.6,880784505.6559999,True
LRCX,True,2020-12-28,2024-12-31,4.008213552361396,12034693.116666667,869265883.8168334,True
AGG,True,2020-12-28,2024-12-31,4.008213552361396,8930805.1,865395014.19,True
DELL,True,2020-12-28,2024-12-31,4.008213552361396,7452280.233333333,858800774.0893333,True
AMGN,True,2020-12-28,2024-12-31,4.008213552361396,3280514.183333333,855033216.744,True
TGT,True,2020-12-28,2024-12-31,4.008213552361396,6277878.016666667,848643550.293,True
ACN,True,2020-12-28,2024-12-31,4.008213552361396,2405440.966666667,846210077.6636667,True
KRE,True,2020-12-28,2024-12-31,4.008213552361396,14004512.633333333,845172337.4216666,True
NKE,True,2020-12-28,2024-12-31,4.008213552361396,11156039.233333332,844177488.7863333,True
WDAY,True,2020-12-28,2024-12-31,4.008213552361396,3265277.033333333,842539432.9109999,True
VST,True,2020-12-28,2024-12-31,4.008213552361396,6079733.683333334,838212882.9211668,True
LIN,True,2020-12-28,2024-12-31,4.008213552361396,1992519.25,834208034.3975,True
ANET,True,2020-12-28,2024-12-31,4.008213552361396,7513671.05,830486061.1565,True
MS,True,2020-12-28,2024-12-31,4.008213552361396,6542997.366666666,822585628.9373332,True
SOFI,True,2021-06-01,2024-12-31,3.583846680355921,53339701.6,821431404.64,True
TMUS,True,2020-12-28,2024-12-31,4.008213552361396,3608343.7333333334,796469712.2586666,True
SHOP,True,2020-12-28,2024-12-31,4.008213552361396,7450934.583333333,792257874.2458333,True
GE,True,2020-12-28,2024-12-31,4.008213552361396,4717979.466666667,786911795.2453333,True
PYPL,True,2020-12-28,2024-12-31,4.008213552361396,9181239.033333333,783618751.4949999,True
T,True,2020-12-28,2024-12-31,4.008213552361396,33891867.36666667,771717819.939,True
XBI,True,2020-12-28,2024-12-31,4.008213552361396,8522455.75,767532364.845,True
LULU,True,2020-12-28,2024-12-31,4.008213552361396,1995974.75,763280704.1475,True
AXP,True,2020-12-28,2024-12-31,4.008213552361396,2568432.1333333333,762284972.852,True
XLU,True,2020-12-28,2024-12-31,4.008213552361396,20071801.633333333,759617332.8134999,True
CAT,True,2020-12-28,2024-12-31,4.008213552361396,2078635.8333333333,754045934.9,True
NEE,True,2020-12-28,2024-12-31,4.008213552361396,10341937.766666668,741413518.4923334,True
KLAC,True,2020-12-28,2024-12-31,4.008213552361396,1154852.7833333334,727695835.8340001,True
SBUX,True,2020-12-28,2024-12-31,4.008213552361396,7923749.016666667,723042097.7708334,True
CMCSA,True,2020-12-28,2024-12-31,4.008213552361396,19108471.133333333,717140921.634,True
XLP,True,2020-12-28,2024-12-31,4.008213552361396,8914846.133333333,700796054.5413333,True
VZ,True,2020-12-28,2024-12-31,4.008213552361396,17297116.083333332,691711672.1725,True
ISRG,True,2020-12-28,2024-12-31,4.008213552361396,1310928.7833333334,684252387.7486668,True
GDX,True,2020-12-28,2024-12-31,4.008213552361396,20134383.533333335,682756945.6153333,True
DHR,True,2020-12-28,2024-12-31,4.008213552361396,2956238.8,678604616.54,True
SQ,True,2020-12-28,2024-12-31,4.008213552361396,7977279.55,677988988.9545,False
XLY,True,2020-12-28,2024-12-31,4.008213552361396,5949401.333333333,667374094.5666666,True
COP,True,2020-12-28,2024-12-31,4.008213552361396,6668624.383333334,661327480.0951667,True
DDOG,True,2020-12-28,2024-12-31,4.008213552361396,4536774.416666667,648259696.3975,True
GM,True,2020-12-28,2024-12-31,4.008213552361396,12066792.266666668,642798024.0453334,True
SHW,True,2020-12-28,2024-12-31,4.008213552361396,1864550.7333333334,633816730.7820001,True
UAL,True,2020-12-28,2024-12-31,4.008213552361396,6502481.15,631390919.665,True
ADI,True,2020-12-28,2024-12-31,4.008213552361396,2920760.7,620544818.322,True
CVS,True,2020-12-28,2024-12-31,4.008213552361396,13611552.633333333,611022597.7103333,True
PM,True,2020-12-28,2024-12-31,4.008213552361396,5067351.383333334,609855738.9841667,True
TJX,True,2020-12-28,2024-12-31,4.008213552361396,5011714.35,605465210.6235,True
ETN,True,2020-12-28,2024-12-31,4.008213552361396,1814850.3833333333,602294396.7168334,True
SPGI,True,2020-12-28,2024-12-31,4.008213552361396,1207127.5,601185708.8249999,True
GILD,True,2020-12-28,2024-12-31,4.008213552361396,6473746.483333333,597979962.6655,True
BMY,True,2020-12-28,2024-12-31,4.008213552361396,10541494.016666668,596226901.5826668,True
ABNB,True,2020-12-28,2024-12-31,4.008213552361396,4487658.383333334,589723188.1538334,True
SCHW,True,2020-12-28,2024-12-31,4.008213552361396,7912495.8,585603814.158,True
AFRM,True,2021-01-13,2024-12-31,3.9644079397672827,9613028.433333334,585433431.59,True
REGN,True,2020-12-28,2024-12-31,4.008213552361396,818940.3833333333,583355803.2598333,True
VRTX,True,2020-12-28,2024-12-31,4.008213552361396,1447098.5333333334,582746579.3733333,True
UNP,True,2020-12-28,2024-12-31,4.008213552361396,2543443.1,580006764.524,True
BX,True,2020-12-28,2024-12-31,4.008213552361396,3348488.5,577346387.17,True
CCL,True,2020-12-28,2024-12-31,4.008213552361396,23112696.316666666,575968392.2113334,True
ABT,True,2020-12-28,2024-12-31,4.008213552361396,5071834.933333334,573675249.3093333,True
LMT,True,2020-12-28,2024-12-31,4.008213552361396,1178730.3333333333,572792218.18,True
LOW,True,2020-12-28,2024-12-31,4.008213552361396,2317414.05,571937787.54,True
PGR,True,2020-12-28,2024-12-31,4.008213552361396,2381670.6666666665,570672108.4399999,True
CVNA,True,2020-12-28,2024-12-31,4.008213552361396,2794514.816666667,568292533.1173334,True
OXY,True,2020-12-28,2024-12-31,4.008213552361396,11434654.283333333,564986268.1394999,True
CI,True,2020-12-28,2024-12-31,4.008213552361396,2032798.0,561336839.72,True
MPWR,True,2020-12-28,2024-12-31,4.008213552361396,944803.3333333334,559040132.3333334,True
CDNS,True,2020-12-28,2024-12-31,4.008213552361396,1848198.3,555309661.2179999,True
F,True,2020-12-28,2024-12-31,4.008213552361396,55080191.36666667,545293894.53,True
CMG,True,2020-12-28,2024-12-31,4.008213552361396,8993011.166666666,542278573.3499999,True
SLV,True,2020-12-28,2024-12-31,4.008213552361396,20263910.233333334,533548756.44366664,True
HUM,True,2020-12-28,2024-12-31,4.008213552361396,2100195.7333333334,532840659.504,True
AXON,True,2021-01-26,2024-12-31,3.9288158795345653,891915.4666666667,530083200.14933336,True
RTX,True,2020-12-28,2024-12-31,4.008213552361396,4558076.883333334,527460656.9393334,True
TNA,True,2020-12-28,2024-12-31,4.008213552361396,12497957.4,523414455.91200006,True
TEAM,True,2020-12-28,2024-12-31,4.008213552361396,2148973.433333333,523017154.2046666,True
BSX,True,2020-12-28,2024-12-31,4.008213552361396,5786830.8,516879727.05599993,True
SPXL,True,2020-12-28,2024-12-31,4.008213552361396,3054356.5166666666,515269944.3616666,True
SNPS,True,2020-12-28,2024-12-31,4.008213552361396,1058435.3833333333,513722197.65466666,True
COF,True,2020-12-28,2024-12-31,4.008213552361396,2874685.7333333334,512613959.968,True
UPS,True,2020-12-28,2024-12-31,4.008213552361396,4027034.75,507809081.97499996,True
DE,True,2020-12-28,2024-12-31,4.008213552361396,1179022.4833333334,499551826.18833333,True
RIVN,True,2021-11-10,2024-12-31,3.14031485284052,37468666.81666667,498333268.66166675,True
RBLX,True,2021-03-10,2024-12-31,3.811088295687885,8584093.3,496675638.33800006,True
FSLR,True,2020-12-28,2024-12-31,4.008213552361396,2810797.966666667,495375033.6453334,True
IYR,True,2020-12-28,2024-12-31,4.008213552361396,5317716.916666667,494866736.26500005,True
ADP,True,2020-12-28,2024-12-31,4.008213552361396,1686225.9166666667,493608912.5858334,True
DASH,True,2020-12-28,2024-12-31,4.008213552361396,2921681.25,490112029.6875,True
EWZ,True,2020-12-28,2024-12-31,4.008213552361396,21759109.966666665,489797565.34966666,True
NXPI,True,2020-12-28,2024-12-31,4.008213552361396,2337789.466666667,485909540.6466667,True
DAL,True,2020-12-28,2024-12-31,4.008213552361396,7933849.683333334,479997905.8416667,True
AAL,True,2020-12-28,2024-12-31,4.008213552361396,27371698.833333332,477088710.66499996,True
MCK,True,2020-12-28,2024-12-31,4.008213552361396,837065.5166666667,477052008.6035,True
KKR,True,2020-12-28,2024-12-31,4.008213552361396,3165568.7666666666,468219276.2776666,True
MDT,True,2020-12-28,2024-12-31,4.008213552361396,5829421.933333334,465654224.03466666,True
MDLZ,True,2020-12-28,2024-12-31,4.008213552361396,7780029.633333334,464701169.999,True
AJG,True,2020-12-28,2024-12-31,4.008213552361396,1631156.8,463003857.68000007,True
EQIX,True,2020-12-28,2024-12-31,4.008213552361396,490970.3333333333,462931017.59666663,True
UPST,True,2020-12-28,2024-12-31,4.008213552361396,7462255.05,459451043.4285,True
ARKK,True,2020-12-28,2024-12-31,4.008213552361396,8090946.45,459323029.96650004,True
APH,True,2020-12-28,2024-12-31,4.008213552361396,6583329.483333333,457212232.6175,True
FDX,True,2020-12-28,2024-12-31,4.008213552361396,1619719.3333333333,455675640.0466666,True
SLB,True,2020-12-28,2024-12-31,4.008213552361396,11835278.5,453764577.69000006,True
MDB,True,2020-12-28,2024-12-31,4.008213552361396,1942882.4166666667,452322455.4241667,True
CME,True,2020-12-28,2024-12-31,4.008213552361396,1947341.1,452231023.653,True
AMT,True,2020-12-28,2024-12-31,4.008213552361396,2438432.9833333334,447232993.47316664,True
ICE,True,2020-12-28,2024-12-31,4.008213552361396,2999384.7333333334,446938319.11399996,True
ULTA,True,2020-12-28,2024-12-31,4.008213552361396,1023510.05,445155226.0465,True
JD,True,2020-12-28,2024-12-31,4.008213552361396,12795995.633333333,443637168.6076667,True
SYK,True,2020-12-28,2024-12-31,4.008213552361396,1224850.1,441007278.50500005,True
HCA,True,2020-12-28,2024-12-31,4.008213552361396,1458104.1,437649945.615,True
RCL,True,2020-12-28,2024-12-31,4.008213552361396,1869683.5166666666,431317290.4598333,True
FTNT,True,2020-12-28,2024-12-31,4.008213552361396,4544851.2,429397541.37600005,True
MMM,True,2020-12-28,2024-12-31,4.008213552361396,3314375.1166666667,427852683.8105,True
TT,True,2020-12-28,2024-12-31,4.008213552361396,1144386.95,422679319.9825,True
PLD,True,2020-12-28,2024-12-31,4.008213552361396,3988177.716666667,421550384.6516667,True
ADSK,True,2020-12-28,2024-12-31,4.008213552361396,1424303.9,420981503.723,True
MCHP,True,2020-12-28,2024-12-31,4.008213552361396,7321642.433333334,419896193.5516667,True
HIMS,True,2021-01-21,2024-12-31,3.9425051334702257,17274414.383333333,417695339.789,True
TTD,True,2020-12-28,2024-12-31,4.008213552361396,3545341.783333333,416684019.7951667,True
CB,True,2020-12-28,2024-12-31,4.008213552361396,1486669.1333333333,410766681.54,True
ROST,True,2020-12-28,2024-12-31,4.008213552361396,2691829.8833333333,407193106.45183337,True
FCX,True,2020-12-28,2024-12-31,4.008213552361396,10683221.75,406817084.24,True
APD,True,2020-12-28,2024-12-31,4.008213552361396,1398930.4166666667,405745778.0500001,True
ON,True,2020-12-28,2024-12-31,4.008213552361396,6426481.083333333,405189632.3041666,True
CL,True,2020-12-28,2024-12-31,4.008213552361396,4453824.866666666,404897218.62866664,True
NEM,True,2020-12-28,2024-12-31,4.008213552361396,10806479.266666668,402217158.3053334,True
MO,True,2020-12-28,2024-12-31,4.008213552361396,7621671.416666667,398537198.3775,True
CHTR,True,2020-12-28,2024-12-31,4.008213552361396,1158177.6166666667,396988541.6648333,True
ORLY,True,2020-12-28,2024-12-31,4.008213552361396,4993102.5,394721229.86324996,True
MMC,True,2020-12-28,2024-12-31,4.008213552361396,1844637.2833333334,391819405.35283333,True
DECK,True,2020-12-28,2024-12-31,4.008213552361396,1920342.85,390002429.40650004,True
ZTS,True,2020-12-28,2024-12-31,4.008213552361396,2391022.816666667,389569347.5195001,True
DHI,True,2020-12-28,2024-12-31,4.008213552361396,2786068.1333333333,389548046.4026666,True
CNC,True,2020-12-28,2024-12-31,4.008213552361396,6393325.016666667,387307629.5096667,True
WSM,True,2020-12-28,2024-12-31,4.008213552361396,2067780.25,382911546.695,True
CSX,True,2020-12-28,2024-12-31,4.008213552361396,11831229.083333334,381793762.5191667,True
EW,True,2020-12-28,2024-12-31,4.008213552361396,5114937.833333333,378658847.8016667,True
PH,True,2020-12-28,2024-12-31,4.008213552361396,590542.45,375602714.47349995,True
TZA,True,2020-12-28,2024-12-31,4.008213552361396,28801182.766666666,373551340.48366666,True
USB,True,2020-12-28,2024-12-31,4.008213552361396,7791111.616666666,372648868.62516665,True
KMI,True,2020-12-28,2024-12-31,4.008213552361396,13562051.016666668,371600197.8566667,True
MSI,True,2020-12-28,2024-12-31,4.008213552361396,803540.8666666667,371420694.79933333,True
URI,True,2020-12-28,2024-12-31,4.008213552361396,525769.0833333334,370372773.0633334,True
SE,True,2020-12-28,2024-12-31,4.008213552361396,3478774.2666666666,369097949.6933333,True
AON,True,2020-12-28,2024-12-31,4.008213552361396,1027188.5166666667,368925027.646,True
FANG,True,2020-12-28,2024-12-31,4.008213552361396,2250902.2333333334,368765312.887,True
DOCU,True,2020-12-28,2024-12-31,4.008213552361396,4096125.683333333,368405543.959,True
KDP,True,2020-12-28,2024-12-31,4.008213552361396,11312918.716666667,363370949.1793333,True
XLB,True,2020-12-28,2024-12-31,4.008213552361396,8634587.033333333,363257076.49233335,True
DUK,True,2020-12-28,2024-12-31,4.008213552361396,3359996.5833333335,362006031.8883333,True
GD,True,2020-12-28,2024-12-31,4.008213552361396,1368377.6666666667,360553831.39000005,True
PNC,True,2020-12-28,2024-12-31,4.008213552361396,1856390.1166666667,358004833.99916667,True
HSY,True,2020-12-28,2024-12-31,4.008213552361396,2107267.4166666665,356865737.0125,True
EMR,True,2020-12-28,2024-12-31,4.008213552361396,2856312.2666666666,353982779.208,True
WMB,True,2020-12-28,2024-12-31,4.008213552361396,6529415.016666667,353371940.70199996,True
MPC,True,2020-12-28,2024-12-31,4.008213552361396,2531782.783333333,353183698.275,True
EOG,True,2020-12-28,2024-12-31,4.008213552361396,2870482.2,351863708.07600003,True
EL,True,2020-12-28,2024-12-31,4.008213552361396,4671668.35,350281692.883,True
TFC,True,2020-12-28,2024-12-31,4.008213552361396,8059253.5,349610416.83000004,True
LNG,True,2020-12-28,2024-12-31,4.008213552361396,1626049.1166666667,349389173.69816667,True
MAR,True,2020-12-28,2024-12-31,4.008213552361396,1243626.1666666667,346897082.93,True
DLR,True,2020-12-28,2024-12-31,4.008213552361396,1954679.5166666666,346623318.6905,True
NOC,True,2020-12-28,2024-12-31,4.008213552361396,723312.3166666667,339443237.0885,True
GME,True,2020-12-28,2024-12-31,4.008213552361396,10797524.533333333,338394418.8746667,True
WELL,True,2020-12-28,2024-12-31,4.008213552361396,2667730.35,336214056.0105,True
HLT,True,2020-12-28,2024-12-31,4.008213552361396,1352050.7833333334,334172871.6086667,True
SO,True,2020-12-28,2024-12-31,4.008213552361396,4042289.683333333,332761286.73199993,True
CLSK,True,2020-12-28,2024-12-31,4.008213552361396,36045103.9,331975406.919,True
ZS,True,2020-12-28,2024-12-31,4.008213552361396,1822392.7833333334,328777882.04116666,True
ENPH,True,2020-12-28,2024-12-31,4.008213552361396,4756399.783333333,326669537.1193334,True
XOP,True,2020-12-28,2024-12-31,4.008213552361396,2455937.183333333,325092404.9578333,True
EQT,True,2020-12-28,2024-12-31,4.008213552361396,7037380.683333334,324493623.3085,True
HUBS,True,2020-12-28,2024-12-31,4.008213552361396,465507.1666666667,324351428.5183333,True
RIOT,True,2020-12-28,2024-12-31,4.008213552361396,31733382.833333332,323997838.72833335,True
MRNA,True,2020-12-28,2024-12-31,4.008213552361396,7705286.05,320385793.959,True
VLO,True,2020-12-28,2024-12-31,4.008213552361396,2601048.033333333,318862478.4063333,True
WDC,True,2020-12-28,2024-12-31,4.008213552361396,5296743.666666667,315844824.84333336,True
DG,True,2020-12-28,2024-12-31,4.008213552361396,4164406.3333333335,315745288.1933333,True
DVN,True,2020-12-28,2024-12-31,4.008213552361396,9543912.2,312372246.30599993,True
DKNG,True,2020-12-28,2024-12-31,4.008213552361396,8386648.233333333,311983314.28000003,True
STZ,True,2020-12-28,2024-12-31,4.008213552361396,1409464.5166666666,311491658.18333334,True
DXCM,True,2020-12-28,2024-12-31,4.008213552361396,4003279.35,311335035.0495,True
TRGP,True,2020-12-28,2024-12-31,4.008213552361396,1741530.2666666666,310863152.59999996,True
SPXS,True,2020-12-28,2024-12-31,4.008213552361396,4946844.485,310661833.658,True
MCO,True,2020-12-28,2024-12-31,4.008213552361396,655566.2833333333,310325411.5415,True
SNAP,True,2020-12-28,2024-12-31,4.008213552361396,28743724.333333332,309569911.07,True
IQV,True,2020-12-28,2024-12-31,4.008213552361396,1563850.5333333334,307312268.3053333,True
DLTR,True,2020-12-28,2024-12-31,4.008213552361396,4091013.4,306580544.196,True
LEN,True,2020-12-28,2024-12-31,4.008213552361396,2322210.0143833333,306563303.9547956,True
WM,True,2020-12-28,2024-12-31,4.008213552361396,1517425.0333333334,306201197.4763333,True
TRV,True,2020-12-28,2024-12-31,4.008213552361396,1258104.5333333334,303064801.03466666,True
VNQ,True,2020-12-28,2024-12-31,4.008213552361396,3371809.283333333,300360770.9593333,True
CARR,True,2020-12-28,2024-12-31,4.008213552361396,4395340.25,300025925.46500003,True
NET,True,2020-12-28,2024-12-31,4.008213552361396,2785657.683333333,299959619.3413333,True
TER,True,2020-12-28,2024-12-31,4.008213552361396,2366690.0833333335,298013615.29333335,True
OKE,True,2020-12-28,2024-12-31,4.008213552361396,2954633.216666667,296645174.9533334,True
TPR,True,2020-12-28,2024-12-31,4.008213552361396,4534955.783333333,296268661.32516664,True
LYV,True,2020-12-28,2024-12-31,4.008213552361396,2285272.65,295942808.175,True
BIDU,True,2020-12-28,2024-12-31,4.008213552361396,3497348.216666667,294861428.14716667,True
ET,True,2020-12-28,2024-12-31,4.008213552361396,15001700.283333333,293883308.5505,True
PSX,True,2020-12-28,2024-12-31,4.008213552361396,2575485.033333333,293425009.8476667,True
BK,True,2020-12-28,2024-12-31,4.008213552361396,3804393.8833333333,292291582.0565,True
AIG,True,2020-12-28,2024-12-31,4.008213552361396,3981351.466666667,289842386.7733333,True
TWLO,True,2020-12-28,2024-12-31,4.008213552361396,2678934.2,289539208.336,True
ALL,True,2020-12-28,2024-12-31,4.008213552361396,1495018.7333333334,288224661.59933335,True
KR,True,2020-12-28,2024-12-31,4.008213552361396,4713105.233333333,288206385.0183333,True
ACWI,True,2020-12-28,2024-12-31,4.008213552361396,2439290.05,286616580.875,True
PCG,True,2020-12-28,2024-12-31,4.008213552361396,14156532.966666667,285678835.2673333,True
PINS,True,2020-12-28,2024-12-31,4.008213552361396,9839719.883333333,285351876.6166667,True
KHC,True,2020-12-28,2024-12-31,4.008213552361396,9289994.35,285295726.4885,True
SRE,True,2020-12-28,2024-12-31,4.008213552361396,3242957.3666666667,284472220.204,True
BP,True,2020-12-28,2024-12-31,4.008213552361396,9490587.183333334,280541757.1393333,True
DOW,True,2020-12-28,2024-12-31,4.008213552361396,6987277.733333333,280399455.4386667,True
KMB,True,2020-12-28,2024-12-31,4.008213552361396,2138706.95,280256158.728,True
PWR,True,2020-12-28,2024-12-31,4.008213552361396,882183.45,278814079.3725,True
HPE,True,2020-12-28,2024-12-31,4.008213552361396,13055224.6,278729045.21000004,True
ROKU,True,2020-12-28,2024-12-31,4.008213552361396,3745531.3333333335,278442799.32000005,True
NSC,True,2020-12-28,2024-12-31,4.008213552361396,1185719.2666666666,278288311.88666666,True
DFS,True,2020-12-28,2024-12-31,4.008213552361396,1591063.2666666666,275619889.68466663,False
ILMN,True,2020-12-28,2024-12-31,4.008213552361396,2061965.7833333334,275540487.6268333,True
EXPE,True,2020-12-28,2024-12-31,4.008213552361396,1476083.0833333333,275038560.9175,True
MSCI,True,2020-12-28,2024-12-31,4.008213552361396,457687.2,274616896.872,True
EA,True,2020-12-28,2024-12-31,4.008213552361396,1875374.7666666666,274367328.36333334,True
NCLH,True,2020-12-28,2024-12-31,4.008213552361396,10548669.6,271417268.80799997,True
ZM,True,2020-12-28,2024-12-31,4.008213552361396,3323625.6166666667,271241086.5761667,True
JCI,True,2020-12-28,2024-12-31,4.008213552361396,3414321.2,269492372.31600004,True
TSCO,True,2020-12-28,2024-12-31,4.008213552361396,5078482.466666667,269464279.68133336,True
IDXX,True,2020-12-28,2024-12-31,4.008213552361396,650537.1666666666,268958086.18666667,True
EBAY,True,2020-12-28,2024-12-31,4.008213552361396,4317362.183333334,267460587.25750002,True
ROP,True,2020-12-28,2024-12-31,4.008213552361396,513761.85,267079097.7225,True
CCI,True,2020-12-28,2024-12-31,4.008213552361396,2912555.1666666665,264343506.92666668,True
O,True,2020-12-28,2024-12-31,4.008213552361396,4920017.633333334,262778141.79633334,True
RH,True,2020-12-28,2024-12-31,4.008213552361396,663071.5666666667,260978337.9243333,True
ETR,True,2020-12-28,2024-12-31,4.008213552361396,3441185.45,260910680.81899998,True
BBY,True,2020-12-28,2024-12-31,4.008213552361396,3040503.683333333,260875216.02999997,True
TTWO,True,2020-12-28,2024-12-31,4.008213552361396,1414814.9833333334,260439142.13200003,True
VALE,True,2020-12-28,2024-12-31,4.008213552361396,29220666.833333332,259187314.81166664,True
FIS,True,2020-12-28,2024-12-31,4.008213552361396,3201423.6,258578984.172,True
ANF,True,2020-12-28,2024-12-31,4.008213552361396,1717005.9666666666,256640881.83766666,True
LVS,True,2020-12-28,2024-12-31,4.008213552361396,4982100.833333333,255880698.79999998,True
AEP,True,2020-12-28,2024-12-31,4.008213552361396,2758788.1,254443026.46300003,True
EFX,True,2020-12-28,2024-12-31,4.008213552361396,997051.6666666666,254098617.24999997,True
XEL,True,2020-12-28,2024-12-31,4.008213552361396,3743663.0166666666,252772126.8853333,True
ODFL,True,2020-12-28,2024-12-31,4.008213552361396,1429901.3166666667,252234592.26000002,True
CBRE,True,2020-12-28,2024-12-31,4.008213552361396,1910943.7833333334,250887809.31383333,True
BKR,True,2020-12-28,2024-12-31,4.008213552361396,6107308.333333333,250521787.83333334,True
NUE,True,2020-12-28,2024-12-31,4.008213552361396,2145142.45,250359575.3395,True
GIS,True,2020-12-28,2024-12-31,4.008213552361396,3890509.9166666665,248097817.38583332,True
CAH,True,2020-12-28,2024-12-31,4.008213552361396,2096361.05,247936621.3835,True
HWM,True,2020-12-28,2024-12-31,4.008213552361396,2266069.183333333,247839986.58116665,True
HAL,True,2020-12-28,2024-12-31,4.008213552361396,9097249.183333334,247354205.29483336,True
PCAR,True,2020-12-28,2024-12-31,4.008213552361396,2377186.033333333,247274891.18733332,True
DPZ,True,2020-12-28,2024-12-31,4.008213552361396,587821.15,246743805.924,True
DKS,True,2020-12-28,2024-12-31,4.008213552361396,1075787.4333333333,246183196.24400002,True
ROK,True,2020-12-28,2024-12-31,4.008213552361396,860407.1166666667,245895749.8721667,True
PAYX,True,2020-12-28,2024-12-31,4.008213552361396,1729517.1333333333,242512892.436,True
AMP,True,2020-12-28,2024-12-31,4.008213552361396,454245.26666666666,241853807.3313333,True
D,True,2020-12-28,2024-12-31,4.008213552361396,4487257.066666666,241683665.61066666,True
ECL,True,2020-12-28,2024-12-31,4.008213552361396,1031098.4333333333,241606984.89866665,True
BURL,True,2020-12-28,2024-12-31,4.008213552361396,846998.95,241445520.68699998,True
CELH,True,2020-12-28,2024-12-31,4.008213552361396,9115010.683333334,240089381.39900002,True
NIO,True,2020-12-28,2024-12-31,4.008213552361396,55061881.75,240069804.43,True
APTV,True,2020-12-28,2024-12-31,4.008213552361396,3964168.3333333335,239752900.79999998,True
CTSH,True,2020-12-28,2024-12-31,4.008213552361396,3108368.3833333333,239033528.67833334,True
OKTA,True,2020-12-28,2024-12-31,4.008213552361396,3015373.316666667,237611417.35333335,True
EXC,True,2020-12-28,2024-12-31,4.008213552361396,6297165.566666666,237025311.92933333,True
USO,True,2020-12-28,2024-12-31,4.008213552361396,3132184.683333333,236636552.82583332,True
IP,True,2020-12-28,2024-12-31,4.008213552361396,4396571.166666667,236623460.19000003,True
DRI,True,2020-12-28,2024-12-31,4.008213552361396,1265629.6166666667,236280393.1355,True
SYF,True,2020-12-28,2024-12-31,4.008213552361396,3622224.783333333,235444610.91666666,True
SPG,True,2020-12-28,2024-12-31,4.008213552361396,1354140.35,233196509.67350003,True
LCID,True,2021-07-26,2024-12-31,3.433264887063655,7702720.3,232622153.06,True
U,True,2020-12-28,2024-12-31,4.008213552361396,10320917.95,231911026.33649996,True
HBAN,True,2020-12-28,2024-12-31,4.008213552361396,14230828.766666668,231535584.03366667,True
BIIB,True,2020-12-28,2024-12-31,4.008213552361396,1510028.8166666667,230913606.64466664,True
A,True,2020-12-28,2024-12-31,4.008213552361396,1717996.3166666667,230795625.181,True
HPQ,True,2020-12-28,2024-12-31,4.008213552361396,7070904.983333333,230723629.6061667,True
LUV,True,2020-12-28,2024-12-31,4.008213552361396,6830949.533333333,229656523.31066665,True
VEEV,True,2020-12-28,2024-12-31,4.008213552361396,1089226.8333333333,229009941.7083333,True
ARES,True,2020-12-28,2024-12-31,4.008213552361396,1290091.2333333334,228384851.037,True
GPN,True,2020-12-28,2024-12-31,4.008213552361396,2037044.3666666667,228271191.72866666,True
SYY,True,2020-12-28,2024-12-31,4.008213552361396,2968039.316666667,226936286.15233332,True
CDW,True,2020-12-28,2024-12-31,4.008213552361396,1298695.3166666667,226024932.91266665,True
YUM,True,2020-12-28,2024-12-31,4.008213552361396,1653966.2166666666,221896107.628,True
MLM,True,2020-12-28,2024-12-31,4.008213552361396,428023.3333333333,221074051.66666666,True
WBA,True,2020-12-28,2024-12-31,4.008213552361396,23683554.15,220967560.21949998,False
VMC,True,2020-12-28,2024-12-31,4.008213552361396,849055.75,218402610.57250002,True
MOH,True,2020-12-28,2024-12-31,4.008213552361396,747984.5166666667,217700893.57583335,True
TEL,True,2020-12-28,2024-12-31,4.008213552361396,1520263.0333333334,217352005.87566668,True
PSA,True,2020-12-28,2024-12-31,4.008213552361396,720445.75,215730275.38,True
CCJ,True,2020-12-28,2024-12-31,4.008213552361396,4195723.95,215618253.79050002,True
CMI,True,2020-12-28,2024-12-31,4.008213552361396,616720.45,214988748.87,True
MTB,True,2020-12-28,2024-12-31,4.008213552361396,1135975.1,213574678.551,True
WST,True,2020-12-28,2024-12-31,4.008213552361396,648291.3333333334,212354309.14666668,True
STX,True,2020-12-28,2024-12-31,4.008213552361396,2459370.966666667,212268308.13300002,True
ITW,True,2020-12-28,2024-12-31,4.008213552361396,836251.2,212039854.27199998,True
AFL,True,2020-12-28,2024-12-31,4.008213552361396,2045572.5833333333,211594028.01999998,True
GLW,True,2020-12-28,2024-12-31,4.008213552361396,4446526.133333334,211298921.85600004,True
STT,True,2020-12-28,2024-12-31,4.008213552361396,2152442.15,211262197.0225,True
WYNN,True,2020-12-28,2024-12-31,4.008213552361396,2441141.2666666666,210328731.53599998,True
AME,True,2020-12-28,2024-12-31,4.008213552361396,1160834.0,209251936.84,True
HES,True,2020-12-28,2024-12-31,4.008213552361396,1553759.9333333333,206665608.73266664,False
SWKS,True,2020-12-28,2024-12-31,4.008213552361396,2329618.05,206590528.674,True
CSGP,True,2020-12-28,2024-12-31,4.008213552361396,2877995.3,206035683.527,True
PPG,True,2020-12-28,2024-12-31,4.008213552361396,1722916.5333333334,205802379.9066667,True
RMD,True,2020-12-28,2024-12-31,4.008213552361396,896210.0666666667,204954280.146,True
PEG,True,2020-12-28,2024-12-31,4.008213552361396,2422030.25,204637335.8225,True
LPLA,True,2020-12-28,2024-12-31,4.008213552361396,626214.2333333333,204465209.32566664,True
FAST,True,2020-12-28,2024-12-31,4.008213552361396,5684268.266666667,204377865.528,True
W,True,2020-12-28,2024-12-31,4.008213552361396,4609378.383333334,204287649.94933334,True
XPO,True,2020-12-28,2024-12-31,4.008213552361396,1541178.9666666666,202125621.47833332,True
NTAP,True,2020-12-28,2024-12-31,4.008213552361396,1731123.6833333333,200948837.16133332,True
XLRE,True,2020-12-28,2024-12-31,4.008213552361396,4926280.616666666,200351832.67983332,True
NDAQ,True,2020-12-28,2024-12-31,4.008213552361396,2588210.6,200094561.486,True
ETSY,True,2020-12-28,2024-12-31,4.008213552361396,3726674.316666667,197103804.6085,True
FTV,True,2020-12-28,2024-12-31,4.008213552361396,3464128.612216667,195787352.9695677,True
PHM,True,2020-12-28,2024-12-31,4.008213552361396,1793093.2666666666,195267856.74,True
LYB,True,2020-12-28,2024-12-31,4.008213552361396,2622423.05,194767359.92349997,True
KEYS,True,2020-12-28,2024-12-31,4.008213552361396,1210199.1,194394281.433,True
WAB,True,2020-12-28,2024-12-31,4.008213552361396,1025260.8666666667,194379207.71133333,True
ED,True,2020-12-28,2024-12-31,4.008213552361396,2176683.216666667,194225443.4231667,True
RJF,True,2020-12-28,2024-12-31,4.008213552361396,1240409.8666666667,192672864.58933336,True
RSG,True,2020-12-28,2024-12-31,4.008213552361396,955146.6,192156392.988,True
NTRA,True,2020-12-28,2024-12-31,4.008213552361396,1211534.7333333334,191785948.2866667,True
CHWY,True,2020-12-28,2024-12-31,4.008213552361396,5696551.033333333,190777494.10633335,True
LYFT,True,2020-12-28,2024-12-31,4.008213552361396,14728163.35,189993307.215,True
PBR,True,2020-12-28,2024-12-31,4.008213552361396,14659827.016666668,188525375.43433332,True
BE,True,2020-12-28,2024-12-31,4.008213552361396,8479866.466666667,188337834.22466668,True
ALB,True,2020-12-28,2024-12-31,4.008213552361396,2185734.816666667,188148053.01866668,True
CFG,True,2020-12-28,2024-12-31,4.008213552361396,4286684.366666666,187585307.8853333,True
CBOE,True,2020-12-28,2024-12-31,4.008213552361396,959339.45,187454928.53,True
CTVA,True,2020-12-28,2024-12-31,4.008213552361396,3290096.25,187403882.4,True
GRMN,True,2020-12-28,2024-12-31,4.008213552361396,903722.1833333333,186401737.53433332,True
BILL,True,2020-12-28,2024-12-31,4.008213552361396,2199447.283333333,186315179.37116665,True
IBKR,True,2020-12-28,2024-12-31,4.008213552361396,4215318.6,186180084.26549998,True
BLDR,True,2020-12-28,2024-12-31,4.008213552361396,1296652.9666666666,185330608.52566665,True
SBAC,True,2020-12-28,2024-12-31,4.008213552361396,908762.35,185205766.93,True
LDOS,True,2020-12-28,2024-12-31,4.008213552361396,1281692.1333333333,184640568.728,True
TEVA,True,2020-12-28,2024-12-31,4.008213552361396,8359526.866666666,184243972.1413333,True
ACGL,True,2020-12-28,2024-12-31,4.008213552361396,1992966.3166666667,184050439.34416667,True
ALNY,True,2020-12-28,2024-12-31,4.008213552361396,777984.4166666666,183067513.0858333,True
FIVE,True,2020-12-28,2024-12-31,4.008213552361396,1743205.8166666667,182966882.51733333,True
RF,True,2020-12-28,2024-12-31,4.008213552361396,7773998.45,182844443.544,True
FITB,True,2020-12-28,2024-12-31,4.008213552361396,4317390.416666667,182539266.8166667,True
IR,True,2020-12-28,2024-12-31,4.008213552361396,1996728.7666666666,180624084.23266664,True
WAT,True,2020-12-28,2024-12-31,4.008213552361396,485823.9166666667,180230956.60500002,True
FOUR,True,2020-12-28,2024-12-31,4.008213552361396,1731842.7833333334,179730644.05433336,True
VRSK,True,2020-12-28,2024-12-31,4.008213552361396,649805.9,178976039.037,True
QRVO,True,2020-12-28,2024-12-31,4.008213552361396,2532664.1333333333,177109202.844,True
IBB,True,2020-12-28,2024-12-31,4.008213552361396,1323706.0333333334,175007174.66700003,True
WEC,True,2020-12-28,2024-12-31,4.008213552361396,1860610.3166666667,174971794.17933333,True
IT,True,2020-12-28,2024-12-31,4.008213552361396,361064.8333333333,174925079.805,True
THC,True,2020-12-28,2024-12-31,4.008213552361396,1384313.3166666667,174741869.96283334,True
OTIS,True,2020-12-28,2024-12-31,4.008213552361396,1866840.0166666666,172888053.94349998,True
CPNG,True,2021-03-11,2024-12-31,3.808350444900753,7837767.283333333,172274124.88766667,True
HIG,True,2020-12-28,2024-12-31,4.008213552361396,1574046.15,172200648.81,True
X,True,2020-12-28,2024-12-31,4.008213552361396,5026798.333333333,170860875.35,False
AGNC,True,2020-12-28,2024-12-31,4.008213552361396,18528544.716666665,170647896.8405,True
AKAM,True,2020-12-28,2024-12-31,4.008213552361396,1783050.0833333333,170548740.47083333,True
AA,True,2020-12-28,2024-12-31,4.008213552361396,4506183.633333334,170243617.66733336,True
LW,True,2020-12-28,2024-12-31,4.008213552361396,2541630.75,169857183.0225,True
OMC,True,2020-12-28,2024-12-31,4.008213552361396,1972913.1666666667,169749448.86,True
EIX,True,2020-12-28,2024-12-31,4.008213552361396,2114600.6166666667,168829713.23466668,True
AES,True,2020-12-28,2024-12-31,4.008213552361396,13115052.8,168790729.536,True
ALGN,True,2020-12-28,2024-12-31,4.008213552361396,805149.4833333333,167881718.76983333,True
SAIA,True,2020-12-28,2024-12-31,4.008213552361396,367031.6666666667,167267341.45000002,True
FOXA,True,2020-12-28,2024-12-31,4.008213552361396,3419330.316666667,166111066.78366667,True
GPC,True,2020-12-28,2024-12-31,4.008213552361396,1407110.8166666667,164294258.954,True
HUBB,True,2020-12-28,2024-12-31,4.008213552361396,391256.35,163893372.4515,True
CROX,True,2020-12-28,2024-12-31,4.008213552361396,1493275.2166666666,163558434.4815,True
AEM,True,2020-12-28,2024-12-31,4.008213552361396,2088888.3333333333,163371956.54999998,True
IRM,True,2020-12-28,2024-12-31,4.008213552361396,1550334.35,162955643.52850002,True
CE,True,2020-12-28,2024-12-31,4.008213552361396,2346916.1166666667,162430064.43449998,True
TOL,True,2020-12-28,2024-12-31,4.008213552361396,1288330.9,162265276.855,True
EAT,True,2020-12-28,2024-12-31,4.008213552361396,1223554.8166666667,161864066.6968333,True
DTE,True,2020-12-28,2024-12-31,4.008213552361396,1336573.8166666667,161391288.3625,True
ALK,True,2020-12-28,2024-12-31,4.008213552361396,2492374.433333333,161381244.5583333,True
KEY,True,2020-12-28,2024-12-31,4.008213552361396,9361017.416666666,160447838.52166668,True
CNP,True,2020-12-28,2024-12-31,4.008213552361396,4984873.8,158170045.674,True
ANSS,True,2020-12-28,2024-12-31,4.008213552361396,468806.85,158142614.71049997,False
IPG,True,2020-12-28,2024-12-31,4.008213552361396,5618703.533333333,157436073.004,False
XYL,True,2020-12-28,2024-12-31,4.008213552361396,1354991.8166666667,157206150.56966665,True
GTLS,True,2020-12-28,2024-12-31,4.008213552361396,820421.8,156569296.312,True
LI,True,2020-12-28,2024-12-31,4.008213552361396,6522334.283333333,156470799.45716664,True
STLD,True,2020-12-28,2024-12-31,4.008213552361396,1370025.15,156278768.86049998,True
XPEV,True,2020-12-28,2024-12-31,4.008213552361396,13082940.6,154640357.892,True
NTNX,True,2020-12-28,2024-12-31,4.008213552361396,2516773.1,153976178.25800002,True
WING,True,2020-12-28,2024-12-31,4.008213552361396,541770.25,153971105.04999998,True
VTR,True,2020-12-28,2024-12-31,4.008213552361396,2606389.933333333,153490303.174,True
K,True,2020-12-28,2024-12-31,4.008213552361396,1890370.1666666667,153063272.395,False
CHD,True,2020-12-28,2024-12-31,4.008213552361396,1459017.2833333334,152773699.73783332,True
TROW,True,2020-12-28,2024-12-31,4.008213552361396,1344338.2333333334,152031210.8076667,True
KMX,True,2020-12-28,2024-12-31,4.008213552361396,1856529.4666666666,151789849.19466665,True
TYL,True,2020-12-28,2024-12-31,4.008213552361396,261222.95,150631601.888,True
ADM,True,2020-12-28,2024-12-31,4.008213552361396,2976972.05,150396627.966,True
EPAM,True,2020-12-28,2024-12-31,4.008213552361396,641591.5833333334,150016944.01500002,True
RL,True,2020-12-28,2024-12-31,4.008213552361396,646028.2166666667,149219597.48566666,True
BG,True,2020-12-28,2024-12-31,4.008213552361396,1902479.0166666666,147936768.336,True
JBHT,True,2020-12-28,2024-12-31,4.008213552361396,866586.0666666667,147891578.13733333,True
CTRA,True,2020-12-28,2024-12-31,4.008213552361396,5790521.816666666,147889927.19766665,True
MTCH,True,2020-12-28,2024-12-31,4.008213552361396,4507365.866666666,147435937.49866664,True
PKG,True,2020-12-28,2024-12-31,4.008213552361396,654284.1666666666,147298994.44166666,True
APA,True,2020-12-28,2024-12-31,4.008213552361396,6352478.833333333,146678736.26166666,True
DD,True,2020-12-28,2024-12-31,4.008213552361396,4539000.804833335,144811373.87724176,True
LITE,True,2020-12-28,2024-12-31,4.008213552361396,1721559.9333333333,144524956.40333334,True
FFIV,True,2020-12-28,2024-12-31,4.008213552361396,569648.9833333333,143249629.83883333,True
CF,True,2020-12-28,2024-12-31,4.008213552361396,1676360.9,143027111.98799998,True
PODD,True,2020-12-28,2024-12-31,4.008213552361396,545600.75,142439987.8025,True
CMS,True,2020-12-28,2024-12-31,4.008213552361396,2119757.1666666665,141281815.15833333,True
AWK,True,2020-12-28,2024-12-31,4.008213552361396,1134186.4166666667,141194867.01083332,True
EXR,True,2020-12-28,2024-12-31,4.008213552361396,942678.4333333333,141024693.62666667,True
JNPR,True,2020-12-28,2024-12-31,4.008213552361396,3703178.45,138684032.95250002,False
VFC,True,2020-12-28,2024-12-31,4.008213552361396,6460547.216666667,138643343.26966667,True
TRU,True,2020-12-28,2024-12-31,4.008213552361396,1493272.5166666666,138441295.02016667,True
ZBRA,True,2020-12-28,2024-12-31,4.008213552361396,357958.45,138250712.55900002,True
ESTC,True,2020-12-28,2024-12-31,4.008213552361396,1395318.8333333333,138248190.00666666,True
VICI,True,2020-12-28,2024-12-31,4.008213552361396,4728677.416666667,138124667.34083334,True
SKX,True,2020-12-28,2024-12-31,4.008213552361396,2052424.0,138004989.76,False
SU,True,2020-12-28,2024-12-31,4.008213552361396,3848586.9833333334,137317583.56533334,True
AAOI,True,2020-12-28,2024-12-31,4.008213552361396,3724103.1166666667,137270440.88033333,True
PTC,True,2020-12-28,2024-12-31,4.008213552361396,745707.7666666667,137113287.057,True
AVB,True,2020-12-28,2024-12-31,4.008213552361396,623218.3833333333,137089347.78183332,True
INCY,True,2020-12-28,2024-12-31,4.008213552361396,1983042.4833333334,136968744.32383332,True
HOLX,True,2020-12-28,2024-12-31,4.008213552361396,1891524.8833333333,136360028.8395,True
SWK,True,2020-12-28,2024-12-31,4.008213552361396,1684575.6166666667,135254576.26216668,True
LH,True,2020-12-28,2024-12-31,4.008213552361396,588799.25,135023444.01,True
MGM,True,2020-12-28,2024-12-31,4.008213552361396,3877863.25,134367961.61249998,True
CAG,True,2020-12-28,2024-12-31,4.008213552361396,4823782.866666666,133859974.54999998,True
BRO,True,2020-12-28,2024-12-31,4.008213552361396,1304404.6833333333,133075365.79366666,True
VRSN,True,2020-12-28,2024-12-31,4.008213552361396,642136.1,132896487.256,True
EXAS,True,2020-12-28,2024-12-31,4.008213552361396,2364496.25,132861044.2875,True
UHS,True,2020-12-28,2024-12-31,4.008213552361396,732504.65,131425984.30299999,True
CLF,True,2020-12-28,2024-12-31,4.008213552361396,13950624.483333332,131135870.14333333,True
PNR,True,2020-12-28,2024-12-31,4.008213552361396,1302896.9166666667,131123545.69333334,True
NBIX,True,2020-12-28,2024-12-31,4.008213552361396,947607.0,129348355.5,True
WCC,True,2020-12-28,2024-12-31,4.008213552361396,714227.9666666667,129246692.848,True
AR,True,2020-12-28,2024-12-31,4.008213552361396,3681410.0166666666,129033421.08416666,True
NTRS,True,2020-12-28,2024-12-31,4.008213552361396,1256939.6666666667,128836315.83333334,True
CZR,True,2020-12-28,2024-12-31,4.008213552361396,3842583.683333333,128419146.697,True
STM,True,2020-12-28,2024-12-31,4.008213552361396,5141887.533333333,128392931.70733333,True
MKC,True,2020-12-28,2024-12-31,4.008213552361396,1670814.4333333333,127382892.39733332,True
KSS,True,2020-12-28,2024-12-31,4.008213552361396,9058050.0,127175021.99999999,True
CNQ,True,2020-12-28,2024-12-31,4.008213552361396,4114246.05,127006775.5635,True
GNRC,True,2020-12-28,2024-12-31,4.008213552361396,818104.8,126847149.24000001,True
ARE,True,2020-12-28,2024-12-31,4.008213552361396,1299011.4833333334,126718570.19916667,True
NI,True,2020-12-28,2024-12-31,4.008213552361396,3444785.0166666666,126630297.21266666,True
TSN,True,2020-12-28,2024-12-31,4.008213552361396,2198426.783333333,126277634.43466665,True
EPD,True,2020-12-28,2024-12-31,4.008213552361396,4010023.0,125754321.28,True
AEE,True,2020-12-28,2024-12-31,4.008213552361396,1410510.1833333333,125732877.74233334,True
DGX,True,2020-12-28,2024-12-31,4.008213552361396,829733.7666666667,125173636.03933336,True
ONTO,True,2020-12-28,2024-12-31,4.008213552361396,749672.9,124947982.243,True
OLLI,True,2020-12-28,2024-12-31,4.008213552361396,1137376.0833333333,124804277.62416667,True
CRL,True,2020-12-28,2024-12-31,4.008213552361396,674921.9,124590582.74,True
AVTR,True,2020-12-28,2024-12-31,4.008213552361396,5912957.833333333,124586021.54833333,True
LSCC,True,2020-12-28,2024-12-31,4.008213552361396,2190137.8666666667,124071310.14666666,True
TXRH,True,2020-12-28,2024-12-31,4.008213552361396,686904.6833333333,123938212.01383334,True
FDS,True,2020-12-28,2024-12-31,4.008213552361396,256744.46666666667,123309232.45066667,True
STE,True,2020-12-28,2024-12-31,4.008213552361396,598392.7666666667,123005617.11600001,True
CG,True,2020-12-28,2024-12-31,4.008213552361396,2435945.966666667,122990911.85700001,True
PLUG,True,2020-12-28,2024-12-31,4.008213552361396,57197415.63333333,121830495.299,True
EXPD,True,2020-12-28,2024-12-31,4.008213552361396,1099738.1333333333,121817993.02933332,True
COO,True,2020-12-28,2024-12-31,4.008213552361396,1323067.3333333333,121629579.95333333,True
HST,True,2020-12-28,2024-12-31,4.008213552361396,6941202.25,121609863.42,True
SJM,True,2020-12-28,2024-12-31,4.008213552361396,1099297.3333333333,121054622.34666666,True
CHRW,True,2020-12-28,2024-12-31,4.008213552361396,1171044.1,120992276.412,True
BAX,True,2020-12-28,2024-12-31,4.008213552361396,4144619.7666666666,120857112.396,True
ES,True,2020-12-28,2024-12-31,4.008213552361396,2093478.35,120228461.64050001,True
IFF,True,2020-12-28,2024-12-31,4.008213552361396,1421241.4666666666,120165966.00666666,True
AAP,True,2020-12-28,2024-12-31,4.008213552361396,2512511.65,118816675.9285,True
ALLY,True,2020-12-28,2024-12-31,4.008213552361396,3280363.4,118125886.034,True
AMCR,True,2020-12-28,2024-12-31,4.008213552361396,12521482.45,117827149.8545,True
SHAK,True,2020-12-28,2024-12-31,4.008213552361396,905249.6666666666,117501406.73333333,True
DVA,True,2020-12-28,2024-12-31,4.008213552361396,785233.7333333333,117431704.82000001,True
SRPT,True,2020-12-28,2024-12-31,4.008213552361396,954448.7,116051417.433,True
CVE,True,2020-12-28,2024-12-31,4.008213552361396,7649243.033333333,115886031.955,True
WIX,True,2020-12-28,2024-12-31,4.008213552361396,535297.8666666667,114848157.29333335,True
UTHR,True,2020-12-28,2024-12-31,4.008213552361396,324629.75,114542360.99,True
TDY,True,2020-12-28,2024-12-31,4.008213552361396,244127.61666666667,113306950.7235,True
MANH,True,2020-12-28,2024-12-31,4.008213552361396,418929.85,113211602.664,True
OVV,True,2020-12-28,2024-12-31,4.008213552361396,2794755.033333333,113187578.85,True
BOOT,True,2020-12-28,2024-12-31,4.008213552361396,737376.7333333333,111948535.65466665,True
ATO,True,2020-12-28,2024-12-31,4.008213552361396,802617.9166666666,111780597.25416666,True
EVRG,True,2020-12-28,2024-12-31,4.008213552361396,1807841.25,111272628.9375,True
POOL,True,2020-12-28,2024-12-31,4.008213552361396,323606.95,110330553.533,True
STLA,True,2021-01-19,2024-12-31,3.9479808350444903,8410075.983333332,109751491.5825,True
ALLE,True,2020-12-28,2024-12-31,4.008213552361396,837518.4666666667,109446913.224,True
FE,True,2020-12-28,2024-12-31,4.008213552361396,2720525.433333333,108222501.73799999,True
CPRI,True,2020-12-28,2024-12-31,4.008213552361396,5122713.283333333,107884341.747,True
HSIC,True,2020-12-28,2024-12-31,4.008213552361396,1546948.9333333333,107048866.18666667,True
BR,True,2020-12-28,2024-12-31,4.008213552361396,469068.15,106051618.0335,True
INVH,True,2020-12-28,2024-12-31,4.008213552361396,3314445.316666667,105962816.77383333,True
HII,True,2020-12-28,2024-12-31,4.008213552361396,559039.0333333333,105641606.129,True
AZPN,True,2020-12-28,2024-12-31,4.008213552361396,421542.4666666667,105229645.954,False
MAS,True,2020-12-28,2024-12-31,4.008213552361396,1438804.3166666667,104414029.26049998,True
EQR,True,2020-12-28,2024-12-31,4.008213552361396,1452027.8833333333,104197520.908,True
INSM,True,2020-12-28,2024-12-31,4.008213552361396,1508823.8166666667,104169196.30266668,True
MOS,True,2020-12-28,2024-12-31,4.008213552361396,4215391.483333333,103614322.66033332,True
RS,True,2020-12-28,2024-12-31,4.008213552361396,383320.25,103212810.515,True
J,True,2020-12-28,2024-12-31,4.008213552361396,768985.3666666667,102751824.694,True
QSR,True,2020-12-28,2024-12-31,4.008213552361396,1570582.2166666666,102370548.88233334,True
APLS,True,2020-12-28,2024-12-31,4.008213552361396,3206619.85,102323239.4135,True
M,True,2020-12-28,2024-12-31,4.008213552361396,6018162.483333333,101887490.84283333,True
SSNC,True,2020-12-28,2024-12-31,4.008213552361396,1344306.1666666667,101871521.31,True
WSC,True,2020-12-28,2024-12-31,4.008213552361396,2994527.1166666667,100166932.05250001,True
JKHY,True,2020-12-28,2024-12-31,4.008213552361396,570997.75,100095905.575,True
CPB,True,2020-12-28,2024-12-31,4.008213552361396,2387261.183333333,99978498.358,True
BWXT,True,2020-12-28,2024-12-31,4.008213552361396,896781.3333333334,99892472.72,True
AVY,True,2020-12-28,2024-12-31,4.008213552361396,533456.6,99825733.558,True
MASI,True,2020-12-28,2024-12-31,4.008213552361396,597087.4,98698547.22000001,True
MAA,True,2020-12-28,2024-12-31,4.008213552361396,634278.2833333333,98040394.25483333,True
ESS,True,2020-12-28,2024-12-31,4.008213552361396,343027.9666666667,97913902.80533333,True
TAP,True,2020-12-28,2024-12-31,4.008213552361396,1707704.3333333333,97885612.38666666,True
MTN,True,2020-12-28,2024-12-31,4.008213552361396,522075.06666666665,97862971.24666665,True
EVR,True,2020-12-28,2024-12-31,4.008213552361396,347742.0333333333,96390614.21966666,True
WY,True,2020-12-28,2024-12-31,4.008213552361396,3414942.6166666667,96130634.65916666,True
AER,True,2020-12-28,2024-12-31,4.008213552361396,1002244.65,95914813.00500001,True
WRB,True,2020-12-28,2024-12-31,4.008213552361396,1632542.65,95536395.878,True
WAL,True,2020-12-28,2024-12-31,4.008213552361396,1142398.0666666667,95435934.48933335,True
EMN,True,2020-12-28,2024-12-31,4.008213552361396,1044371.0166666667,95371961.242,True
BMRN,True,2020-12-28,2024-12-31,4.008213552361396,1441968.5833333333,94780594.9825,True
LMND,True,2020-12-28,2024-12-31,4.008213552361396,2580234.8833333333,94643015.52066666,True
TREX,True,2020-12-28,2024-12-31,4.008213552361396,1362239.9166666667,94035421.4475,True
VTRS,True,2020-12-28,2024-12-31,4.008213552361396,7542471.216666667,93903766.6475,True
PFG,True,2020-12-28,2024-12-31,4.008213552361396,1209239.1833333333,93607205.18183333,True
LNT,True,2020-12-28,2024-12-31,4.008213552361396,1579777.7833333334,93428058.10633335,True
LNTH,True,2020-12-28,2024-12-31,4.008213552361396,1030754.1166666667,92211263.277,True
BNTX,True,2020-12-28,2024-12-31,4.008213552361396,806806.4833333333,91935598.77583332,True
NTR,True,2020-12-28,2024-12-31,4.008213552361396,2036852.55,91149151.6125,True
URBN,True,2020-12-28,2024-12-31,4.008213552361396,1656277.9833333334,90896535.72533335,True
CPT,True,2020-12-28,2024-12-31,4.008213552361396,782903.5833333334,90848131.81,True
KIM,True,2020-12-28,2024-12-31,4.008213552361396,3861589.6333333333,90477045.109,True
AGCO,True,2020-12-28,2024-12-31,4.008213552361396,962725.8,89995607.78400001,True
MHK,True,2020-12-28,2024-12-31,4.008213552361396,750133.7166666667,89363429.6665,True
BF.B,True,2020-12-28,2024-12-31,4.008213552361396,2346487.65,89119600.94699998,True
LKQ,True,2020-12-28,2024-12-31,4.008213552361396,2395291.716666667,88026970.5875,True
LBRDK,True,2020-12-28,2024-12-31,4.008213552361396,1176845.2,87980947.152,True
BXP,True,2020-12-28,2024-12-31,4.008213552361396,1180056.25,87748982.75,True
MKTX,True,2020-12-28,2024-12-31,4.008213552361396,385565.38333333336,87153199.24866667,True
HAS,True,2020-12-28,2024-12-31,4.008213552361396,1557712.3666666667,87091698.42033333,True
TXT,True,2020-12-28,2024-12-31,4.008213552361396,1138479.4833333334,87082295.68016666,True
AN,True,2020-12-28,2024-12-31,4.008213552361396,512373.38333333336,87021495.42533334,True
WHR,True,2020-12-28,2024-12-31,4.008213552361396,759223.1666666666,86915868.12,True
EWBC,True,2020-12-28,2024-12-31,4.008213552361396,906404.35,86797280.55600001,True
RUN,True,2020-12-28,2024-12-31,4.008213552361396,9354276.166666666,86527054.54166666,True
ACI,True,2020-12-28,2024-12-31,4.008213552361396,4366198.55,85752139.522,True
ARCC,True,2020-12-28,2024-12-31,4.008213552361396,3902284.1666666665,85421000.40833333,True
DBX,True,2020-12-28,2024-12-31,4.008213552361396,2818117.9833333334,84656264.21933334,True
TRMB,True,2020-12-28,2024-12-31,4.008213552361396,1185995.45,83802438.497,True
ACM,True,2020-12-28,2024-12-31,4.008213552361396,782514.2166666667,83588168.62433332,True
BRKR,True,2020-12-28,2024-12-31,4.008213552361396,1425459.9166666667,83560460.315,True
MKSI,True,2020-12-28,2024-12-31,4.008213552361396,799785.6,83489618.784,True
RGEN,True,2020-12-28,2024-12-31,4.008213552361396,579017.4666666667,83343774.152,True
CNX,True,2020-12-28,2024-12-31,4.008213552361396,2268998.5166666666,83204175.60616668,True
AMH,True,2020-12-28,2024-12-31,4.008213552361396,2217807.783333333,82990367.25233333,True
TTEK,True,2020-12-28,2024-12-31,4.008213552361396,2081547.3666666667,82928847.08800001,True
BEN,True,2020-12-28,2024-12-31,4.008213552361396,4035714.1,81884639.089,True
AEO,True,2020-12-28,2024-12-31,4.008213552361396,4877952.8,81315473.176,True
OLED,True,2020-12-28,2024-12-31,4.008213552361396,554185.6,81021934.71999998,True
LUMN,True,2020-12-28,2024-12-31,4.008213552361396,15133893.183333334,80360972.8035,True
HALO,True,2020-12-28,2024-12-31,4.008213552361396,1675122.95,80087628.2395,True
PI,True,2020-12-28,2024-12-31,4.008213552361396,551149.45,80059969.107,True
RRC,True,2020-12-28,2024-12-31,4.008213552361396,2224836.183333333,80049605.87633331,True
REG,True,2020-12-28,2024-12-31,4.008213552361396,1076316.7666666666,79572098.55966666,True
TFX,True,2020-12-28,2024-12-31,4.008213552361396,445877.23333333334,79357229.98866667,True
NOK,True,2020-12-28,2024-12-31,4.008213552361396,17668530.6,78271590.558,True
MIDD,True,2020-12-28,2024-12-31,4.008213552361396,577525.3166666667,78225804.1425,True
PVH,True,2020-12-28,2024-12-31,4.008213552361396,732271.05,77437663.53750001,True
FL,True,2020-12-28,2024-12-31,4.008213552361396,3537749.3333333335,76981425.49333334,False
MTDR,True,2020-12-28,2024-12-31,4.008213552361396,1368011.6,76964332.616,True
PCTY,True,2020-12-28,2024-12-31,4.008213552361396,382942.35,76385510.5545,True
TM,True,2020-12-28,2024-12-31,4.008213552361396,392307.06666666665,76346878.244,True
REXR,True,2020-12-28,2024-12-31,4.008213552361396,1971485.5666666667,76217632.00733332,True
AIZ,True,2020-12-28,2024-12-31,4.008213552361396,354941.2166666667,75680566.21766667,True
JAZZ,True,2020-12-28,2024-12-31,4.008213552361396,612287.3833333333,75403191.2575,True
GL,True,2020-12-28,2024-12-31,4.008213552361396,669974.6666666666,74715574.82666665,True
EXEL,True,2020-12-28,2024-12-31,4.008213552361396,2231559.533333333,74310932.46,True
ROL,True,2020-12-28,2024-12-31,4.008213552361396,1600650.1833333333,74190135.9975,True
AMLP,True,2020-12-28,2024-12-31,4.008213552361396,1523498.2,73371673.31199999,True
HRL,True,2020-12-28,2024-12-31,4.008213552361396,2323494.8,72888031.876,True
CRI,True,2020-12-28,2024-12-31,4.008213552361396,1330199.9333333333,72083534.38733333,True
AOS,True,2020-12-28,2024-12-31,4.008213552361396,1052663.7166666666,71802192.11383332,True
ARMK,True,2020-12-28,2024-12-31,4.008213552361396,1913471.95,71391638.4545,True
SEDG,True,2020-12-28,2024-12-31,4.008213552361396,5239596.45,71258511.72,True
MTSI,True,2020-12-28,2024-12-31,4.008213552361396,547112.5333333333,71075389.20533334,True
QS,True,2020-12-28,2024-12-31,4.008213552361396,13551027.416666666,70329832.2925,True
HRB,True,2020-12-28,2024-12-31,4.008213552361396,1328284.8166666667,70186569.71266668,True
ALC,True,2020-12-28,2024-12-31,4.008213552361396,817025.1333333333,69357263.56866667,True
FRT,True,2020-12-28,2024-12-31,4.008213552361396,612298.0333333333,68546764.83166666,True
ALV,True,2020-12-28,2024-12-31,4.008213552361396,728736.4833333333,68348194.77183333,True
ACHC,True,2020-12-28,2024-12-31,4.008213552361396,1710361.05,67815815.6325,True
RHI,True,2020-12-28,2024-12-31,4.008213552361396,951968.3333333334,67075688.766666666,True
CRUS,True,2020-12-28,2024-12-31,4.008213552361396,673180.9166666666,67035355.681666665,True
NWSA,True,2020-12-28,2024-12-31,4.008213552361396,2408633.7333333334,66333773.016,True
ADC,True,2020-12-28,2024-12-31,4.008213552361396,932071.65,65664447.74250001,True
POST,True,2020-12-28,2024-12-31,4.008213552361396,567090.3333333334,64909159.553333335,True
CRSP,True,2020-12-28,2024-12-31,4.008213552361396,1649113.9333333333,64909124.416,True
BWA,True,2020-12-28,2024-12-31,4.008213552361396,2030103.8833333333,64537002.45116667,True
TECH,True,2020-12-28,2024-12-31,4.008213552361396,890465.3166666667,64140216.7595,True
ASAN,True,2020-12-28,2024-12-31,4.008213552361396,3156779.066666667,63987911.68133333,True
AZEK,True,2020-12-28,2024-12-31,4.008213552361396,1339371.5666666667,63579968.269666664,False
L,True,2020-12-28,2024-12-31,4.008213552361396,747737.45,63325884.640499994,True
FIVN,True,2020-12-28,2024-12-31,4.008213552361396,1558183.1833333333,63324564.57066667,True
XRAY,True,2020-12-28,2024-12-31,4.008213552361396,3330088.6,63205081.628000006,True
FMC,True,2020-12-28,2024-12-31,4.008213552361396,1298616.0666666667,63125727.00066666,True
SF,True,2020-12-28,2024-12-31,4.008213552361396,594076.45,63019629.81599999,True
YETI,True,2020-12-28,2024-12-31,4.008213552361396,1632775.8166666667,62878196.699833326,True
NDSN,True,2020-12-28,2024-12-31,4.008213552361396,297059.4666666667,62156722.80533334,True
ADMA,True,2020-12-28,2024-12-31,4.008213552361396,3612157.283333333,61948497.40916666,True
ALSN,True,2020-12-28,2024-12-31,4.008213552361396,571938.7666666667,61803703.12600001,True
VNO,True,2020-12-28,2024-12-31,4.008213552361396,1466637.8,61657453.112,True
QLYS,True,2020-12-28,2024-12-31,4.008213552361396,434812.31666666665,60969383.043,True
IVZ,True,2020-12-28,2024-12-31,4.008213552361396,3454561.0,60385726.28,True
CUBE,True,2020-12-28,2024-12-31,4.008213552361396,1389951.3833333333,59559416.77583333,True
ARKG,True,2020-12-28,2024-12-31,4.008213552361396,2520376.2333333334,59342258.41383334,True
CHDN,True,2020-12-28,2024-12-31,4.008213552361396,443607.18333333335,59239303.26233333,True
ACWX,True,2020-12-28,2024-12-31,4.008213552361396,1134021.1833333333,59150544.92266666,True
HLNE,True,2020-12-28,2024-12-31,4.008213552361396,398133.51666666666,58943667.142500006,True
AGQ,True,2020-12-28,2024-12-31,4.008213552361396,1745723.2333333334,58778501.26633334,True
SEIC,True,2020-12-28,2024-12-31,4.008213552361396,709809.3,58545071.064,True
GLPI,True,2020-12-28,2024-12-31,4.008213552361396,1204069.7666666666,57987999.96266666,True
FNF,True,2020-12-28,2024-12-31,4.008213552361396,1028722.6833333333,57752491.44233333,True
OPEN,True,2020-12-28,2024-12-31,4.008213552361396,37055732.06222667,57377095.525151774,True
OSCR,True,2021-03-03,2024-12-31,3.8302532511978096,4236931.016666667,56944352.864,True
JWN,True,2020-12-28,2024-12-31,4.008213552361396,2354989.6166666667,56872999.2425,False
AAAU,True,2020-12-28,2024-12-31,4.008213552361396,2133873.1666666665,55342000.57749999,True
FR,True,2020-12-28,2024-12-31,4.008213552361396,1096657.35,54975432.95550001,True
RMBS,True,2020-12-28,2024-12-31,4.008213552361396,1036717.1666666666,54800869.43,True
AG,True,2020-12-28,2024-12-31,4.008213552361396,9945589.083333334,54601284.0675,True
CAKE,True,2020-12-28,2024-12-31,4.008213552361396,1143277.5666666667,54237087.762666665,True
GH,True,2020-12-28,2024-12-31,4.008213552361396,1765691.6166666667,53941878.88916667,True
PAA,True,2020-12-28,2024-12-31,4.008213552361396,3149523.5166666666,53793861.66466666,True
EGP,True,2020-12-28,2024-12-31,4.008213552361396,334324.11666666664,53655677.483833335,True
ITRI,True,2020-12-28,2024-12-31,4.008213552361396,477947.85,51895577.552999996,True
AMC,True,2020-12-28,2024-12-31,4.008213552361396,13027494.15,51849426.717,True
WTFC,True,2020-12-28,2024-12-31,4.008213552361396,414112.3,51643944.933,True
SM,True,2020-12-28,2024-12-31,4.008213552361396,1330572.4333333333,51572987.515999995,True
APG,True,2020-12-28,2024-12-31,4.008213552361396,2144911.725,51434983.1655,True
TMHC,True,2020-12-28,2024-12-31,4.008213552361396,832252.2166666667,50942158.182166666,True
SAIC,True,2020-12-28,2024-12-31,4.008213552361396,454672.7,50823314.406,True
WU,True,2020-12-28,2024-12-31,4.008213552361396,4786560.416666667,50737540.41666667,True
WTRG,True,2020-12-28,2024-12-31,4.008213552361396,1377989.5333333334,50048579.85066667,True
AAON,True,2020-12-28,2024-12-31,4.008213552361396,424893.1,50001420.008,True
CORT,True,2020-12-28,2024-12-31,4.008213552361396,978588.5,49311074.515,True
IONS,True,2020-12-28,2024-12-31,4.008213552361396,1408154.4,49229077.824,True
PLAY,True,2020-12-28,2024-12-31,4.008213552361396,1679887.1,49035904.44900001,True
ALKS,True,2020-12-28,2024-12-31,4.008213552361396,1700168.4166666667,48896843.66333334,True
LEGN,True,2020-12-28,2024-12-31,4.008213552361396,1498748.4,48769272.936,True
FOX,True,2020-12-28,2024-12-31,4.008213552361396,1052149.1333333333,48125301.358666666,True
AFG,True,2020-12-28,2024-12-31,4.008213552361396,348888.7166666667,47773331.97316667,True
MORN,True,2020-12-28,2024-12-31,4.008213552361396,141546.3,47667131.988,True
AXSM,True,2020-12-28,2024-12-31,4.008213552361396,561290.9333333333,47490825.869333334,True
HBI,True,2020-12-28,2024-12-31,4.008213552361396,5789746.883333334,47128539.63033334,False
LOGI,True,2020-12-28,2024-12-31,4.008213552361396,568984.9833333333,46855913.37749999,True
ADT,True,2020-12-28,2024-12-31,4.008213552361396,6778307.966666667,46838108.049666665,True
NCNO,True,2020-12-28,2024-12-31,4.008213552361396,1391690.8,46732977.063999996,True
COOP,True,2020-12-28,2024-12-31,4.008213552361396,481261.01666666666,46205870.21016667,False
BB,True,2020-12-28,2024-12-31,4.008213552361396,12068722.183333334,45619769.853,True
NOG,True,2020-12-28,2024-12-31,4.008213552361396,1225319.0333333334,45532855.27866667,True
RNG,True,2020-12-28,2024-12-31,4.008213552361396,1292515.6333333333,45250972.323,True
MC,True,2020-12-28,2024-12-31,4.008213552361396,604945.6666666666,44693385.853333324,True
PZZA,True,2020-12-28,2024-12-31,4.008213552361396,1087468.6166666667,44662336.086500004,True
ACLS,True,2020-12-28,2024-12-31,4.008213552361396,636901.4,44500300.818,True
COLD,True,2020-12-28,2024-12-31,4.008213552361396,2041771.65,43693913.309999995,True
SEE,True,2020-12-28,2024-12-31,4.008213552361396,1287728.2,43563845.006,True
AGI,True,2020-12-28,2024-12-31,4.008213552361396,2355984.85,43444360.634,True
SITM,True,2020-12-28,2024-12-31,4.008213552361396,201940.65,43322327.6445,True
ALGM,True,2020-12-28,2024-12-31,4.008213552361396,1932929.8666666667,42253846.88533333,True
MGY,True,2020-12-28,2024-12-31,4.008213552361396,1795955.45,41989438.421,True
LNC,True,2020-12-28,2024-12-31,4.008213552361396,1324104.3333333333,41987348.41,True
AMBA,True,2020-12-28,2024-12-31,4.008213552361396,574308.8666666667,41775226.961333334,True
LAZ,True,2020-12-28,2024-12-31,4.008213552361396,806766.15,41532321.401999995,True
JHG,True,2020-12-28,2024-12-31,4.008213552361396,969684.4666666667,41240680.36733334,True
RDFN,True,2020-12-28,2024-12-31,4.008213552361396,5215563.95,41046488.2865,False
NVAX,True,2020-12-28,2024-12-31,4.008213552361396,5089417.75,40918918.70999999,True
VNOM,True,2020-12-28,2024-12-31,4.008213552361396,831718.75,40812439.0625,True
ARRY,True,2020-12-28,2024-12-31,4.008213552361396,6645109.383333334,40136460.675333336,True
QGEN,True,2020-12-28,2024-12-31,4.008213552361396,852728.8518466667,39056942.69093658,True
COLM,True,2020-12-28,2024-12-31,4.008213552361396,464424.15,38979118.9095,True
FAF,True,2020-12-28,2024-12-31,4.008213552361396,623220.65,38913897.386,True
HMC,True,2020-12-28,2024-12-31,4.008213552361396,1347922.8833333333,38483198.31916667,True
EOSE,True,2020-12-28,2024-12-31,4.008213552361396,7910372.833333333,38444411.97,True
ESNT,True,2020-12-28,2024-12-31,4.008213552361396,698143.05,38006907.642000005,True
RKT,True,2020-12-28,2024-12-31,4.008213552361396,3330410.5166666666,37500422.417666666,True
TKR,True,2020-12-28,2024-12-31,4.008213552361396,523286.68333333335,37346970.5895,True
SATS,True,2020-12-28,2024-12-31,4.008213552361396,1627863.15,37278066.135,True
ALGT,True,2020-12-28,2024-12-31,4.008213552361396,393102.55,36998812.006,True
STAG,True,2020-12-28,2024-12-31,4.008213552361396,1085352.8833333333,36706634.51433333,True
MTG,True,2020-12-28,2024-12-31,4.008213552361396,1538697.0,36482505.870000005,True
TWST,True,2020-12-28,2024-12-31,4.008213552361396,778640.9666666667,36183445.721,True
ACIW,True,2020-12-28,2024-12-31,4.008213552361396,693750.4666666667,36012586.72466666,True
CBRL,True,2020-12-28,2024-12-31,4.008213552361396,680542.85,35973495.051,True
AMG,True,2020-12-28,2024-12-31,4.008213552361396,194450.03333333333,35957700.164,True
AAXJ,True,2020-12-28,2024-12-31,4.008213552361396,493262.65,35603698.07700001,True
AMSC,True,2020-12-28,2024-12-31,4.008213552361396,1416158.3666666667,34879980.571,True
ATGE,True,2020-12-28,2024-12-31,4.008213552361396,376222.26666666666,34179792.92666666,True
AMKR,True,2020-12-28,2024-12-31,4.008213552361396,1304195.3166666667,33504777.68516667,True
TFII,True,2020-12-28,2024-12-31,4.008213552361396,246696.43333333332,33326221.178999998,True
CWST,True,2020-12-28,2024-12-31,4.008213552361396,314391.45,33265759.324500002,True
SMPL,True,2020-12-28,2024-12-31,4.008213552361396,849466.2666666667,33112195.074666668,True
AKR,True,2020-12-28,2024-12-31,4.008213552361396,1363138.9166666667,32933436.22666667,True
LEVI,True,2020-12-28,2024-12-31,4.008213552361396,1893443.4,32756570.82,True
VIRT,True,2020-12-28,2024-12-31,4.008213552361396,902017.7833333333,32183994.50933333,True
REAL,True,2020-12-28,2024-12-31,4.008213552361396,2926769.6333333333,31989592.09233333,True
RARE,True,2020-12-28,2024-12-31,4.008213552361396,755185.3166666667,31770646.272166666,True
RVLV,True,2020-12-28,2024-12-31,4.008213552361396,936348.9833333333,31358327.451833334,True
UFPI,True,2020-12-28,2024-12-31,4.008213552361396,278261.15,31346118.547500003,True
LC,True,2020-12-28,2024-12-31,4.008213552361396,1927634.1333333333,31208396.618666667,True
NTLA,True,2020-12-28,2024-12-31,4.008213552361396,2657195.783333333,30982902.833666667,True
AROC,True,2020-12-28,2024-12-31,4.008213552361396,1242043.8166666667,30914470.596833333,True
AL,True,2020-12-28,2024-12-31,4.008213552361396,636830.5333333333,30701600.012000002,True
DOCN,True,2021-03-24,2024-12-31,3.7727583846680357,892422.1166666667,30404821.514833335,True
ABR,True,2020-12-28,2024-12-31,4.008213552361396,2191251.9166666665,30348839.04583333,True
RPD,True,2020-12-28,2024-12-31,4.008213552361396,752231.2833333333,30262264.5285,True
PRGS,True,2020-12-28,2024-12-31,4.008213552361396,463548.06666666665,30200156.543333337,True
ACVA,True,2021-03-24,2024-12-31,3.7727583846680357,1397155.2833333334,30178554.120000005,True
VCYT,True,2020-12-28,2024-12-31,4.008213552361396,759975.7666666667,30095040.360000003,True
IMO,True,2020-12-28,2024-12-31,4.008213552361396,480592.18333333335,29604478.493333336,True
ACAD,True,2020-12-28,2024-12-31,4.008213552361396,1599831.0666666667,29356900.073333334,True
VRRM,True,2020-12-28,2024-12-31,4.008213552361396,1213069.3666666667,29332017.286000002,True
FROG,True,2020-12-28,2024-12-31,4.008213552361396,979151.55,28796847.085500002,True
HWC,True,2020-12-28,2024-12-31,4.008213552361396,520824.2,28499500.224,True
TRUP,True,2020-12-28,2024-12-31,4.008213552361396,586695.0,28278699.0,True
BEAM,True,2020-12-28,2024-12-31,4.008213552361396,1137896.8166666667,28219841.053333335,True
MGNI,True,2020-12-28,2024-12-31,4.008213552361396,1750006.8166666667,27860108.521333333,True
DVAX,True,2020-12-28,2024-12-31,4.008213552361396,2174448.066666667,27767701.811333336,True
EEFT,True,2020-12-28,2024-12-31,4.008213552361396,269862.45,27752654.358000003,True
FLO,True,2020-12-28,2024-12-31,4.008213552361396,1341352.7833333334,27712348.50366667,True
ARWR,True,2020-12-28,2024-12-31,4.008213552361396,1458212.15,27414388.419999998,True
NOVT,True,2020-12-28,2024-12-31,4.008213552361396,177870.63333333333,27173296.654333334,True
APLE,True,2020-12-28,2024-12-31,4.008213552361396,1746175.6,26803795.46,True
AEIS,True,2020-12-28,2024-12-31,4.008213552361396,226441.8,26183465.334,True
SNDX,True,2020-12-28,2024-12-31,4.008213552361396,1963478.55,25957186.431,True
AGIO,True,2020-12-28,2024-12-31,4.008213552361396,786050.0166666667,25829603.54766667,True
VCTR,True,2020-12-28,2024-12-31,4.008213552361396,391494.18333333335,25627209.241,True
ZLAB,True,2020-12-28,2024-12-31,4.008213552361396,948578.2333333333,24843263.930999998,True
AMN,True,2020-12-28,2024-12-31,4.008213552361396,1032749.35,24703364.452,True
ALRM,True,2020-12-28,2024-12-31,4.008213552361396,404965.88333333336,24621925.706666667,True
AMX,True,2020-12-28,2024-12-31,4.008213552361396,1714207.4333333333,24530308.371,True
ABCB,True,2020-12-28,2024-12-31,4.008213552361396,389761.05,24387348.8985,True
ARCB,True,2020-12-28,2024-12-31,4.008213552361396,260273.76666666666,24288747.905333333,True
FOLD,True,2020-12-28,2024-12-31,4.008213552361396,2536136.3,23890403.946,True
AOSL,True,2020-12-28,2024-12-31,4.008213552361396,637069.2833333333,23590675.561833333,True
AEHR,True,2020-12-28,2024-12-31,4.008213552361396,1415091.4,23532969.981999997,True
AQN,True,2020-12-28,2024-12-31,4.008213552361396,5283639.033333333,23512193.698333334,True
FVRR,True,2020-12-28,2024-12-31,4.008213552361396,735879.8166666667,23349466.582833335,True
DXC,True,2020-12-28,2024-12-31,4.008213552361396,1161699.1166666667,23210748.351,True
ALT,True,2020-12-28,2024-12-31,4.008213552361396,3142948.2666666666,22660657.002666667,True
ARDX,True,2020-12-28,2024-12-31,4.008213552361396,4423379.966666667,22426536.431,True
BLMN,True,2020-12-28,2024-12-31,4.008213552361396,1823747.7,22267959.417,True
ACMR,True,2020-12-28,2024-12-31,4.008213552361396,1467924.3333333333,22165657.43333333,True
GOLF,True,2020-12-28,2024-12-31,4.008213552361396,295711.81666666665,21019195.928666666,True
AIN,True,2020-12-28,2024-12-31,4.008213552361396,262019.05,20953663.4285,True
AEG,True,2020-12-28,2024-12-31,4.008213552361396,3492625.816666667,20571566.06016667,True
NSA,True,2020-12-28,2024-12-31,4.008213552361396,526371.3666666667,19954738.510333333,True
ANGL,True,2020-12-28,2024-12-31,4.008213552361396,686733.9666666667,19688662.824333336,True
CNS,True,2020-12-28,2024-12-31,4.008213552361396,212335.48333333334,19607058.531,True
ABM,True,2020-12-28,2024-12-31,4.008213552361396,381570.95,19528801.221,True
ADNT,True,2020-12-28,2024-12-31,4.008213552361396,1115570.8666666667,19221286.03266667,True
ALE,True,2020-12-28,2024-12-31,4.008213552361396,284964.8,18465719.04,False
OTEX,True,2020-12-28,2024-12-31,4.008213552361396,649854.1333333333,18403869.055999998,True
CDNA,True,2020-12-28,2024-12-31,4.008213552361396,828790.3166666667,17744400.679833334,True
NMIH,True,2020-12-28,2024-12-31,4.008213552361396,479988.55,17644379.097999997,True
APAM,True,2020-12-28,2024-12-31,4.008213552361396,398762.2833333333,17166716.2975,True
LGIH,True,2020-12-28,2024-12-31,4.008213552361396,191462.86666666667,17116780.28,True
TALO,True,2020-12-28,2024-12-31,4.008213552361396,1760535.9833333334,17094804.398166668,True
LEG,True,2020-12-28,2024-12-31,4.008213552361396,1772406.1333333333,17015098.88,True
AMPH,True,2020-12-28,2024-12-31,4.008213552361396,454193.11666666664,16864190.421833333,True
SNEX,True,2020-12-28,2024-12-31,4.008213552361396,255774.625,16705484.8150125,True
AOR,True,2020-12-28,2024-12-31,4.008213552361396,289305.4,16582985.528,True
AKRO,True,2020-12-28,2024-12-31,4.008213552361396,588095.1833333333,16360808.000333333,False
APPN,True,2020-12-28,2024-12-31,4.008213552361396,490862.85,16188656.792999998,True
AIQ,True,2020-12-28,2024-12-31,4.008213552361396,390282.05,15080498.412,True
GIII,True,2020-12-28,2024-12-31,4.008213552361396,461930.48333333334,15068172.366333332,True
FCEL,True,2020-12-28,2024-12-31,4.008213552361396,1656058.4733350002,14970768.5989484,True
AIR,True,2020-12-28,2024-12-31,4.008213552361396,242364.55,14852099.624,True
ARVN,True,2020-12-28,2024-12-31,4.008213552361396,767455.9666666667,14712130.881000001,True
ANIP,True,2020-12-28,2024-12-31,4.008213552361396,261533.45,14457569.116,True
SDGR,True,2020-12-28,2024-12-31,4.008213552361396,720422.2333333333,13896944.881,True
SFIX,True,2020-12-28,2024-12-31,4.008213552361396,3138911.533333333,13528708.708666665,True
SCVL,True,2020-12-28,2024-12-31,4.008213552361396,385898.11666666664,12765509.699333332,True
ANDE,True,2020-12-28,2024-12-31,4.008213552361396,286945.56666666665,11627034.361333333,True
LAUR,True,2020-12-28,2024-12-31,4.008213552361396,630852.35,11538289.4815,True
ARI,True,2020-12-28,2024-12-31,4.008213552361396,1293413.3,11200959.178000001,True
AHCO,True,2020-12-28,2024-12-31,4.008213552361396,1132199.4666666666,10778538.922666665,True
QNST,True,2020-12-28,2024-12-31,4.008213552361396,456630.36666666664,10534462.559,True
BJRI,True,2020-12-28,2024-12-31,4.008213552361396,294427.9166666667,10344724.852083333,True
CARS,True,2020-12-28,2024-12-31,4.008213552361396,559008.5333333333,9687617.882666666,True
ARLO,True,2020-12-28,2024-12-31,4.008213552361396,854158.85,9558037.531499999,True
ARCO,True,2020-12-28,2024-12-31,4.008213552361396,1273612.9333333333,9271902.154666668,True
GOOS,True,2020-12-28,2024-12-31,4.008213552361396,904636.2666666667,9073501.754666667,True
AMRC,True,2020-12-28,2024-12-31,4.008213552361396,364163.0333333333,8550548.022666667,True
AMRX,True,2020-12-28,2024-12-31,4.008213552361396,1048478.9833333333,8303953.5479999995,True
ANAB,True,2020-12-28,2024-12-31,4.008213552361396,597281.1166666667,7908001.984666667,True
AIV,True,2020-12-28,2024-12-31,4.008213552361396,861585.35,7831810.831499999,True
AHH,True,2020-12-28,2024-12-31,4.008213552361396,725686.45,7423772.3834999995,True
AMCX,True,2020-12-28,2024-12-31,4.008213552361396,731978.3333333334,7246585.500000001,True
ADPT,True,2020-12-28,2024-12-31,4.008213552361396,1161811.5333333334,6965060.142333334,True
ARCT,True,2020-12-28,2024-12-31,4.008213552361396,389862.51666666666,6615966.907833333,True
APPS,True,2020-12-28,2024-12-31,4.008213552361396,3835618.2,6482194.758,True
AAT,True,2020-12-28,2024-12-31,4.008213552361396,242602.25,6370735.085,True
ALEX,True,2020-12-28,2024-12-31,4.008213552361396,333958.9166666667,5924431.181666667,True
AGRO,True,2020-12-28,2024-12-31,4.008213552361396,605337.35,5708331.2105,True
SAGE,True,2020-12-28,2024-12-31,4.008213552361396,1002687.3333333334,5444592.22,False
AQST,True,2020-12-28,2024-12-31,4.008213552361396,1490587.9833333334,5306493.2206666665,True
ACP,True,2020-12-28,2024-12-31,4.008213552361396,852962.45,5092185.8264999995,False
ADTN,True,2020-12-28,2024-12-31,4.008213552361396,607206.5166666667,5058030.283833334,True
ANGO,True,2020-12-28,2024-12-31,4.008213552361396,545618.55,4997865.9180000005,True
ACB,True,2020-12-28,2024-12-31,4.008213552361396,934360.25,3971031.0625,True
AOD,True,2020-12-28,2024-12-31,4.008213552361396,397091.06666666665,3339535.8706666664,False
ACRE,True,2020-12-28,2024-12-31,4.008213552361396,554874.2,3268209.0379999997,True
ACEL,True,2020-12-28,2024-12-31,4.008213552361396,225166.65,2404779.8219999997,True
ALLT,True,2020-12-28,2024-12-31,4.008213552361396,394699.3,2348460.835,True
ALDX,True,2020-12-28,2024-12-31,4.008213552361396,466708.9166666667,2328877.4941666666,True
DOMO,True,2020-12-28,2024-12-31,4.008213552361396,312708.1666666667,2213973.8200000003,True
ARKO,True,2020-12-28,2024-12-31,4.008213552361396,287064.11666666664,1891752.5288333332,True
AEVA,True,2021-03-15,2024-12-31,3.7973990417522243,397147.76666666666,1886451.8916666666,True
ANGI,True,2020-12-28,2024-12-31,4.008213552361396,93504.1683333333,1552169.194333333,True
