symbol,qualified,years,avg_volume,rows,first_date,last_date,has_options,error
NVDA,True,11.0,178908501.3691808,2771,2015-01-02,2026-01-08,True,
SOXL,True,11.0,61598827.89317936,2771,2015-01-02,2026-01-08,True,
AMD,True,11.0,56980892.59040058,2771,2015-01-02,2026-01-08,True,
XLF,True,11.0,51073141.77769759,2771,2015-01-02,2026-01-08,True,
TSLA,True,11.0,45685264.320822805,2771,2015-01-02,2026-01-08,True,
HYG,True,11.0,45654484.63514976,2771,2015-01-02,2026-01-08,True,
SMCI,True,11.0,43989133.334897146,2771,2015-01-02,2026-01-08,True,
LRCX,True,11.0,40024195.46950559,2771,2015-01-02,2026-01-08,True,
LQD,True,11.0,39355234.765066765,2771,2015-01-02,2026-01-08,True,
WDAY,True,11.0,35182929.69036449,2771,2015-01-02,2026-01-08,True,
SPY,True,11.0,35047559.478527606,2771,2015-01-02,2026-01-08,True,
JPM,True,11.0,34372752.55431252,2771,2015-01-02,2026-01-08,True,
BA,True,11.0,33337560.94550704,2771,2015-01-02,2026-01-08,True,
F,True,11.0,32690600.60591844,2771,2015-01-02,2026-01-08,True,
CRM,True,11.0,32450200.268134248,2771,2015-01-02,2026-01-08,True,
AAPL,True,11.0,32123716.18621436,2771,2015-01-02,2026-01-08,True,
AMPL,True,11.0,31720655.28444616,2591,2015-01-02,2026-01-08,True,
UNH,True,11.0,31598404.6957777,2771,2015-01-02,2026-01-08,True,
ANGL,True,11.0,30018981.54745579,2771,2015-01-02,2026-01-08,True,
AMKR,True,11.0,29992145.409238543,2771,2015-01-02,2026-01-08,True,
AON,True,11.0,29866449.56008661,2771,2015-01-02,2026-01-08,True,
AN,True,11.0,29632748.79646337,2771,2015-01-02,2026-01-08,True,
ANGO,True,11.0,29528783.447131,2771,2015-01-02,2026-01-08,True,
ANDE,True,11.0,29442942.786358718,2771,2015-01-02,2026-01-08,True,
BAC,True,11.0,29068894.159870084,2771,2015-01-02,2026-01-08,True,
IWM,True,11.0,28873740.310357276,2771,2015-01-02,2026-01-08,True,
GDX,True,11.0,27136054.153013352,2771,2015-01-02,2026-01-08,True,
AMZN,True,11.0,26683211.481414653,2771,2015-01-02,2026-01-08,True,
UPST,True,11.0,26155480.7087694,2771,2015-01-02,2026-01-08,True,
FXI,True,11.0,25461723.338145077,2771,2015-01-02,2026-01-08,True,
XLI,True,11.0,25217385.03211837,2771,2015-01-02,2026-01-08,True,
INTC,True,11.0,24838184.18116204,2771,2015-01-02,2026-01-08,True,
PANW,True,11.0,23976389.33489715,2771,2015-01-02,2026-01-08,True,
MCK,True,11.0,23449611.617827497,2771,2015-01-02,2026-01-08,True,
XLE,True,11.0,23277648.035727173,2771,2015-01-02,2026-01-08,True,
QQQ,True,11.0,23274348.32298809,2771,2015-01-02,2026-01-08,True,
PEP,True,11.0,23012532.662576687,2771,2015-01-02,2026-01-08,True,
KO,True,11.0,22015266.260555755,2771,2015-01-02,2026-01-08,True,
OPEN,True,11.0,21859596.252796248,2771,2015-01-02,2026-01-08,True,
SHOP,True,11.0,19809189.746300973,2771,2015-01-02,2026-01-08,True,
T,True,11.0,19467473.616383977,2771,2015-01-02,2026-01-08,True,
MARA,True,11.0,18395410.813424755,2771,2015-01-02,2026-01-08,True,
AAL,True,11.0,18172179.49280576,2780,2015-01-02,2026-01-08,True,
MU,True,11.0,18159186.354384694,2771,2015-01-02,2026-01-08,True,
XOM,True,11.0,18070250.85059545,2771,2015-01-02,2026-01-08,True,
CCL,True,11.0,17669516.180801153,2771,2015-01-02,2026-01-08,True,
VALE,True,11.0,17651810.62576687,2771,2015-01-02,2026-01-08,True,
SNOW,True,11.0,17618401.08516781,2771,2015-01-02,2026-01-08,True,
XBI,True,11.0,17152646.287260916,2771,2015-01-02,2026-01-08,True,
PFE,True,11.0,17048778.996030316,2771,2015-01-02,2026-01-08,True,
ARKK,True,11.0,16886464.412486468,2771,2015-01-02,2026-01-08,True,
SNAP,True,11.0,16851002.13208228,2771,2015-01-02,2026-01-08,True,
MCD,True,11.0,16498324.319740169,2771,2015-01-02,2026-01-08,True,
KRE,True,11.0,16417179.705521472,2771,2015-01-02,2026-01-08,True,
CNC,True,11.0,16311665.52544208,2771,2015-01-02,2026-01-08,True,
PM,True,11.0,15269313.39408156,2771,2015-01-02,2026-01-08,True,
TMUS,True,11.0,15000079.42800433,2771,2015-01-02,2026-01-08,True,
NKE,True,11.0,14956363.050523276,2771,2015-01-02,2026-01-08,True,
NOK,True,11.0,14866859.581017682,2771,2015-01-02,2026-01-08,True,
MRVL,True,11.0,14776642.345001804,2771,2015-01-02,2026-01-08,True,
TLT,True,11.0,14716160.023818117,2771,2015-01-02,2026-01-08,True,
XLU,True,11.0,14513058.543125223,2771,2015-01-02,2026-01-08,True,
ANET,True,11.0,14470894.055575604,2771,2015-01-02,2026-01-08,True,
CMCSA,True,11.0,14113973.760736195,2771,2015-01-02,2026-01-08,True,
CSCO,True,11.0,13906932.028870445,2771,2015-01-02,2026-01-08,True,
MDB,True,11.0,13342227.398412123,2771,2015-01-02,2026-01-08,True,
MDLZ,True,11.0,13337366.509563334,2771,2015-01-02,2026-01-08,True,
EWZ,True,10.1,13252472.203944772,2535,2015-12-09,2026-01-08,True,
GLD,True,11.0,12937846.746661857,2771,2015-01-02,2026-01-08,True,
APH,True,11.0,12703095.562612776,2771,2015-01-02,2026-01-08,True,
TGT,True,11.0,12627624.597979069,2771,2015-01-02,2026-01-08,True,
TZA,True,11.0,12345528.402336702,2771,2015-01-02,2026-01-08,True,
MSFT,True,11.0,12208633.700469146,2771,2015-01-02,2026-01-08,True,
TFC,True,11.0,12146908.494045472,2771,2015-01-02,2026-01-08,True,
AVGO,True,11.0,12124043.178274993,2771,2015-01-02,2026-01-08,True,
PBR,True,11.0,12021988.926380368,2771,2015-01-02,2026-01-08,True,
NCLH,True,11.0,11879857.932154456,2771,2015-01-02,2026-01-08,True,
GOOG,True,11.0,11710474.547455791,2771,2015-01-02,2026-01-08,True,
AMGN,True,11.0,11621373.221941538,2771,2015-01-02,2026-01-08,True,
ACN,True,11.0,11586586.464453263,2771,2015-01-02,2026-01-08,True,
SLV,True,11.0,11481391.787802238,2771,2015-01-02,2026-01-08,True,
LIN,True,11.0,11272278.08625045,2771,2015-01-02,2026-01-08,True,
MS,True,11.0,11031529.739083365,2771,2015-01-02,2026-01-08,True,
FDX,True,11.0,11003536.859617466,2771,2015-01-02,2026-01-08,True,
BRK.B,True,11.0,10980169.3302057,2771,2015-01-02,2026-01-08,True,
XLV,True,11.0,10940029.932515338,2771,2015-01-02,2026-01-08,True,
CME,True,11.0,10801256.22338506,2771,2015-01-02,2026-01-08,True,
KHC,True,11.0,10679108.626488632,2771,2015-01-02,2026-01-08,True,
ADBE,True,11.0,10564943.897509923,2771,2015-01-02,2026-01-08,True,
AJG,True,11.0,10491670.6697943,2771,2015-01-02,2026-01-08,True,
RIOT,True,11.0,10421058.967520753,2771,2015-01-02,2026-01-08,True,
EQIX,True,11.0,10231221.547816671,2771,2015-01-02,2026-01-08,True,
HOOD,True,11.0,10217538.417014811,2633,2015-01-02,2026-01-08,True,
VZ,True,11.0,10196830.387946589,2771,2015-01-02,2026-01-08,True,
WFC,True,10.6,10166019.115789471,2660,2015-06-12,2026-01-08,True,
XLP,True,11.0,10146445.327679535,2771,2015-01-02,2026-01-08,True,
CLF,True,11.0,10095148.115481775,2771,2015-01-02,2026-01-08,True,
COST,True,11.0,10073480.484301696,2771,2015-01-02,2026-01-08,True,
WMT,True,10.6,10040493.57142857,2660,2015-06-12,2026-01-08,True,
CMG,True,11.0,10026718.75063154,2771,2015-01-02,2026-01-08,True,
AMCR,True,11.0,9993493.708769398,2771,2015-01-02,2026-01-08,True,
GME,True,11.0,9919604.849873692,2771,2015-01-02,2026-01-08,True,
BBBY,True,11.0,9808333.126279708,2188,2015-01-02,2026-01-08,True,
GM,True,11.0,9735221.481414651,2771,2015-01-02,2026-01-08,True,
TOST,True,11.0,9692977.70867052,2595,2015-01-02,2026-01-08,True,
EL,True,11.0,9670893.575604474,2771,2015-01-02,2026-01-08,True,
XLK,True,11.0,9667651.178635873,2771,2015-01-02,2026-01-08,True,
ASML,True,11.0,9645553.90797546,2771,2015-01-02,2026-01-08,True,
CSX,True,11.0,9614827.483219054,2771,2015-01-02,2026-01-08,True,
XLY,True,10.5,9420683.516824195,2645,2015-07-06,2026-01-08,True,
MAR,True,11.0,9365060.209671598,2771,2015-01-02,2026-01-08,True,
PCG,True,11.0,9012991.817394445,2771,2015-01-02,2026-01-08,True,
FCX,True,11.0,8939895.101046553,2771,2015-01-02,2026-01-08,True,
PYPL,True,11.0,8715596.969325153,2771,2015-01-02,2026-01-08,True,
CLSK,True,11.0,8647043.285559567,2770,2015-01-02,2026-01-08,True,
WY,True,11.0,8577654.452183327,2771,2015-01-02,2026-01-08,True,
C,True,11.0,8410114.147239264,2771,2015-01-02,2026-01-08,True,
HBAN,True,11.0,8404303.786358716,2771,2015-01-02,2026-01-08,True,
LYFT,True,10.3,8351281.966252909,2578,2015-10-08,2026-01-08,True,
BP,True,11.0,8308695.107903284,2771,2015-01-02,2026-01-08,True,
HPE,True,11.0,8260057.420064959,2771,2015-01-02,2026-01-08,True,
SBUX,True,11.0,8237468.827138217,2771,2015-01-02,2026-01-08,True,
DKNG,True,11.0,8199084.780584627,2771,2015-01-02,2026-01-08,True,
XLB,True,11.0,8184377.526885601,2771,2015-01-02,2026-01-08,True,
HUT,True,11.0,8178312.318918918,2664,2015-01-02,2026-01-08,True,
LUMN,True,11.0,8160678.247203176,2771,2015-01-02,2026-01-08,True,
KMI,True,11.0,8143926.252977264,2771,2015-01-02,2026-01-08,True,
META,True,11.0,8137185.059695669,2563,2015-01-02,2026-01-08,True,
ET,True,11.0,7862095.091302779,2771,2015-01-02,2026-01-08,True,
ADSK,True,11.0,7851879.666185493,2771,2015-01-02,2026-01-08,True,
ILMN,True,10.2,7814653.391287437,2571,2015-10-19,2026-01-08,True,
TT,True,11.0,7746527.637315049,2771,2015-01-02,2026-01-08,True,
TNA,True,11.0,7723083.666546373,2771,2015-01-02,2026-01-08,True,
MRK,True,11.0,7604022.800433056,2771,2015-01-02,2026-01-08,True,
M,True,11.0,7551054.962829304,2771,2015-01-02,2026-01-08,True,
SLB,True,11.0,7547714.411764706,2771,2015-01-02,2026-01-08,True,
LI,True,11.0,7496163.7105738,2771,2015-01-02,2026-01-08,True,
ORCL,True,9.3,7469899.375375375,2331,2016-09-30,2026-01-08,True,
XPEV,True,11.0,7468626.334897149,2771,2015-01-02,2026-01-08,True,
JD,True,11.0,7294656.565138939,2771,2015-01-02,2026-01-08,True,
OXY,True,11.0,7245117.282208589,2771,2015-01-02,2026-01-08,True,
TREX,True,11.0,7237343.30927463,2771,2015-01-02,2026-01-08,True,
EMN,True,11.0,7205860.381811621,2771,2015-01-02,2026-01-08,True,
TJX,True,11.0,7130562.754962107,2771,2015-01-02,2026-01-08,True,
UAL,True,11.0,7120847.836881992,2771,2015-01-02,2026-01-08,True,
MPC,True,11.0,6989007.1959581375,2771,2015-01-02,2026-01-08,True,
RKLB,True,11.0,6945892.942234124,2614,2015-01-02,2026-01-08,True,
PH,True,11.0,6874612.871165644,2771,2015-01-02,2026-01-08,True,
CVE,True,11.0,6744268.281847709,2771,2015-01-02,2026-01-08,True,
RL,True,11.0,6707413.658967881,2771,2015-01-02,2026-01-08,True,
PGR,True,11.0,6624711.328040418,2771,2015-01-02,2026-01-08,True,
DIS,True,11.0,6606034.9119451465,2771,2015-01-02,2026-01-08,True,
ACHR,True,11.0,6576270.478444958,2598,2015-01-02,2026-01-08,True,
OLLI,True,11.0,6556987.250811981,2771,2015-01-02,2026-01-08,True,
DDOG,True,10.5,6508008.869943289,2645,2015-07-06,2026-01-08,True,
ABT,True,11.0,6487417.66402021,2771,2015-01-02,2026-01-08,True,
ALLY,True,11.0,6420431.961024901,2771,2015-01-02,2026-01-08,True,
SCHW,True,11.0,6390224.9090581015,2771,2015-01-02,2026-01-08,True,
JNJ,True,11.0,6378438.012269938,2771,2015-01-02,2026-01-08,True,
AMC,True,11.0,6373017.048069289,2771,2015-01-02,2026-01-08,True,
CRL,True,11.0,6331281.988451823,2771,2015-01-02,2026-01-08,True,
AGNC,True,11.0,6315633.314687839,2771,2015-01-02,2026-01-08,True,
PINS,True,11.0,6294169.328040418,2771,2015-01-02,2026-01-08,True,
NTRA,True,11.0,6281006.728256947,2771,2015-01-02,2026-01-08,True,
ZM,True,11.0,6273731.859617467,2771,2015-01-02,2026-01-08,True,
BX,True,11.0,6272898.156983038,2771,2015-01-02,2026-01-08,True,
TEVA,True,11.0,6231347.104655359,2771,2015-01-02,2026-01-08,True,
NEE,True,11.0,6154514.774810538,2771,2015-01-02,2026-01-08,True,
COP,True,11.0,6123361.296643811,2771,2015-01-02,2026-01-08,True,
O,True,11.0,6106480.88812703,2771,2015-01-02,2026-01-08,True,
REXR,True,11.0,6094057.069289065,2771,2015-01-02,2026-01-08,True,
DE,True,11.0,6070100.132082281,2771,2015-01-02,2026-01-08,True,
AEE,True,11.0,6028975.642006496,2771,2015-01-02,2026-01-08,True,
DAL,True,10.1,6017998.798816568,2535,2015-12-09,2026-01-08,True,
AMAT,True,11.0,5854451.632623602,2771,2015-01-02,2026-01-08,True,
DHR,True,10.5,5840792.208695652,2645,2015-07-06,2026-01-08,True,
BMY,True,11.0,5832360.247203176,2771,2015-01-02,2026-01-08,True,
MSTR,True,11.0,5816021.241429087,2771,2015-01-02,2026-01-08,True,
HAL,True,11.0,5789629.95380729,2771,2015-01-02,2026-01-08,True,
KDP,True,11.0,5774557.469505594,2771,2015-01-02,2026-01-08,True,
UNP,True,11.0,5715754.137495489,2771,2015-01-02,2026-01-08,True,
COIN,True,11.0,5697571.608792021,2707,2015-01-02,2026-01-08,True,
CARR,True,11.0,5675358.228076506,2771,2015-01-02,2026-01-08,True,
XLRE,True,11.0,5674992.029231325,2771,2015-01-02,2026-01-08,True,
EXPE,True,11.0,5672619.205701913,2771,2015-01-02,2026-01-08,True,
MO,True,11.0,5669613.595092025,2771,2015-01-02,2026-01-08,True,
APO,True,11.0,5654601.371346084,2771,2015-01-02,2026-01-08,True,
USB,True,11.0,5645649.760375315,2771,2015-01-02,2026-01-08,True,
PDD,True,11.0,5628585.716708769,2771,2015-01-02,2026-01-08,True,
JOBY,True,11.0,5619244.391006097,2624,2015-01-02,2026-01-08,True,
AIZ,True,11.0,5549432.7329483945,2771,2015-01-02,2026-01-08,True,
QUBT,True,11.0,5546320.290578888,2643,2015-01-02,2026-01-08,True,
NOC,True,11.0,5523660.402742692,2771,2015-01-02,2026-01-08,True,
CDNS,True,11.0,5523340.149043666,2771,2015-01-02,2026-01-08,True,
EQT,True,11.0,5495677.597257308,2771,2015-01-02,2026-01-08,True,
RF,True,11.0,5454753.576326236,2771,2015-01-02,2026-01-08,True,
HIMS,True,11.0,5450683.925108538,2764,2015-01-02,2026-01-08,True,
GILD,True,11.0,5406667.270660412,2771,2015-01-02,2026-01-08,True,
BIDU,True,11.0,5389881.377120174,2771,2015-01-02,2026-01-08,True,
LOW,True,11.0,5340744.61205341,2771,2015-01-02,2026-01-08,True,
SQQQ,True,11.0,5296980.089691808,2771,2015-01-02,2026-01-08,True,
BBY,True,11.0,5288640.990256225,2771,2015-01-02,2026-01-08,True,
ETR,True,11.0,5238439.632623602,2771,2015-01-02,2026-01-08,True,
AFRM,True,11.0,5226712.855182377,2769,2015-01-02,2026-01-08,True,
XOP,True,11.0,5208988.1241429085,2771,2015-01-02,2026-01-08,True,
TXN,True,11.0,5165598.683507759,2771,2015-01-02,2026-01-08,True,
EW,True,11.0,5148787.648141465,2771,2015-01-02,2026-01-08,True,
SPXL,True,11.0,5114884.760014435,2771,2015-01-02,2026-01-08,True,
CVS,True,11.0,5102973.897149044,2771,2015-01-02,2026-01-08,True,
NDAQ,True,11.0,5096896.212919524,2771,2015-01-02,2026-01-08,True,
VRTX,True,11.0,5079492.066041141,2771,2015-01-02,2026-01-08,True,
KKR,True,11.0,5070181.670155179,2771,2015-01-02,2026-01-08,True,
CCI,True,11.0,5066825.591483219,2771,2015-01-02,2026-01-08,True,
AR,True,11.0,5045201.4341393,2771,2015-01-02,2026-01-08,True,
WIX,True,11.0,4990923.939732948,2771,2015-01-02,2026-01-08,True,
IONQ,True,11.0,4979982.113601237,2588,2015-01-02,2026-01-08,True,
DVA,True,11.0,4958926.788523998,2771,2015-01-02,2026-01-08,True,
HPQ,True,11.0,4828479.627571274,2771,2015-01-02,2026-01-08,True,
UTHR,True,11.0,4792526.968964273,2771,2015-01-02,2026-01-08,True,
PNC,True,11.0,4776208.543125225,2771,2015-01-02,2026-01-08,True,
MGM,True,11.0,4741282.185853482,2771,2015-01-02,2026-01-08,True,
REGN,True,11.0,4733034.681342476,2771,2015-01-02,2026-01-08,True,
ABNB,True,11.0,4716027.455431253,2771,2015-01-02,2026-01-08,True,
U,True,11.0,4713348.809815951,2771,2015-01-02,2026-01-08,True,
VTRS,True,11.0,4702157.48033201,2771,2015-01-02,2026-01-08,True,
VNQ,True,11.0,4694065.452544208,2771,2015-01-02,2026-01-08,True,
BSX,True,11.0,4690286.996752075,2771,2015-01-02,2026-01-08,True,
WOLF,True,10.6,4639374.919628433,2476,2015-06-12,2026-01-08,True,
D,True,11.0,4585526.484662577,2771,2015-01-02,2026-01-08,True,
RCL,True,11.0,4573636.639119452,2771,2015-01-02,2026-01-08,True,
EFX,True,11.0,4542575.166365933,2771,2015-01-02,2026-01-08,True,
AVTR,True,11.0,4542382.451461567,2771,2015-01-02,2026-01-08,True,
DVN,True,11.0,4531998.494767232,2771,2015-01-02,2026-01-08,True,
AES,True,11.0,4491246.429808733,2771,2015-01-02,2026-01-08,True,
LYV,True,11.0,4458923.149043666,2771,2015-01-02,2026-01-08,True,
DD,True,11.0,4452190.410368099,2771,2015-01-02,2026-01-08,True,
BEN,True,11.0,4445317.674846626,2771,2015-01-02,2026-01-08,True,
ADT,True,11.0,4435061.185131721,2771,2015-01-02,2026-01-08,True,
PG,True,11.0,4434760.707686756,2771,2015-01-02,2026-01-08,True,
TER,True,11.0,4423877.133525803,2771,2015-01-02,2026-01-08,True,
RTX,True,11.0,4423810.496932515,2771,2015-01-02,2026-01-08,True,
EXC,True,11.0,4405510.61891014,2771,2015-01-02,2026-01-08,True,
ADI,True,11.0,4404650.646697943,2771,2015-01-02,2026-01-08,True,
BKR,True,11.0,4383551.948394082,2771,2015-01-02,2026-01-08,True,
DOW,True,11.0,4380276.347167088,2771,2015-01-02,2026-01-08,True,
VICI,True,11.0,4346725.734391917,2771,2015-01-02,2026-01-08,True,
AG,True,11.0,4336536.038253338,2771,2015-01-02,2026-01-08,True,
TPR,True,11.0,4319125.461927102,2771,2015-01-02,2026-01-08,True,
LUV,True,11.0,4312192.686394803,2771,2015-01-02,2026-01-08,True,
CROX,True,11.0,4311016.0894983765,2771,2015-01-02,2026-01-08,True,
CNP,True,11.0,4307312.900757849,2771,2015-01-02,2026-01-08,True,
THC,True,11.0,4300845.30927463,2771,2015-01-02,2026-01-08,True,
BE,True,10.3,4295563.505042668,2578,2015-10-08,2026-01-08,True,
STM,True,11.0,4210663.344640924,2771,2015-01-02,2026-01-08,True,
APA,True,11.0,4192685.351858535,2771,2015-01-02,2026-01-08,True,
SU,True,11.0,4190473.590761458,2771,2015-01-02,2026-01-08,True,
NSC,True,11.0,4175974.6048358,2771,2015-01-02,2026-01-08,True,
ICE,True,11.0,4170237.176470589,2771,2015-01-02,2026-01-08,True,
HST,True,11.0,4164909.277156261,2771,2015-01-02,2026-01-08,True,
EAT,True,11.0,4136625.5694695055,2771,2015-01-02,2026-01-08,True,
KSS,True,11.0,4136329.271743053,2771,2015-01-02,2026-01-08,True,
DTE,True,11.0,4135836.443522194,2771,2015-01-02,2026-01-08,True,
OSCR,True,9.3,4106776.926829268,2296,2016-09-30,2026-01-08,True,
CHWY,True,11.0,4098187.820281487,2771,2015-01-02,2026-01-08,True,
ORLY,True,11.0,4090048.530855287,2771,2015-01-02,2026-01-08,True,
ON,True,11.0,4061397.961024901,2771,2015-01-02,2026-01-08,True,
LVS,True,11.0,4020037.647058824,2771,2015-01-02,2026-01-08,True,
IYR,True,10.1,4018149.413017752,2535,2015-12-09,2026-01-08,True,
MDT,True,11.0,4008371.537351137,2771,2015-01-02,2026-01-08,True,
DUK,True,11.0,3986526.967520751,2771,2015-01-02,2026-01-08,True,
V,True,11.0,3906597.296643811,2771,2015-01-02,2026-01-08,True,
IBM,True,11.0,3906546.878368098,2771,2015-01-02,2026-01-08,True,
TSCO,True,11.0,3889339.38794659,2771,2015-01-02,2026-01-08,True,
HWM,True,11.0,3862642.722482858,2771,2015-01-02,2026-01-08,True,
STLA,True,11.0,3857534.5137382494,2766,2015-01-02,2026-01-08,True,
KR,True,11.0,3811963.813063876,2771,2015-01-02,2026-01-08,True,
AEO,True,11.0,3792044.4160952726,2771,2015-01-02,2026-01-08,True,
ONON,True,9.3,3762420.425925926,2160,2016-09-30,2026-01-08,True,
IBKR,True,11.0,3734349.023818116,2771,2015-01-02,2026-01-08,True,
WMB,True,10.6,3713745.9714285713,2660,2015-06-12,2026-01-08,True,
AA,True,11.0,3691109.015878744,2771,2015-01-02,2026-01-08,True,
VFC,True,10.5,3671326.4718844974,2632,2015-07-23,2026-01-08,True,
WTFC,True,11.0,3645482.9689642726,2771,2015-01-02,2026-01-08,True,
YOU,True,11.0,3620120.379193366,2653,2015-01-02,2026-01-08,True,
CTRA,True,10.6,3619434.911351785,2493,2015-06-12,2026-01-08,True,
TRGP,True,11.0,3618681.2764345,2771,2015-01-02,2026-01-08,True,
AGG,True,11.0,3606047.474557921,2771,2015-01-02,2026-01-08,True,
SO,True,11.0,3596587.012269939,2771,2015-01-02,2026-01-08,True,
YETI,True,11.0,3574904.421508481,2771,2015-01-02,2026-01-08,True,
SYK,True,11.0,3558397.0108264163,2771,2015-01-02,2026-01-08,True,
GLW,True,11.0,3539371.382533381,2771,2015-01-02,2026-01-08,True,
LULU,True,11.0,3534691.383616023,2771,2015-01-02,2026-01-08,True,
USO,True,11.0,3528478.521111512,2771,2015-01-02,2026-01-08,True,
SHW,True,11.0,3524747.519307109,2771,2015-01-02,2026-01-08,True,
XYL,True,11.0,3468689.8325514253,2771,2015-01-02,2026-01-08,True,
STZ,True,11.0,3463661.676290148,2771,2015-01-02,2026-01-08,True,
FTNT,True,11.0,3458808.531577048,2771,2015-01-02,2026-01-08,True,
ENPH,True,11.0,3453630.782028149,2771,2015-01-02,2026-01-08,True,
W,True,11.0,3421764.629736557,2771,2015-01-02,2026-01-08,True,
LCID,True,11.0,3416476.6439681337,2636,2015-01-02,2026-01-08,True,
EXAS,True,11.0,3410811.733670155,2771,2015-01-02,2026-01-08,True,
VLO,True,11.0,3409439.961746662,2771,2015-01-02,2026-01-08,True,
WELL,True,11.0,3398493.238181162,2771,2015-01-02,2026-01-08,True,
BBWI,True,11.0,3344731.7433460075,2630,2015-01-02,2026-01-08,True,
CELH,True,11.0,3342442.2713821726,2771,2015-01-02,2026-01-08,True,
DIA,True,11.0,3335880.753879466,2771,2015-01-02,2026-01-08,True,
SYF,True,11.0,3335367.8754962105,2771,2015-01-02,2026-01-08,True,
CPB,True,11.0,3294737.57235655,2771,2015-01-02,2026-01-08,True,
CNQ,True,11.0,3283813.2038975097,2771,2015-01-02,2026-01-08,True,
VRSK,True,11.0,3260640.155900397,2771,2015-01-02,2026-01-08,True,
IP,True,11.0,3198741.015156983,2771,2015-01-02,2026-01-08,True,
NI,True,11.0,3181839.5146156624,2771,2015-01-02,2026-01-08,True,
HON,True,11.0,3178762.688560087,2771,2015-01-02,2026-01-08,True,
NVAX,True,11.0,3144123.8075812277,2770,2015-01-02,2026-01-08,True,
WYNN,True,11.0,3136130.593648502,2771,2015-01-02,2026-01-08,True,
GIS,True,11.0,3134634.436304583,2771,2015-01-02,2026-01-08,True,
CIVI,True,11.0,3108758.90335152,2566,2015-01-02,2026-01-08,True,
SRE,True,11.0,3097231.8357993504,2771,2015-01-02,2026-01-08,True,
MIDD,True,11.0,3095024.839408156,2771,2015-01-02,2026-01-08,True,
BRO,True,11.0,3090504.494406352,2771,2015-01-02,2026-01-08,True,
CFG,True,11.0,3061187.4998195595,2771,2015-01-02,2026-01-08,True,
VST,True,11.0,3060586.785636954,2771,2015-01-02,2026-01-08,True,
CAG,True,10.5,3048630.820445115,2651,2015-06-25,2026-01-08,True,
SSNC,True,11.0,3046762.6192710213,2771,2015-01-02,2026-01-08,True,
EPD,True,11.0,3039438.769036449,2771,2015-01-02,2026-01-08,True,
KIM,True,11.0,3016483.1909058103,2771,2015-01-02,2026-01-08,True,
CTSH,True,11.0,3012242.115842656,2771,2015-01-02,2026-01-08,True,
ASAN,True,11.0,3006291.7430530493,2771,2015-01-02,2026-01-08,True,
EOSE,True,11.0,2984993.107903284,2771,2015-01-02,2026-01-08,True,
MTCH,True,11.0,2965430.3410321185,2771,2015-01-02,2026-01-08,True,
COMP,True,11.0,2963272.784530387,2715,2015-01-02,2026-01-08,True,
NTAP,True,11.0,2923810.848069289,2771,2015-01-02,2026-01-08,True,
DHI,True,11.0,2891535.57921328,2771,2015-01-02,2026-01-08,True,
CL,True,11.0,2890956.7571273907,2771,2015-01-02,2026-01-08,True,
LYB,True,10.3,2878323.794414275,2578,2015-10-08,2026-01-08,True,
ARE,True,11.0,2872867.467701191,2771,2015-01-02,2026-01-08,True,
NTRS,True,11.0,2868952.696138578,2771,2015-01-02,2026-01-08,True,
DLTR,True,11.0,2864798.041862144,2771,2015-01-02,2026-01-08,True,
CSGP,True,11.0,2862090.3280404187,2771,2015-01-02,2026-01-08,True,
CFLT,True,11.0,2861390.129469326,2657,2015-01-02,2026-01-08,True,
DPZ,True,11.0,2855969.992060628,2771,2015-01-02,2026-01-08,True,
FR,True,11.0,2847227.4633706245,2771,2015-01-02,2026-01-08,True,
XRAY,True,11.0,2841085.492601949,2771,2015-01-02,2026-01-08,True,
EXEL,True,11.0,2833898.385420426,2771,2015-01-02,2026-01-08,True,
TOL,True,11.0,2833142.338866835,2771,2015-01-02,2026-01-08,True,
AMP,True,11.0,2821742.406351498,2771,2015-01-02,2026-01-08,True,
DECK,True,11.0,2796478.556477806,2771,2015-01-02,2026-01-08,True,
WDC,True,10.6,2795464.6958646616,2660,2015-06-12,2026-01-08,True,
LMND,True,11.0,2763981.69722122,2771,2015-01-02,2026-01-08,True,
DASH,True,10.1,2760607.3672583825,2535,2015-12-09,2026-01-08,True,
WSC,True,11.0,2749023.542764345,2771,2015-01-02,2026-01-08,True,
DG,True,11.0,2745151.615301335,2771,2015-01-02,2026-01-08,True,
GPN,True,11.0,2729814.517863587,2771,2015-01-02,2026-01-08,True,
LLY,True,11.0,2716132.987730061,2771,2015-01-02,2026-01-08,True,
OMC,True,9.3,2707212.289575289,2331,2016-09-30,2026-01-08,True,
PLD,True,11.0,2697819.525802959,2771,2015-01-02,2026-01-08,True,
DLR,True,11.0,2688095.569469505,2771,2015-01-02,2026-01-08,True,
COF,True,11.0,2683931.260916637,2771,2015-01-02,2026-01-08,True,
ARDX,True,11.0,2682524.0743997293,2957,2015-01-02,2026-01-08,True,
UHS,True,11.0,2675945.9036448933,2771,2015-01-02,2026-01-08,True,
TEAM,True,11.0,2665543.5983399493,2771,2015-01-02,2026-01-08,True,
FANG,True,11.0,2661445.7477444964,2771,2015-01-02,2026-01-08,True,
RRC,True,11.0,2657108.3832551427,2771,2015-01-02,2026-01-08,True,
RS,True,11.0,2654201.255503428,2771,2015-01-02,2026-01-08,True,
IBB,True,11.0,2642128.9469505595,2771,2015-01-02,2026-01-08,True,
PLAY,True,11.0,2636372.3951642006,2771,2015-01-02,2026-01-08,True,
DOCU,True,11.0,2635258.1688920967,2771,2015-01-02,2026-01-08,True,
CORT,True,11.0,2625437.885239986,2771,2015-01-02,2026-01-08,True,
FOX,True,11.0,2615920.8581739445,2771,2015-01-02,2026-01-08,True,
CCJ,True,11.0,2610624.797906893,2771,2015-01-02,2026-01-08,True,
MA,True,11.0,2610016.422230242,2771,2015-01-02,2026-01-08,True,
HIG,True,11.0,2587391.1753879464,2771,2015-01-02,2026-01-08,True,
OKTA,True,11.0,2572992.0516059184,2771,2015-01-02,2026-01-08,True,
ETSY,True,11.0,2550105.9545290507,2771,2015-01-02,2026-01-08,True,
NCNO,True,11.0,2545659.3738722485,2771,2015-01-02,2026-01-08,True,
LEN,True,11.0,2544591.8302829303,2771,2015-01-02,2026-01-08,True,
WSM,True,11.0,2541307.574521833,2771,2015-01-02,2026-01-08,True,
IVZ,True,11.0,2540557.3146878383,2771,2015-01-02,2026-01-08,True,
ROL,True,11.0,2539659.306748466,2771,2015-01-02,2026-01-08,True,
TWLO,True,11.0,2527958.360158788,2771,2015-01-02,2026-01-08,True,
ALB,True,11.0,2520552.1335258028,2771,2015-01-02,2026-01-08,True,
HUBS,True,11.0,2520318.317574883,2771,2015-01-02,2026-01-08,True,
ROST,True,11.0,2519778.4240346444,2771,2015-01-02,2026-01-08,True,
IR,True,11.0,2510131.3966077226,2771,2015-01-02,2026-01-08,True,
WU,True,11.0,2501098.9149579834,2975,2015-01-02,2026-01-08,True,
CZR,True,11.0,2493224.8542042584,2771,2015-01-02,2026-01-08,True,
MOS,True,11.0,2490861.8267773367,2771,2015-01-02,2026-01-08,True,
PHM,True,11.0,2489710.382894262,2771,2015-01-02,2026-01-08,True,
HRB,True,11.0,2480353.5983399493,2771,2015-01-02,2026-01-08,True,
MTB,True,11.0,2464163.758210032,2771,2015-01-02,2026-01-08,True,
FMC,True,11.0,2455827.856008661,2771,2015-01-02,2026-01-08,True,
ED,True,11.0,2453959.36196319,2771,2015-01-02,2026-01-08,True,
DOCS,True,11.0,2445526.097854723,2657,2015-01-02,2026-01-08,True,
AXSM,True,11.0,2428047.546734031,2771,2015-01-02,2026-01-08,True,
ARRY,True,11.0,2424832.397329484,2771,2015-01-02,2026-01-08,True,
CRSP,True,11.0,2424238.1967509026,2770,2015-01-02,2026-01-08,True,
BWA,True,11.0,2418898.719956694,2771,2015-01-02,2026-01-08,True,
APTV,True,11.0,2416745.76975821,2771,2015-01-02,2026-01-08,True,
TMO,True,11.0,2414964.0018044026,2771,2015-01-02,2026-01-08,True,
AQN,True,11.0,2390253.1259473115,2771,2015-01-02,2026-01-08,True,
EOG,True,11.0,2388768.482858174,2771,2015-01-02,2026-01-08,True,
CAT,True,11.0,2372885.586070011,2771,2015-01-02,2026-01-08,True,
HRL,True,11.0,2369310.098159509,2771,2015-01-02,2026-01-08,True,
LSCC,True,11.0,2361375.2266329844,2771,2015-01-02,2026-01-08,True,
ETN,True,11.0,2349262.452183327,2771,2015-01-02,2026-01-08,True,
PSX,True,11.0,2339381.2713821726,2771,2015-01-02,2026-01-08,True,
HSY,True,11.0,2336343.3821725007,2771,2015-01-02,2026-01-08,True,
DLO,True,11.0,2302907.228667665,2672,2015-01-02,2026-01-08,True,
PSA,True,11.0,2299536.964633706,2771,2015-01-02,2026-01-08,True,
CAH,True,11.0,2298782.1266690725,2771,2015-01-02,2026-01-08,True,
ZTS,True,11.0,2291906.491880188,2771,2015-01-02,2026-01-08,True,
AGI,True,11.0,2285157.0425839047,2771,2015-01-02,2026-01-08,True,
KLAC,True,11.0,2277972.02634428,2771,2015-01-02,2026-01-08,True,
BK,True,11.0,2273615.236376759,2771,2015-01-02,2026-01-08,True,
HLT,True,11.0,2270502.939372068,2771,2015-01-02,2026-01-08,True,
DOCN,True,11.0,2258597.1131936787,2721,2015-01-02,2026-01-08,True,
OKE,True,11.0,2249008.976903645,2771,2015-01-02,2026-01-08,True,
ACGL,True,11.0,2244742.001443522,2771,2015-01-02,2026-01-08,True,
ARMK,True,11.0,2244728.0732587515,2771,2015-01-02,2026-01-08,True,
DKS,True,11.0,2220029.9563334538,2771,2015-01-02,2026-01-08,True,
SYY,True,11.0,2217378.738361602,2771,2015-01-02,2026-01-08,True,
AAOI,True,11.0,2204104.089498376,2771,2015-01-02,2026-01-08,True,
ECL,True,11.0,2193106.307470227,2771,2015-01-02,2026-01-08,True,
ULTA,True,11.0,2188067.924215085,2771,2015-01-02,2026-01-08,True,
AEP,True,11.0,2163652.739083363,2771,2015-01-02,2026-01-08,True,
BAX,True,11.0,2161478.0404186216,2771,2015-01-02,2026-01-08,True,
AVY,True,11.0,2155020.4373872248,2771,2015-01-02,2026-01-08,True,
CDW,True,11.0,2152290.1519307108,2771,2015-01-02,2026-01-08,True,
NWSA,True,11.0,2134662.748105377,2771,2015-01-02,2026-01-08,True,
AEM,True,11.0,2120132.9989173585,2771,2015-01-02,2026-01-08,True,
FOXA,True,11.0,2119061.145073981,2771,2015-01-02,2026-01-08,True,
HOLX,True,11.0,2117821.024539877,2771,2015-01-02,2026-01-08,True,
LKQ,True,11.0,2109721.825694695,2771,2015-01-02,2026-01-08,True,
ALSN,True,11.0,2096712.9335979791,2771,2015-01-02,2026-01-08,True,
TRV,True,11.0,2085094.8704438831,2771,2015-01-02,2026-01-08,True,
GL,True,11.0,2077609.003969686,2771,2015-01-02,2026-01-08,True,
STX,True,11.0,2077294.0433056655,2771,2015-01-02,2026-01-08,True,
STLD,True,11.0,2066213.5373511368,2771,2015-01-02,2026-01-08,True,
JAZZ,True,11.0,2065323.3994947672,2771,2015-01-02,2026-01-08,True,
AXON,True,11.0,2053136.3723288665,2761,2015-01-02,2026-01-08,True,
INCY,True,11.0,2051147.0285095635,2771,2015-01-02,2026-01-08,True,
SPGI,True,11.0,2046764.817755323,2771,2015-01-02,2026-01-08,True,
MKC,True,11.0,2043224.8325514256,2771,2015-01-02,2026-01-08,True,
AIG,True,11.0,2036659.1887405268,2771,2015-01-02,2026-01-08,True,
PCAR,True,11.0,2025377.264345002,2771,2015-01-02,2026-01-08,True,
YUM,True,11.0,2002765.729339589,2771,2015-01-02,2026-01-08,True,
MMC,True,11.0,2002388.8830747025,2771,2015-01-02,2026-01-08,True,
ABR,True,11.0,1976493.094911584,2771,2015-01-02,2026-01-08,True,
CF,True,10.5,1974638.8704407292,2632,2015-07-23,2026-01-08,True,
TAP,True,11.0,1971847.792132804,2771,2015-01-02,2026-01-08,True,
SPXS,True,11.0,1965852.8478888487,2771,2015-01-02,2026-01-08,True,
COLD,True,11.0,1962926.652472032,2771,2015-01-02,2026-01-08,True,
DRI,True,11.0,1962907.7596535548,2771,2015-01-02,2026-01-08,True,
CBRE,True,11.0,1948824.281486828,2771,2015-01-02,2026-01-08,True,
ARCC,True,11.0,1934599.3450018044,2771,2015-01-02,2026-01-08,True,
HD,True,11.0,1928447.0166005048,2771,2015-01-02,2026-01-08,True,
KEYS,True,11.0,1922075.2594731145,2771,2015-01-02,2026-01-08,True,
TKR,True,11.0,1910142.9465896788,2771,2015-01-02,2026-01-08,True,
NXPI,True,10.1,1907952.67061144,2535,2015-12-09,2026-01-08,True,
XEL,True,11.0,1903557.1494045472,2771,2015-01-02,2026-01-08,True,
APP,True,11.0,1901576.2797487064,2706,2015-01-02,2026-01-08,True,
BF.B,True,11.0,1887259.725730783,2771,2015-01-02,2026-01-08,True,
WAB,True,11.0,1883440.1826055576,2771,2015-01-02,2026-01-08,True,
MSCI,True,11.0,1879096.415734392,2771,2015-01-02,2026-01-08,True,
HMC,True,11.0,1877232.31577048,2771,2015-01-02,2026-01-08,True,
INVH,True,11.0,1872319.057380007,2771,2015-01-02,2026-01-08,True,
ANF,True,11.0,1870227.304583183,2771,2015-01-02,2026-01-08,True,
MSI,True,11.0,1863688.6600505232,2771,2015-01-02,2026-01-08,True,
ONTO,True,9.3,1862672.1244101245,2331,2016-09-30,2026-01-08,True,
STT,True,11.0,1856179.764345002,2771,2015-01-02,2026-01-08,True,
NDSN,True,11.0,1854024.65788524,2771,2015-01-02,2026-01-08,True,
OVV,True,11.0,1849196.1530133523,2771,2015-01-02,2026-01-08,True,
CG,True,11.0,1827825.0404186212,2771,2015-01-02,2026-01-08,True,
URI,True,11.0,1815459.0353662935,2771,2015-01-02,2026-01-08,True,
LITE,True,11.0,1811804.076145796,2771,2015-01-02,2026-01-08,True,
FE,True,11.0,1808110.370985204,2771,2015-01-02,2026-01-08,True,
TSN,True,11.0,1790291.0137134609,2771,2015-01-02,2026-01-08,True,
ZS,True,11.0,1784468.3284012992,2771,2015-01-02,2026-01-08,True,
VTR,True,11.0,1780764.3576326235,2771,2015-01-02,2026-01-08,True,
CMS,True,10.5,1765587.8609422492,2632,2015-07-23,2026-01-08,True,
LDOS,True,11.0,1759952.5492601949,2771,2015-01-02,2026-01-08,True,
APPS,True,11.0,1756465.9007578492,2771,2015-01-02,2026-01-08,True,
GNRC,True,11.0,1754903.9213280403,2771,2015-01-02,2026-01-08,True,
WRB,True,11.0,1750864.760555756,2771,2015-01-02,2026-01-08,True,
ACAD,True,11.0,1750020.4563176895,2770,2015-01-02,2026-01-08,True,
ABM,True,11.0,1739183.0166005052,2771,2015-01-02,2026-01-08,True,
DXCM,True,11.0,1736938.872248286,2771,2015-01-02,2026-01-08,True,
LW,True,11.0,1723494.7325875135,2771,2015-01-02,2026-01-08,True,
ACWX,True,11.0,1723461.7524359438,2771,2015-01-02,2026-01-08,True,
NTR,True,11.0,1715398.2659689642,2771,2015-01-02,2026-01-08,True,
CNX,True,11.0,1701817.4496571636,2771,2015-01-02,2026-01-08,True,
VSCO,True,11.0,1701540.0817490497,2630,2015-01-02,2026-01-08,True,
REAL,True,11.0,1700633.6037531577,2771,2015-01-02,2026-01-08,True,
ALL,True,11.0,1693914.4345001804,2771,2015-01-02,2026-01-08,True,
BILL,True,11.0,1686018.4626488632,2771,2015-01-02,2026-01-08,True,
LNTH,True,11.0,1674532.829664381,2771,2015-01-02,2026-01-08,True,
AEG,True,11.0,1663744.4808914834,2771,2015-01-02,2026-01-08,True,
FNF,True,11.0,1660213.9086972212,2771,2015-01-02,2026-01-08,True,
BLDR,True,11.0,1647836.5286900036,2771,2015-01-02,2026-01-08,True,
PEG,True,11.0,1643014.2071454348,2771,2015-01-02,2026-01-08,True,
EIX,True,11.0,1634305.0581017684,2771,2015-01-02,2026-01-08,True,
REG,True,11.0,1621368.2482858174,2771,2015-01-02,2026-01-08,True,
EVRG,True,11.0,1599436.182966438,2771,2015-01-02,2026-01-08,True,
PTC,True,11.0,1598002.4752796823,2771,2015-01-02,2026-01-08,True,
GLPI,True,11.0,1597457.8166726814,2771,2015-01-02,2026-01-08,True,
STAG,True,11.0,1594887.6156622155,2771,2015-01-02,2026-01-08,True,
CHD,True,11.0,1584643.283291231,2771,2015-01-02,2026-01-08,True,
DVAX,True,11.0,1583957.5001804405,2771,2015-01-02,2026-01-08,True,
IDXX,True,11.0,1574401.0779501984,2771,2015-01-02,2026-01-08,True,
LH,True,11.0,1573215.2208690003,2771,2015-01-02,2026-01-08,True,
AVB,True,11.0,1572678.8621436304,2771,2015-01-02,2026-01-08,True,
VMC,True,11.0,1571964.3937206783,2771,2015-01-02,2026-01-08,True,
AFL,True,11.0,1559714.309635511,2771,2015-01-02,2026-01-08,True,
ROK,True,11.0,1556169.9830386145,2771,2015-01-02,2026-01-08,True,
WAT,True,11.0,1549505.9675207506,2771,2015-01-02,2026-01-08,True,
ALGM,True,11.0,1542245.4290869725,2771,2015-01-02,2026-01-08,True,
SEE,True,11.0,1537788.6373150486,2771,2015-01-02,2026-01-08,True,
TRU,True,10.5,1533917.6515957448,2632,2015-07-23,2026-01-08,True,
SPG,True,11.0,1529460.0162396247,2771,2015-01-02,2026-01-08,True,
WCC,True,11.0,1524960.6798989535,2771,2015-01-02,2026-01-08,True,
NOG,True,11.0,1521067.5839047276,2771,2015-01-02,2026-01-08,True,
LNG,True,11.0,1518413.5279682423,2771,2015-01-02,2026-01-08,True,
GPC,True,11.0,1514575.1154817755,2771,2015-01-02,2026-01-08,True,
ADP,True,10.1,1513040.3120315582,2535,2015-12-09,2026-01-08,True,
MC,True,11.0,1507786.316492241,2771,2015-01-02,2026-01-08,True,
MASI,True,11.0,1504567.8181162036,2771,2015-01-02,2026-01-08,True,
SWKS,True,11.0,1504197.7596535548,2771,2015-01-02,2026-01-08,True,
TWST,True,11.0,1502521.3247924936,2771,2015-01-02,2026-01-08,True,
SM,True,11.0,1502483.423673764,2771,2015-01-02,2026-01-08,True,
ARKG,True,11.0,1486938.7260916636,2771,2015-01-02,2026-01-08,True,
MTG,True,11.0,1486699.330927463,2771,2015-01-02,2026-01-08,True,
AMLP,True,11.0,1486544.59870083,2771,2015-01-02,2026-01-08,True,
PNR,True,11.0,1483970.4622879827,2771,2015-01-02,2026-01-08,True,
APLE,True,11.0,1481774.2316853122,2771,2015-01-02,2026-01-08,True,
ALT,True,11.0,1478633.6835699796,2958,2015-01-02,2026-01-08,True,
MGNI,True,11.0,1474166.612414291,2771,2015-01-02,2026-01-08,True,
CHTR,True,11.0,1464446.1403825334,2771,2015-01-02,2026-01-08,True,
ALNY,True,11.0,1454354.940072202,2770,2015-01-02,2026-01-08,True,
EMR,True,11.0,1454054.3265968964,2771,2015-01-02,2026-01-08,True,
JBHT,True,11.0,1453002.7452183326,2771,2015-01-02,2026-01-08,True,
PKG,True,11.0,1441105.9465896788,2771,2015-01-02,2026-01-08,True,
SBAC,True,11.0,1440141.0324792494,2771,2015-01-02,2026-01-08,True,
SRPT,True,11.0,1434384.6563176897,2770,2015-01-02,2026-01-08,True,
KMX,True,11.0,1430537.8069289066,2771,2015-01-02,2026-01-08,True,
MTDR,True,11.0,1418560.7499097798,2771,2015-01-02,2026-01-08,True,
ESTC,True,10.5,1396179.874620061,2632,2015-07-23,2026-01-08,True,
XPO,True,11.0,1388088.499874666,2771,2015-01-02,2026-01-08,True,
BXP,True,11.0,1385328.1129556117,2771,2015-01-02,2026-01-08,True,
MLM,True,11.0,1382214.4590400578,2771,2015-01-02,2026-01-08,True,
A,True,11.0,1375437.3814507397,2771,2015-01-02,2026-01-08,True,
RJF,True,11.0,1374519.6714182606,2771,2015-01-02,2026-01-08,True,
VNO,True,11.0,1360112.1833273186,2771,2015-01-02,2026-01-08,True,
RH,True,11.0,1350457.0025261638,2771,2015-01-02,2026-01-08,True,
TFX,True,11.0,1346530.9646337065,2771,2015-01-02,2026-01-08,True,
TECH,True,11.0,1344556.0418621437,2771,2015-01-02,2026-01-08,True,
LMT,True,11.0,1330350.700108264,2771,2015-01-02,2026-01-08,True,
CBRL,True,11.0,1327240.9588596174,2771,2015-01-02,2026-01-08,True,
GS,True,11.0,1327054.5813785638,2771,2015-01-02,2026-01-08,True,
ALGN,True,11.0,1315096.6589678817,2771,2015-01-02,2026-01-08,True,
LEG,True,11.0,1315024.915914832,2771,2015-01-02,2026-01-08,True,
AMCX,True,11.0,1314755.4359437027,2771,2015-01-02,2026-01-08,True,
FLO,True,11.0,1302134.809815951,2771,2015-01-02,2026-01-08,True,
COO,True,11.0,1298169.8567304222,2771,2015-01-02,2026-01-08,True,
CPT,True,11.0,1297061.1833273186,2771,2015-01-02,2026-01-08,True,
GTLB,True,11.0,1295710.2171384257,2579,2015-01-02,2026-01-08,True,
CI,True,11.0,1283963.1602309635,2771,2015-01-02,2026-01-08,True,
ITW,True,11.0,1279116.9787080477,2771,2015-01-02,2026-01-08,True,
AWK,True,10.5,1271155.974924012,2632,2015-07-23,2026-01-08,True,
ACHC,True,11.0,1261628.1573439192,2771,2015-01-02,2026-01-08,True,
AMN,True,11.0,1258484.5268856008,2771,2015-01-02,2026-01-08,True,
EQR,True,11.0,1255760.765788524,2771,2015-01-02,2026-01-08,True,
AGIO,True,11.0,1252557.6925297726,2771,2015-01-02,2026-01-08,True,
AMT,True,11.0,1251208.1050162397,2771,2015-01-02,2026-01-08,True,
ZLAB,True,11.0,1251041.8015156982,2771,2015-01-02,2026-01-08,True,
PODD,True,11.0,1240721.869361241,2771,2015-01-02,2026-01-08,True,
APLS,True,11.0,1235872.91447131,2771,2015-01-02,2026-01-08,True,
PZZA,True,11.0,1235404.0054132082,2771,2015-01-02,2026-01-08,True,
ARES,True,11.0,1235232.9018404908,2771,2015-01-02,2026-01-08,True,
CHRW,True,11.0,1233707.5030674846,2771,2015-01-02,2026-01-08,True,
DXC,True,10.5,1226940.72,2650,2015-06-26,2026-01-08,True,
SEIC,True,11.0,1225135.5344640925,2771,2015-01-02,2026-01-08,True,
EA,True,11.0,1224556.7102129196,2771,2015-01-02,2026-01-08,True,
SEDG,True,11.0,1222772.409238542,2771,2015-01-02,2026-01-08,True,
MHK,True,11.0,1215079.9455070372,2771,2015-01-02,2026-01-08,True,
AGCO,True,11.0,1213098.750631541,2771,2015-01-02,2026-01-08,True,
EXPD,True,11.0,1213095.6766510285,2771,2015-01-02,2026-01-08,True,
VRRM,True,11.0,1204525.7029953084,2771,2015-01-02,2026-01-08,True,
LC,True,11.0,1200356.6333453627,2771,2015-01-02,2026-01-08,True,
MGY,True,11.0,1197665.3251533743,2771,2015-01-02,2026-01-08,True,
BROS,True,11.0,1197122.6446153843,2600,2015-01-02,2026-01-08,True,
FFIV,True,11.0,1196342.6412847347,2771,2015-01-02,2026-01-08,True,
AMH,True,11.0,1192655.9505593649,2771,2015-01-02,2026-01-08,True,
ADC,True,11.0,1186425.4186214362,2771,2015-01-02,2026-01-08,True,
ZD,True,11.0,1180789.3368176538,2583,2015-01-02,2026-01-08,True,
RMD,True,11.0,1176643.23673764,2771,2015-01-02,2026-01-08,True,
ALK,True,11.0,1175770.3431974016,2771,2015-01-02,2026-01-08,True,
AROC,True,11.0,1175583.159148322,2771,2015-01-02,2026-01-08,True,
EXR,True,11.0,1175329.4193431975,2771,2015-01-02,2026-01-08,True,
COCO,True,11.0,1175051.8243978245,2574,2015-01-02,2026-01-08,True,
CB,True,11.0,1167299.9729339588,2771,2015-01-02,2026-01-08,True,
LBRDK,True,11.0,1162946.0674846626,2771,2015-01-02,2026-01-08,True,
VEEV,True,11.0,1162903.1346084443,2771,2015-01-02,2026-01-08,True,
LPLA,True,11.0,1161836.718513172,2771,2015-01-02,2026-01-08,True,
HUBB,True,11.0,1159953.02634428,2771,2015-01-02,2026-01-08,True,
CUBE,True,11.0,1156965.4023818115,2771,2015-01-02,2026-01-08,True,
PVH,True,11.0,1143695.6741248646,2771,2015-01-02,2026-01-08,True,
PI,True,11.0,1142994.0826416456,2771,2015-01-02,2026-01-08,True,
LEVI,True,11.0,1135748.5954529052,2771,2015-01-02,2026-01-08,True,
HUM,True,11.0,1087969.3042223025,2771,2015-01-02,2026-01-08,True,
BLMN,True,11.0,1087070.4038253338,2771,2015-01-02,2026-01-08,True,
FOUR,True,11.0,1085822.5965355467,2771,2015-01-02,2026-01-08,True,
HLNE,True,11.0,1084504.3081919884,2771,2015-01-02,2026-01-08,True,
BEAM,True,11.0,1084260.6149404547,2771,2015-01-02,2026-01-08,True,
BMRN,True,11.0,1083970.4193431975,2771,2015-01-02,2026-01-08,True,
CHDN,True,11.0,1082887.7188740526,2771,2015-01-02,2026-01-08,True,
VNOM,True,11.0,1081246.0996030313,2771,2015-01-02,2026-01-08,True,
LNC,True,11.0,1079356.1883796465,2771,2015-01-02,2026-01-08,True,
ALRM,True,11.0,1078553.2594731145,2771,2015-01-02,2026-01-08,True,
COLM,True,11.0,1074987.9707686757,2771,2015-01-02,2026-01-08,True,
URBN,True,11.0,1070890.1970407795,2771,2015-01-02,2026-01-08,True,
ESNT,True,11.0,1067737.7033561892,2771,2015-01-02,2026-01-08,True,
ALDX,True,11.0,1059798.2204980152,2771,2015-01-02,2026-01-08,True,
WEC,True,10.6,1058579.1439849625,2660,2015-06-12,2026-01-08,True,
AL,True,11.0,1056499.2800433056,2771,2015-01-02,2026-01-08,True,
WM,True,10.6,1050284.4864661654,2660,2015-06-12,2026-01-08,True,
FDS,True,11.0,1045018.9906171056,2771,2015-01-02,2026-01-08,True,
WST,True,11.0,1043364.9068928184,2771,2015-01-02,2026-01-08,True,
IFF,True,11.0,1036685.765788524,2771,2015-01-02,2026-01-08,True,
SWK,True,11.0,1023256.0,2771,2015-01-02,2026-01-08,True,
APG,True,11.0,1019856.9245759654,2771,2015-01-02,2026-01-08,True,
AGQ,True,11.0,1018585.9985564778,2771,2015-01-02,2026-01-08,True,
TALO,True,11.0,1016194.5914832192,2771,2015-01-02,2026-01-08,True,
ISRG,True,11.0,1009541.2576687116,2771,2015-01-02,2026-01-08,True,
MAS,True,11.0,1000069.8163118009,2771,2015-01-02,2026-01-08,True,
AMX,True,11.0,998692.8780223746,2771,2015-01-02,2026-01-08,True,
ARGT,True,11.0,998494.2601948756,2771,2015-01-02,2026-01-08,True,
SITM,True,11.0,995553.1872970049,2771,2015-01-02,2026-01-08,True,
AME,True,11.0,993438.4821364128,2771,2015-01-02,2026-01-08,True,
IRM,True,11.0,989088.5268856008,2771,2015-01-02,2026-01-08,True,
ALLE,True,11.0,989043.9119451462,2771,2015-01-02,2026-01-08,True,
EPAM,True,11.0,988804.6416456152,2771,2015-01-02,2026-01-08,True,
LAZ,True,11.0,976878.3962468425,2771,2015-01-02,2026-01-08,True,
MKTX,True,11.0,970127.4817755322,2771,2015-01-02,2026-01-08,True,
FIVE,True,11.0,969516.9570552148,2771,2015-01-02,2026-01-08,True,
TEL,True,11.0,965701.6308191988,2771,2015-01-02,2026-01-08,True,
ABCB,True,10.6,960824.722927558,2678,2015-05-18,2026-01-08,True,
VRSN,True,11.0,958521.9411764706,2771,2015-01-02,2026-01-08,True,
MPWR,True,11.0,956436.5488993144,2771,2015-01-02,2026-01-08,True,
MOH,True,11.0,956262.5943702634,2771,2015-01-02,2026-01-08,True,
BG,True,10.6,955133.8312030076,2660,2015-06-12,2026-01-08,True,
AIV,True,11.0,954879.8036809816,2771,2015-01-02,2026-01-08,True,
RGEN,True,11.0,954874.617827499,2771,2015-01-02,2026-01-08,True,
AGX,True,11.0,952157.319740166,2771,2015-01-02,2026-01-08,True,
AKAM,True,11.0,949836.8610609889,2771,2015-01-02,2026-01-08,True,
NBIX,True,11.0,948053.0606279322,2771,2015-01-02,2026-01-08,True,
CBOE,True,11.0,943541.863226272,2771,2015-01-02,2026-01-08,True,
CNS,True,11.0,943502.0465535908,2771,2015-01-02,2026-01-08,True,
BIIB,True,11.0,940054.7888086644,2770,2015-01-02,2026-01-08,True,
DGX,True,11.0,936622.7257307832,2771,2015-01-02,2026-01-08,True,
PPG,True,11.0,931528.7159870084,2771,2015-01-02,2026-01-08,True,
ALKS,True,11.0,924321.5871526524,2771,2015-01-02,2026-01-08,True,
LOGI,True,11.0,918879.055214724,2771,2015-01-02,2026-01-08,True,
SHAK,True,11.0,916655.4778058464,2771,2015-01-02,2026-01-08,True,
INTU,True,11.0,911752.3417538794,2771,2015-01-02,2026-01-08,True,
TTEK,True,11.0,908249.8505954528,2771,2015-01-02,2026-01-08,True,
AAP,True,11.0,906767.8480692892,2771,2015-01-02,2026-01-08,True,
LNT,True,11.0,902167.2923132444,2771,2015-01-02,2026-01-08,True,
HAS,True,11.0,899262.9581378563,2771,2015-01-02,2026-01-08,True,
ZBRA,True,11.0,894392.4720317575,2771,2015-01-02,2026-01-08,True,
RVLV,True,11.0,885008.3330927463,2771,2015-01-02,2026-01-08,True,
STE,True,11.0,882404.5885961746,2771,2015-01-02,2026-01-08,True,
RNG,True,11.0,878004.163118008,2771,2015-01-02,2026-01-08,True,
ACRE,True,11.0,868373.8906531938,2771,2015-01-02,2026-01-08,True,
DV,True,11.0,867965.3752775722,2702,2015-01-02,2026-01-08,True,
INSM,True,11.0,863482.1248646697,2771,2015-01-02,2026-01-08,True,
HCA,True,11.0,860457.7419704078,2771,2015-01-02,2026-01-08,True,
ARLO,True,11.0,848604.3753157705,2771,2015-01-02,2026-01-08,True,
TM,True,11.0,846642.4067123783,2771,2015-01-02,2026-01-08,True,
BNTX,True,11.0,843376.2093107181,2771,2015-01-02,2026-01-08,True,
HALO,True,11.0,835432.9812342115,2771,2015-01-02,2026-01-08,True,
RHI,True,11.0,830629.9115842656,2771,2015-01-02,2026-01-08,True,
TYL,True,11.0,827692.9642728257,2771,2015-01-02,2026-01-08,True,
PFG,True,11.0,824587.2923132443,2771,2015-01-02,2026-01-08,True,
DOMO,True,11.0,824129.5575604475,2771,2015-01-02,2026-01-08,True,
VCTR,True,11.0,823113.8235294118,2771,2015-01-02,2026-01-08,True,
AKR,True,11.0,803595.465175027,2771,2015-01-02,2026-01-08,True,
AFG,True,11.0,781823.2244677012,2771,2015-01-02,2026-01-08,True,
CE,True,11.0,779660.0342836521,2771,2015-01-02,2026-01-08,True,
APD,True,11.0,774125.3742331289,2771,2015-01-02,2026-01-08,True,
FCEL,True,11.0,770782.313461061,2771,2015-01-02,2026-01-08,True,
TRMB,True,11.0,764141.9732948394,2771,2015-01-02,2026-01-08,True,
AEHR,True,11.0,757775.8451822447,2771,2015-01-02,2026-01-08,True,
HWC,True,11.0,755424.9447852761,2771,2015-01-02,2026-01-08,True,
ACB,True,11.0,751021.7124142909,2771,2015-01-02,2026-01-08,True,
RMBS,True,11.0,745065.2785997834,2771,2015-01-02,2026-01-08,True,
IQV,True,11.0,742627.5442078672,2771,2015-01-02,2026-01-08,True,
AMSC,True,11.0,737026.1158426561,2771,2015-01-02,2026-01-08,True,
IONS,True,11.0,733274.6806207146,2771,2015-01-02,2026-01-08,True,
ACIW,True,11.0,729649.8448213642,2771,2015-01-02,2026-01-08,True,
ALLT,True,11.0,727141.6290147961,2771,2015-01-02,2026-01-08,True,
VIRT,True,11.0,726960.1382172501,2771,2015-01-02,2026-01-08,True,
ACEL,True,11.0,726729.3955250812,2771,2015-01-02,2026-01-08,True,
ATO,True,11.0,725590.3594370263,2771,2015-01-02,2026-01-08,True,
LGIH,True,11.0,725511.7975460123,2771,2015-01-02,2026-01-08,True,
AQST,True,11.0,723341.0003608805,2771,2015-01-02,2026-01-08,True,
AMRX,True,11.0,718811.1602309636,2771,2015-01-02,2026-01-08,True,
WHR,True,10.6,713791.8458646616,2660,2015-06-12,2026-01-08,True,
RARE,True,11.0,712797.2461205341,2771,2015-01-02,2026-01-08,True,
VCYT,True,11.0,708928.847347528,2771,2015-01-02,2026-01-08,True,
J,True,11.0,703288.2897870805,2771,2015-01-02,2026-01-08,True,
EEFT,True,11.0,702723.308552869,2771,2015-01-02,2026-01-08,True,
BRKR,True,11.0,701843.1753879465,2771,2015-01-02,2026-01-08,True,
ARHS,True,11.0,696285.5027301091,2564,2015-01-02,2026-01-08,True,
ANIP,True,11.0,694250.4767232046,2771,2015-01-02,2026-01-08,True,
ARI,True,11.0,693309.6835077589,2771,2015-01-02,2026-01-08,True,
BURL,True,11.0,689950.6088054854,2771,2015-01-02,2026-01-08,True,
WTRG,True,11.0,687748.6957983193,2975,2015-01-02,2026-01-08,True,
MORN,True,11.0,681320.840129917,2771,2015-01-02,2026-01-08,True,
CMI,True,11.0,680568.1829664381,2771,2015-01-02,2026-01-08,True,
GOOS,True,11.0,674681.0321183688,2771,2015-01-02,2026-01-08,True,
ADPT,True,11.0,670789.3388668351,2771,2015-01-02,2026-01-08,True,
BRZE,True,11.0,670110.7166340508,2555,2015-01-02,2026-01-08,True,
AER,True,11.0,663158.6640202093,2771,2015-01-02,2026-01-08,True,
CARS,True,11.0,660026.757849152,2771,2015-01-02,2026-01-08,True,
EWBC,True,10.5,653479.3247831007,2651,2015-06-25,2026-01-08,True,
AEVA,True,11.0,651300.0920821114,2728,2015-01-02,2026-01-08,True,
ARCO,True,11.0,639622.8417366655,2771,2015-01-02,2026-01-08,True,
ALHC,True,11.0,638879.1257815374,2719,2015-01-02,2026-01-08,True,
HSIC,True,11.0,630814.2919523638,2771,2015-01-02,2026-01-08,True,
ALC,True,11.0,627211.0866113317,2771,2015-01-02,2026-01-08,True,
ADNT,True,11.0,620295.0111872971,2771,2015-01-02,2026-01-08,True,
BOOT,True,11.0,614988.7257307831,2771,2015-01-02,2026-01-08,True,
ARVN,True,11.0,613341.6387585709,2771,2015-01-02,2026-01-08,True,
PCTY,True,11.0,607338.6647419704,2771,2015-01-02,2026-01-08,True,
QGEN,True,11.0,601330.9637503428,2771,2015-01-02,2026-01-08,True,
NOVT,True,11.0,597508.8376037532,2771,2015-01-02,2026-01-08,True,
AHCO,True,11.0,593674.0530494406,2771,2015-01-02,2026-01-08,True,
QLYS,True,11.0,587603.3247924937,2771,2015-01-02,2026-01-08,True,
CAKE,True,11.0,573921.4470588235,2975,2015-01-02,2026-01-08,True,
MAA,True,11.0,571620.4142908697,2771,2015-01-02,2026-01-08,True,
CDNA,True,11.0,569936.9566943342,2771,2015-01-02,2026-01-08,True,
FRT,True,11.0,569244.457235655,2771,2015-01-02,2026-01-08,True,
SMPL,True,11.0,566120.7914110429,2771,2015-01-02,2026-01-08,True,
BWXT,True,11.0,557170.5525081198,2771,2015-01-02,2026-01-08,True,
TMHC,True,11.0,552716.3223529411,2975,2015-01-02,2026-01-08,True,
WING,True,10.6,539325.4030075188,2660,2015-06-12,2026-01-08,True,
LEGN,True,11.0,538243.6571634789,2771,2015-01-02,2026-01-08,True,
GTLS,True,11.0,533254.2739083363,2771,2015-01-02,2026-01-08,True,
ALGT,True,11.0,530293.2374594009,2771,2015-01-02,2026-01-08,True,
ACM,True,11.0,528655.7271743054,2771,2015-01-02,2026-01-08,True,
CRUS,True,11.0,528500.3648502346,2771,2015-01-02,2026-01-08,True,
AMG,True,11.0,521859.661854926,2771,2015-01-02,2026-01-08,True,
MANH,True,11.0,504133.7744496572,2771,2015-01-02,2026-01-08,True,
ARCT,True,11.0,491121.3121616745,2771,2015-01-02,2026-01-08,True,
APPN,True,11.0,484976.6362324071,2771,2015-01-02,2026-01-08,True,
ALV,True,11.0,481950.378924576,2771,2015-01-02,2026-01-08,True,
AIA,True,11.0,481497.0288704439,2771,2015-01-02,2026-01-08,True,
MKSI,True,11.0,479465.9086972212,2771,2015-01-02,2026-01-08,True,
ANGI,True,11.0,477350.3477444965,2771,2015-01-02,2026-01-08,True,
AIQ,True,11.0,477085.6398412125,2771,2015-01-02,2026-01-08,True,
OTEX,True,11.0,476753.4695055937,2771,2015-01-02,2026-01-08,True,
APAM,True,11.0,472623.4446048358,2771,2015-01-02,2026-01-08,True,
IT,True,11.0,460331.152652472,2771,2015-01-02,2026-01-08,True,
AMBA,True,11.0,453824.34969325154,2771,2015-01-02,2026-01-08,True,
AMPH,True,11.0,437270.1674485745,2771,2015-01-02,2026-01-08,True,
DUOL,True,11.0,436081.0698557327,2634,2015-01-02,2026-01-08,True,
EVR,True,11.0,433496.4258390473,2771,2015-01-02,2026-01-08,True,
TDY,True,11.0,429808.565138939,2771,2015-01-02,2026-01-08,True,
ESS,True,11.0,429586.6113316493,2771,2015-01-02,2026-01-08,True,
ADTN,True,11.0,427719.8538433778,2771,2015-01-02,2026-01-08,True,
AOR,True,11.0,427284.0400577409,2771,2015-01-02,2026-01-08,True,
AGRO,True,11.0,425440.821725009,2771,2015-01-02,2026-01-08,True,
AIR,True,11.0,425172.0750631541,2771,2015-01-02,2026-01-08,True,
IMO,True,11.0,424129.3597979069,2771,2015-01-02,2026-01-08,True,
AQMS,True,11.0,417886.2072789606,2771,2015-01-02,2026-01-08,True,
BJRI,True,11.0,405515.9151930711,2771,2015-01-02,2026-01-08,True,
ITRI,True,11.0,403543.6264886323,2771,2015-01-02,2026-01-08,True,
NMIH,True,11.0,388572.8455431253,2771,2015-01-02,2026-01-08,True,
ARCB,True,11.0,373158.7051605919,2771,2015-01-02,2026-01-08,True,
AIP,True,11.0,369794.7155642024,2570,2015-01-02,2026-01-08,True,
SNEX,True,11.0,368614.67800433055,2771,2015-01-02,2026-01-08,True,
BR,True,11.0,356961.4492962829,2771,2015-01-02,2026-01-08,True,
AMRC,True,11.0,352191.48899314326,2771,2015-01-02,2026-01-08,True,
AAON,True,11.0,340933.6705882353,2975,2015-01-02,2026-01-08,True,
OLED,True,11.0,340056.46950559365,2771,2015-01-02,2026-01-08,True,
GIII,True,11.0,339285.8949837604,2771,2015-01-02,2026-01-08,True,
CWST,True,11.0,324127.3554673403,2771,2015-01-02,2026-01-08,True,
ALEX,True,11.0,317028.6665463732,2771,2015-01-02,2026-01-08,True,
ANAB,True,11.0,313401.9559725731,2771,2015-01-02,2026-01-08,True,
TFII,True,11.0,305442.29916997475,2771,2015-01-02,2026-01-08,True,
POOL,True,11.0,293174.22952002886,2771,2015-01-02,2026-01-08,True,
SAIC,True,11.0,292543.5095798319,2975,2015-01-02,2026-01-08,True,
HII,True,11.0,283592.8964272826,2771,2015-01-02,2026-01-08,True,
AHH,True,11.0,271328.10754240345,2771,2015-01-02,2026-01-08,True,
ALKT,True,10.4,262234.0655737705,2562,2015-07-31,2026-01-08,True,
EGP,True,11.0,248424.69325153372,2771,2015-01-02,2026-01-08,True,
AIRR,True,11.0,243637.8007939372,2771,2015-01-02,2026-01-08,True,
AIN,True,11.0,235933.54240346447,2771,2015-01-02,2026-01-08,True,
AAT,True,11.0,222715.20028870445,2771,2015-01-02,2026-01-08,True,
AEIS,True,11.0,168534.62360158787,2771,2015-01-02,2026-01-08,True,
