symbol,date,next_day_return,next_day_up
TSLA,2015-10-09,-0.023154721971044956,0
TSLA,2016-08-30,0.003170288138355737,1
TSLA,2016-11-03,0.01675382136299608,1
TSLA,2016-12-02,0.029371246552803765,1
TSLA,2017-03-10,0.010176830680722393,1
TSLA,2017-09-25,0.0007536733698372267,1
TSLA,2018-03-19,-0.00959942757640797,0
TSLA,2018-07-06,0.031110407612896296,1
TSLA,2018-08-31,-0.04213355721254075,0
TSLA,2018-10-08,0.04885057241581614,1
TSLA,2018-12-20,0.013919750202525005,1
TSLA,2019-05-13,0.02334699863237777,1
TSLA,2019-05-21,-0.06022036210467108,0
TSLA,2019-11-01,0.013277626893232641,1
TSLA,2020-02-28,0.11322034293215233,1
TSLA,2020-03-17,-0.1603440409986845,0
TSLA,2021-03-08,0.1964120760817838,1
TSLA,2022-08-22,0.0225584954757323,1
TSLA,2022-08-31,0.005623955563764049,1
TSLA,2022-10-11,0.003418039229395209,1
TSLA,2022-12-22,-0.017550833466474902,0
TSLA,2023-04-10,0.012357047570192181,1
TSLA,2023-08-17,-0.017014851321818125,0
TSLA,2024-01-04,-0.001849229589212631,0
TSLA,2024-04-18,-0.0192088959161848,0
TSLA,2024-10-23,0.21919035070290427,1
TSLA,2024-11-01,-0.024660613282231236,0
NVDA,2015-08-21,-0.03539850104059816,0
NVDA,2015-11-13,0.02013415361183646,1
NVDA,2016-03-09,-0.0015757552226625116,0
NVDA,2016-10-07,0.0037398249111311177,1
NVDA,2017-01-17,0.018198111144431595,1
NVDA,2017-09-25,0.005613983999711136,1
NVDA,2018-04-24,-0.020524599054992487,0
NVDA,2018-10-10,-0.04298091447166952,0
NVDA,2019-05-29,-0.00763304694632605,0
NVDA,2022-01-24,-0.044839941105319414,0
NVDA,2022-04-11,-0.018843808644705917,0
NVDA,2022-07-01,0.030365612087368765,1
NVDA,2022-09-01,-0.020807988640368924,0
NVDA,2022-10-12,0.03999997675090983,1
NVDA,2022-12-20,0.025862640967275086,1
NVDA,2023-09-12,0.013706294729531221,1
NVDA,2024-12-18,0.013730272168768431,1
SPY,2015-01-15,0.013114585485736407,1
SPY,2015-07-27,0.012283218038498855,1
SPY,2015-08-24,-0.011767705476599666,0
SPY,2015-09-28,0.0005845238543626952,1
SPY,2016-06-15,0.0029843501591537702,1
SPY,2018-10-24,0.01794042918429528,1
SPY,2018-11-14,0.010436756827223004,1
SPY,2018-12-19,-0.016277965655027482,0
SPY,2019-03-08,0.014501130510174542,1
SPY,2019-08-02,-0.03007317683806987,0
SPY,2020-02-26,-0.044912208077008686,0
SPY,2020-10-19,0.004005836969759757,1
SPY,2021-09-10,0.0025593290387160295,1
SPY,2022-01-10,0.009108042007646144,1
SPY,2022-06-14,0.014256265230312648,1
SPY,2022-07-14,0.01910505581696431,1
SPY,2022-09-26,-0.002552864634355001,0
SPY,2022-10-11,-0.0032986079072266916,0
SPY,2022-12-07,0.007833906769598054,1
SPY,2023-10-23,0.007539339972638226,1
SPY,2024-04-18,-0.008728378454451402,0
QQQ,2015-01-15,0.011741215644787806,1
QQQ,2015-07-27,0.008622161650334803,1
QQQ,2015-08-24,-0.003757614788736041,0
QQQ,2015-11-13,0.014384661913777519,1
QQQ,2016-01-06,-0.03131362503920121,0
QQQ,2016-02-08,-0.003105296611986108,0
QQQ,2016-10-31,-0.00752238786870385,0
QQQ,2018-03-19,0.0032916300663148323,1
QQQ,2019-05-29,0.004203823890355229,1
QQQ,2019-08-02,-0.03533494538619297,0
QQQ,2020-10-19,0.002149480058502018,1
QQQ,2021-02-22,-0.002977392183643346,0
QQQ,2021-09-14,0.007434990233089911,1
QQQ,2022-02-23,0.03360464737361091,1
QQQ,2022-09-26,0.0004010108697440895,1
QQQ,2022-10-11,-0.0003427714398379633,0
QQQ,2022-12-20,0.014506224280653512,1
QQQ,2024-01-04,0.0011861295255932713,1
QQQ,2024-11-15,0.006947594558483816,1
AAPL,2015-07-09,0.02673438444871601,1
AAPL,2015-07-27,0.0049685282288742805,1
AAPL,2015-08-04,0.006629517151842457,1
AAPL,2015-08-24,0.006012229271110225,1
AAPL,2015-11-13,0.016378880861315226,1
AAPL,2016-04-27,-0.03056636383974587,0
AAPL,2016-08-30,0.000943604542673171,1
AAPL,2016-10-21,0.009005312361718643,1
AAPL,2016-11-01,0.0008972139440446281,1
AAPL,2017-04-11,0.0012001946840276556,1
AAPL,2017-11-15,0.01194731332605925,1
AAPL,2018-03-22,-0.023156709245822138,0
AAPL,2018-04-24,0.004357230365009235,1
AAPL,2018-11-14,0.024678796188551733,1
AAPL,2019-05-29,0.005186499039113501,1
AAPL,2021-06-01,0.00627621112248633,1
AAPL,2022-01-24,-0.011384768128933964,0
AAPL,2022-02-23,0.016680082104227445,1
AAPL,2022-11-04,0.003902468399408221,1
AAPL,2022-12-20,0.023809364922429133,1
AAPL,2023-08-07,0.005311409431441039,1
AAPL,2023-10-19,-0.01470415017782456,0
AAPL,2024-01-05,0.024174925453073204,1
AAPL,2024-01-30,-0.01935764435685594,0
AAPL,2024-02-16,-0.004114016200731818,0
AAPL,2024-03-05,-0.005878049197329482,0
AAPL,2024-04-19,0.005090833962959396,1
MSFT,2015-01-15,0.016710726766308914,1
MSFT,2015-03-31,0.001475588098685865,1
MSFT,2015-06-08,-0.0017499341578343097,0
MSFT,2015-08-25,0.0553495989164996,1
MSFT,2016-02-05,-0.014952667431042621,0
MSFT,2016-06-13,-0.006182660929263339,0
MSFT,2017-04-13,0.008160183617271999,1
MSFT,2017-08-01,-0.0044091713813344535,0
MSFT,2018-08-21,0.010190497400003995,1
MSFT,2021-05-04,-0.00532699040057083,0
MSFT,2021-09-07,9.9894169022674e-05,1
MSFT,2022-01-05,-0.007902049911335474,0
MSFT,2022-02-23,0.05109344123924098,1
MSFT,2022-08-22,-0.004716368613906563,0
MSFT,2022-09-01,-0.016666484158293193,0
MSFT,2022-09-21,0.008495473792847541,1
MSFT,2023-02-22,0.012961700273484533,1
MSFT,2023-09-21,-0.007886539200461895,0
MSFT,2024-03-28,0.009150881899966823,1
MSFT,2024-08-05,0.011286948441826095,1
MSFT,2024-10-07,0.012623989981139339,1
MSTR,2015-05-26,0.01458422469514864,1
MSTR,2016-02-08,-0.019612896826959436,0
MSTR,2016-06-13,-0.0044010698022856065,0
MSTR,2016-08-04,0.011125331095859892,1
MSTR,2016-09-19,0.01400313304526657,1
MSTR,2017-04-06,-0.0037604360259667624,0
MSTR,2017-09-20,-0.006304830090320457,0
MSTR,2018-03-16,-0.006906466738616834,0
MSTR,2018-06-25,0.00660143177055228,1
MSTR,2018-10-10,0.0006313426360229357,1
MSTR,2018-11-14,0.015703431539868085,1
MSTR,2019-07-11,0.0018730973988123623,1
MSTR,2020-01-27,0.010313573034134826,1
MSTR,2020-05-04,0.01906375323106957,1
MSTR,2021-07-16,-0.04658847517846865,0
MSTR,2022-01-10,0.05106335824752661,1
MSTR,2022-01-24,-0.014576788433553145,0
MSTR,2022-02-23,0.08747228823951247,1
MSTR,2022-08-19,-0.05268548628966763,0
MSTR,2022-08-31,-0.04594926053998327,0
MSTR,2022-09-19,-0.04655678723323364,0
MSTR,2022-12-21,-0.015341830272860846,0
MSTR,2023-03-07,0.00553060250511761,1
MSTR,2023-08-07,0.050320939870940995,1
MSTR,2023-09-21,-0.009967514352497653,0
MSTR,2024-01-11,-0.09446451982218951,0
MSTR,2024-04-17,0.01692691032993876,1
MSTR,2024-07-05,0.0069125987514107035,1
AMZN,2015-08-24,0.006474291072001703,1
AMZN,2015-09-28,-0.015851283863707377,0
AMZN,2016-01-06,-0.03905794191457823,0
AMZN,2016-03-09,-0.0009651463197276611,0
AMZN,2016-12-02,0.0256909057332686,1
AMZN,2017-08-21,0.014276873008747692,1
AMZN,2018-10-08,0.003164503350325587,1
AMZN,2018-11-14,0.012776650897123432,1
AMZN,2019-05-10,-0.035608819608768605,0
AMZN,2019-07-31,-0.006138892274227259,0
AMZN,2019-11-11,0.003584284648149527,1
AMZN,2019-12-05,0.006389039145533015,1
AMZN,2020-05-28,0.017187950901155657,1
AMZN,2020-07-17,0.07929519957328535,1
AMZN,2021-10-01,-0.028471678341373097,0
AMZN,2021-12-14,0.024977573145925636,1
AMZN,2022-01-10,0.024002125643924677,1
AMZN,2022-04-11,-0.002213363562407644,0
AMZN,2022-06-13,-0.013118555361940287,0
AMZN,2022-10-11,0.006149206372302096,1
AMZN,2022-11-01,-0.048248766657425834,0
AMZN,2023-02-09,-0.006412838631079665,0
AMZN,2023-09-20,-0.04405345369833069,0
AMZN,2024-04-18,-0.02561096030926935,0
AMZN,2024-05-24,0.007745471073219212,1
AMZN,2024-10-01,-0.0019986515757441925,0
META,2015-01-15,0.015259861593346802,1
META,2016-02-08,-0.002105018317148377,0
META,2016-12-22,-0.0011073148482014794,0
META,2017-12-26,0.009261831618395888,1
META,2018-01-16,-0.004428559874362081,0
META,2019-02-15,-0.001292488099635003,0
META,2019-05-10,-0.03610488268827683,0
META,2019-07-19,0.019963600576162754,1
META,2020-01-27,0.013589636984682185,1
META,2020-02-25,0.0021851363252383127,1
META,2021-04-14,0.01651130970218806,1
META,2021-07-19,0.013978456279292617,1
META,2022-02-23,0.0461075924864891,1
META,2022-04-11,-0.010718210160482466,0
META,2022-08-22,-0.011898106962998756,0
META,2022-09-16,0.011825846602937728,1
META,2023-04-21,-0.0004696440138792779,0
META,2023-12-05,-0.0026387957722110444,0
META,2024-07-17,0.030000661162818076,1
META,2024-08-28,0.0027864327536464284,1
AVGO,2015-06-29,0.006968900543185663,1
AVGO,2015-08-24,-0.013007332495483914,0
AVGO,2015-09-22,0.0067356032138543576,1
AVGO,2016-01-06,-0.03181049173895922,0
AVGO,2016-02-11,0.04599770252282731,1
AVGO,2016-09-09,0.02301286083328402,1
AVGO,2017-09-25,0.007473111057451742,1
AVGO,2018-04-24,0.0026706881085789558,1
AVGO,2018-06-29,-0.002431697206412342,0
AVGO,2018-08-14,-0.0034730941767414647,0
AVGO,2018-12-20,0.0124852028318434,1
AVGO,2019-05-08,0.0022082997836525564,1
AVGO,2019-05-29,0.009837908506121984,1
AVGO,2019-08-05,-0.004558050248830825,0
AVGO,2020-01-09,-0.022986962238109254,0
AVGO,2020-10-19,0.0032465781019006545,1
AVGO,2021-07-19,0.006270542677218716,1
AVGO,2022-01-19,-0.02881367182254535,0
AVGO,2022-05-24,0.014173873864453679,1
AVGO,2022-07-01,-0.0032227733594822894,0
AVGO,2022-09-01,0.016686560085435564,1
AVGO,2022-09-23,-0.013697885809434207,0
AVGO,2022-10-12,0.017186588557616567,1
AVGO,2022-12-07,0.024262445989934767,1
AVGO,2023-06-22,-0.024073392401356974,0
AVGO,2023-09-21,0.0256320058238384,1
AVGO,2024-01-03,-0.009040381821624366,0
AVGO,2024-06-25,0.0070916530857136895,1
AVGO,2024-11-14,-0.03251560102264717,0
PLTR,2021-02-17,-0.0705317523188056,0
PLTR,2021-02-26,0.03807530803082382,1
PLTR,2021-04-20,0.039026558646633625,1
PLTR,2021-05-03,-0.02959640672611552,0
PLTR,2021-07-16,0.007955080468777576,1
PLTR,2021-09-30,0.01206318623687741,1
PLTR,2021-11-22,-0.0029055431985840485,0
PLTR,2022-01-10,0.023636326645359862,1
PLTR,2022-01-27,0.03501631225782953,1
PLTR,2022-02-23,0.13422814741774625,1
PLTR,2022-04-11,-0.015797773434098383,0
PLTR,2022-05-11,0.09388973336204298,1
PLTR,2022-07-14,0.01573037632847374,1
PLTR,2022-08-22,-0.007434878340932816,0
PLTR,2022-09-01,-0.012015978438046915,0
PLTR,2022-11-07,0.02706553529012723,1
PLTR,2022-12-20,0.030110944365042913,1
PLTR,2023-02-23,-0.009791912234882627,0
PLTR,2023-06-23,-0.006414836372119481,0
PLTR,2023-08-08,-0.10504699644095927,0
PLTR,2024-04-03,-0.00969168340568094,0
PLTR,2024-04-18,-0.031235204620243096,0
PLTR,2024-08-28,0.021080348378854197,1
IWM,2015-08-24,-0.0076896072306334995,0
IWM,2015-09-24,-0.013161572661025467,0
IWM,2016-10-17,0.005736183535597572,1
IWM,2016-12-02,0.01718856614984099,1
IWM,2017-03-08,-0.003973009115113002,0
IWM,2017-10-17,0.004771115996661912,1
IWM,2018-04-25,0.00460457235651246,1
IWM,2018-10-10,-0.019097843325022068,0
IWM,2018-10-23,-0.03765004687870166,0
IWM,2018-11-14,0.014251978290591216,1
IWM,2018-12-11,0.009550818377430659,1
IWM,2018-12-19,-0.01649253694188868,0
IWM,2019-03-08,0.017475815505243686,1
IWM,2019-09-23,-0.015094141069336375,0
IWM,2020-01-24,-0.011366943829189236,0
IWM,2020-02-27,-0.018314470319528375,0
IWM,2021-01-29,0.024566937338230455,1
IWM,2021-06-18,0.021383756039043078,1
IWM,2021-07-19,0.031030052883543213,1
IWM,2021-08-18,-0.011980558505714112,0
IWM,2021-09-10,0.00568558063403013,1
IWM,2021-11-23,0.001080757094493956,1
IWM,2022-04-11,0.00315463773129232,1
IWM,2022-06-14,0.014641605150671033,1
IWM,2022-07-14,0.02081845367421309,1
IWM,2022-09-01,-0.007768493190535408,0
IWM,2022-09-26,0.0034110873671187036,1
IWM,2023-06-23,0.000996766198562371,1
IWM,2023-09-21,-0.0022591148750579215,0
IWM,2024-01-04,-0.0029409045011118407,0
IWM,2024-04-18,0.001555782381043036,1
IWM,2024-10-23,0.0021894263189148333,1
GOOGL,2015-06-30,0.006036583899036163,1
GOOGL,2016-08-24,-0.002898138285171936,0
GOOGL,2016-11-04,0.026795599521240332,1
GOOGL,2017-02-01,0.003704345586043045,1
GOOGL,2017-03-24,0.004035249524587892,1
GOOGL,2017-04-10,-0.0021623624903854832,0
GOOGL,2017-12-04,0.007639255859690053,1
GOOGL,2017-12-26,-0.005300837817830972,0
GOOGL,2018-03-22,-0.025257636092322455,0
GOOGL,2018-06-27,0.00880980745579718,1
GOOGL,2018-09-06,-0.00540538540152502,0
GOOGL,2018-10-10,-0.001300130090431284,0
GOOGL,2019-03-28,0.003941061326549589,1
GOOGL,2019-05-13,-0.010320243877332547,0
GOOGL,2019-08-02,-0.03474833413845746,0
GOOGL,2019-10-02,0.009771492104292623,1
GOOGL,2019-11-22,0.009252708709142743,1
GOOGL,2022-04-11,-0.008608452961978541,0
GOOGL,2022-07-01,0.04161863923247733,1
GOOGL,2022-10-11,0.003910202271671492,1
GOOGL,2022-12-08,-0.009390805148339898,0
GOOGL,2023-02-23,-0.019363916630496636,0
AMD,2015-07-10,0.0,0
AMD,2016-01-06,-0.09163347408261802,0
AMD,2016-01-20,0.16111109418633496,1
AMD,2017-01-17,0.006110022554106864,1
AMD,2017-06-15,-0.005217427792756468,0
AMD,2017-06-29,-0.009523875841295881,0
AMD,2018-03-28,0.024464807426332502,1
AMD,2018-09-21,0.05125725754752364,1
AMD,2018-10-08,0.02947848502017636,1
AMD,2019-06-17,0.042808218059586345,1
AMD,2020-02-26,-0.07327865306249337,0
AMD,2020-12-22,-0.017282101192170662,0
AMD,2021-05-03,0.0007638135743193164,1
AMD,2021-07-16,0.008033559742805174,1
AMD,2021-09-13,0.008874048455098649,1
AMD,2022-01-24,-0.04634001186343695,0
AMD,2022-06-09,-0.040283433542492975,0
AMD,2022-07-01,0.02076827497386624,1
AMD,2022-09-01,-0.025385690766459024,0
AMD,2022-09-26,0.013122097694449941,1
AMD,2022-12-07,0.004704902109015308,1
AMD,2023-02-22,0.040986808048976364,1
AMD,2023-04-17,-0.0010014906479857144,0
AMD,2023-06-22,-0.006233015637157835,0
AMD,2023-09-12,0.022789873530702165,1
AMD,2024-05-13,0.01726890373057932,1
AMD,2024-07-17,-0.022956711857619605,0
AMD,2024-11-14,-0.02837800738497276,0
AMD,2024-12-19,0.0027759239458191587,1
GOOG,2015-06-30,0.0025551417381903807,1
GOOG,2015-07-24,0.005933594772273176,1
GOOG,2015-12-11,0.012045350064182614,1
GOOG,2016-02-09,0.008863113803786904,1
GOOG,2016-08-24,-0.00029891953521554715,0
GOOG,2016-11-04,0.026901943553075958,1
GOOG,2017-02-01,0.0035628951164901057,1
GOOG,2017-03-24,0.006237406126981204,1
GOOG,2017-12-04,0.006478684700932602,1
GOOG,2017-12-26,-0.006974428550095224,0
GOOG,2018-03-22,-0.02622306427440868,0
GOOG,2018-06-27,0.009275491238699862,1
GOOG,2018-09-06,-0.005642652399646342,0
GOOG,2018-10-10,-0.0017573246862636616,0
GOOG,2019-03-28,0.00412502169999418,1
GOOG,2019-08-02,-0.034899783131315476,0
GOOG,2019-10-02,0.009518657370666705,1
GOOG,2019-11-22,0.008762340603932328,1
GOOG,2021-11-26,0.023164380550360297,1
GOOG,2022-04-11,-0.010955325566678331,0
GOOG,2022-07-01,0.04405895837018181,1
GOOG,2022-12-07,-0.012611625589785236,0
GOOG,2023-02-23,-0.018886690743574297,0
TLT,2016-04-22,-0.004129153799831697,0
TLT,2016-10-06,0.0006725875217175048,1
TLT,2016-11-11,-0.005981519992582118,0
TLT,2017-02-15,0.005464084492397658,1
TLT,2017-07-03,0.0002410273465351942,1
TLT,2018-01-10,0.004119276151598017,1
TLT,2019-01-10,0.0039015849376187184,1
TLT,2019-09-13,0.012743560016376776,1
TLT,2020-06-05,0.0038437661606220974,1
TLT,2020-08-13,-0.003906808218609559,0
TLT,2020-08-28,0.006641319004767388,1
TLT,2020-10-21,-0.010397406023098466,0
TLT,2020-12-18,0.003966081589920956,1
TLT,2021-01-08,-0.0016523528398311171,0
TLT,2021-02-24,-0.016330561690353962,0
TLT,2021-08-11,-0.0016378637746624625,0
TLT,2021-11-16,0.007925270523697625,1
TLT,2022-04-08,-0.015824697870994275,0
TLT,2022-10-10,0.004425272515639511,1
TLT,2023-05-18,-0.007071497459948173,0
TLT,2023-08-16,-0.004262403586351438,0
TLT,2024-03-13,-0.015356951711746003,0
TLT,2024-07-24,0.008194662541768372,1
TLT,2024-08-30,0.016355296056241198,1
TLT,2024-09-23,-0.0002028597907162144,0
TLT,2024-12-13,0.002994979349728366,1
TQQQ,2015-01-15,0.035627662305076635,1
TQQQ,2015-07-27,0.026363727005958237,1
TQQQ,2015-08-24,-0.01320518142165128,0
TQQQ,2015-11-13,0.04169382933046961,1
TQQQ,2016-01-06,-0.09512742926300399,0
TQQQ,2016-02-08,-0.011610187629666147,0
TQQQ,2016-04-28,-0.015938820119221098,0
TQQQ,2016-10-31,-0.020544572427745877,0
TQQQ,2017-12-26,0.0,0
TQQQ,2018-03-19,0.007349356744444258,1
TQQQ,2018-11-14,0.053515139704678916,1
TQQQ,2019-05-29,0.011891071884844617,1
TQQQ,2019-08-02,-0.10499027013361106,0
TQQQ,2021-02-22,-0.008893650759354665,0
TQQQ,2021-09-14,0.022157478844266,1
TQQQ,2022-02-23,0.09791747140974016,1
TQQQ,2022-09-26,0.0009513026919021339,1
TQQQ,2022-10-12,0.06685086889332159,1
TQQQ,2022-12-20,0.043430279087945944,1
TQQQ,2024-01-04,0.003710853155655558,1
TQQQ,2024-11-15,0.02019651341402695,1
NFLX,2015-03-09,-0.02371923117543029,0
NFLX,2015-08-24,0.047894376038282394,1
NFLX,2015-09-03,-0.022461927341265286,0
NFLX,2016-01-26,-0.06828173584517938,0
NFLX,2016-04-29,0.03421077441148768,1
NFLX,2016-10-12,0.007336678957084786,1
NFLX,2016-11-04,0.0208965101209595,1
NFLX,2016-11-14,0.0018521703912646181,1
NFLX,2017-10-23,0.018444409363578496,1
NFLX,2018-04-24,-0.004103949321258016,0
NFLX,2018-08-16,-0.017553653202084907,0
NFLX,2018-10-08,0.018934382726578658,1
NFLX,2018-11-23,0.010084216052591577,1
NFLX,2019-05-10,-0.043707043845245264,0
NFLX,2019-06-14,0.032054888164119166,1
NFLX,2019-07-17,-0.10272043996372227,0
NFLX,2019-08-02,-0.035128405490493675,0
NFLX,2019-09-24,0.03990733187851703,1
NFLX,2019-12-05,0.014825375508877192,1
NFLX,2020-02-25,0.05318117624974006,1
NFLX,2020-05-22,-0.03389075848430734,0
NFLX,2020-09-09,-0.03902516293818703,0
NFLX,2020-10-22,0.006285685399849861,1
NFLX,2021-08-12,0.010181713503619294,1
NFLX,2021-12-03,0.017537736600331977,1
NFLX,2022-01-06,-0.022104133536815063,0
NFLX,2022-01-26,0.0750624647376481,1
NFLX,2022-03-07,-0.02426775153084515,0
NFLX,2022-04-11,-0.01120687925858066,0
NFLX,2022-04-26,-0.04969758333930985,0
NFLX,2022-11-02,-0.014432201858693872,0
NFLX,2023-02-23,-0.020083469555676525,0
NFLX,2023-04-11,-0.021229370000266146,0
NFLX,2023-09-18,0.004563902419963073,1
NFLX,2023-12-01,-0.025421949784156794,0
NFLX,2024-07-29,-0.006986087331111279,0
NFLX,2024-10-17,0.11087036453117594,1
LLY,2015-08-04,0.008090492893474188,1
LLY,2015-11-09,0.015216645202847934,1
LLY,2016-02-12,0.028903871734233588,1
LLY,2016-10-17,0.00305584368625178,1
LLY,2016-11-01,-0.004521855442000344,0
LLY,2017-10-27,-0.014428840970072354,0
LLY,2018-01-24,0.008422401092543108,1
LLY,2018-03-23,0.018994416341051146,1
LLY,2018-06-26,-0.0051695788551210375,0
LLY,2020-02-12,-0.006794129986894548,0
LLY,2020-02-28,0.05319908002164819,1
LLY,2020-05-01,-0.002278307635150467,0
LLY,2020-05-22,-0.02116978481358911,0
LLY,2020-10-16,-0.022721284908155948,0
LLY,2022-01-05,-0.005064384035632252,0
LLY,2022-01-25,-0.006681716447601738,0
LLY,2022-04-18,-0.00605720413620392,0
LLY,2022-08-04,-0.014617985425403601,0
LLY,2022-09-21,0.048535854094360564,1
LLY,2023-01-23,0.012214788353924977,1
LLY,2023-10-23,0.027365048970461103,1
LLY,2024-11-05,-0.036821168916997826,0
LLY,2024-11-18,0.003479044977462875,1
TSM,2015-02-23,0.03385648975306599,1
TSM,2015-06-03,-0.028740306245482516,0
TSM,2015-08-17,-0.01232726618667257,0
TSM,2015-12-11,0.0018034626527592135,1
TSM,2016-01-06,-0.011246707989771898,0
TSM,2018-04-23,0.0,0
TSM,2018-10-10,-0.010419674830435932,0
TSM,2019-03-08,0.011517912744762215,1
TSM,2019-04-30,0.0,0
TSM,2019-08-05,0.03486340905348362,1
TSM,2020-12-14,0.01477403410386402,1
TSM,2021-05-03,-0.005002469224170247,0
TSM,2021-08-16,-0.030707505036316474,0
TSM,2021-09-20,0.002266659831797968,1
TSM,2021-12-14,0.03534251299009705,1
TSM,2022-02-23,-0.03468506438989394,0
TSM,2022-04-11,-0.0013321928103570135,0
TSM,2022-07-01,-0.011558707176163252,0
TSM,2022-09-26,0.000273521650714148,1
TSM,2022-12-20,0.020100402642335036,1
TSM,2023-02-22,0.03742932918227293,1
TSM,2023-07-20,-0.006233389766315711,0
TSM,2023-09-21,0.0032802004061323053,1
TSM,2024-04-18,-0.0345505509174715,0
HYG,2015-06-29,0.004752536208863178,1
HYG,2015-07-23,-0.002856771897195798,0
HYG,2015-08-24,0.0020059020200267064,1
HYG,2015-09-24,-0.005088632281177841,0
HYG,2015-11-10,-0.0023807045703149177,0
HYG,2015-12-08,0.005181208318588926,1
HYG,2016-02-10,-0.0067005763977614485,0
HYG,2016-03-28,0.00382837778609435,1
HYG,2016-05-09,0.008496575531572237,1
HYG,2016-10-31,-0.003900826646485167,0
HYG,2017-03-10,0.0008111484890098719,1
HYG,2018-04-24,0.00011686809648980834,1
HYG,2018-06-29,0.0009558586063764807,1
HYG,2018-10-08,0.0015273603404626357,1
HYG,2018-11-14,-0.00023903806597780353,0
HYG,2018-12-20,-0.004960712450762128,0
HYG,2019-03-08,0.0032904613669886285,1
HYG,2019-09-27,0.0011486882812787869,1
HYG,2020-10-19,0.0035571283558533118,1
HYG,2021-11-23,-0.00023239652359896557,0
HYG,2022-01-03,-0.0025295754470066045,0
HYG,2022-01-20,0.00011723700318433394,1
HYG,2022-04-11,0.007654715980701443,1
HYG,2022-09-26,-0.00210415806992037,0
HYG,2022-12-20,0.008510004079253841,1
HYG,2023-06-23,0.0005391199271618241,1
HYG,2023-08-16,-0.00416925299315507,0
HYG,2023-10-16,-0.004675191234269516,0
HYG,2024-01-04,0.0007829113545341215,1
HYG,2024-04-16,0.0013214196735300554,1
SMCI,2015-07-09,0.0015497668975812395,1
SMCI,2015-08-24,0.000407136597823321,1
SMCI,2015-11-19,-0.0034072126289547144,0
SMCI,2016-01-08,-0.020036496714904817,0
SMCI,2016-02-11,0.00572012080409956,1
SMCI,2016-11-04,0.03628125391958004,1
SMCI,2017-04-05,0.010183338551673637,1
SMCI,2017-08-21,0.01138518842442049,1
SMCI,2017-09-18,-0.00943395377648304,0
SMCI,2017-10-11,0.002227222581649535,1
SMCI,2017-10-30,0.002518889267302482,1
SMCI,2018-03-27,0.003012045380823114,1
SMCI,2018-06-19,0.0,0
SMCI,2019-05-13,0.013231563586021622,1
SMCI,2019-08-05,0.07909254762889728,1
SMCI,2020-01-08,0.005635028992093005,1
SMCI,2021-06-18,0.019556307632609293,1
SMCI,2022-01-27,0.03426066410322681,1
SMCI,2022-04-05,-0.028846158254781318,0
SMCI,2022-05-24,0.02781875082529517,1
SMCI,2022-06-14,0.017018524948176683,1
SMCI,2022-07-05,0.002821276378992321,1
SMCI,2022-09-22,-0.014024766845642689,0
SMCI,2023-04-25,0.017259889642461168,1
SMCI,2023-12-06,0.010772659117453509,1
SMCI,2024-03-20,0.08381763665200248,1
SMCI,2024-06-03,0.0013237260720670996,1
SMCI,2024-07-19,-0.013178079686466893,0
SMCI,2024-11-14,0.031649066495298195,1
SMCI,2024-12-16,0.010765568933487568,1
LQD,2016-10-05,8.17376137922654e-05,1
LQD,2016-10-28,0.0009095885840102458,1
LQD,2016-11-11,-0.005166599681690198,0
LQD,2017-02-15,0.0028176544920082147,1
LQD,2018-04-24,-0.003128221968811462,0
LQD,2018-12-26,0.0,0
LQD,2019-04-17,0.0008436011190120496,1
LQD,2019-09-13,0.005052946809468661,1
LQD,2020-08-13,-0.00441133889748635,0
LQD,2020-10-21,-0.0022290382783484164,0
LQD,2021-01-08,-0.004272205090711023,0
LQD,2021-03-08,0.00754604196533859,1
LQD,2021-09-29,-0.0026243748363745656,0
LQD,2021-10-21,0.004021883050899566,1
LQD,2021-11-16,0.0040226216025209816,1
LQD,2022-04-11,0.000689095731937206,1
LQD,2022-06-14,0.01564057272787034,1
LQD,2022-10-11,-0.0011850323589002176,0
LQD,2023-05-18,-0.001218027579641734,0
LQD,2023-08-16,-0.0026924447465270784,0
LQD,2024-01-04,-0.0035762094336142525,0
LQD,2024-07-24,0.003997074789784616,1
LQD,2024-08-30,0.003023300602585266,1
LQD,2024-10-23,0.0030209744811722228,1
LQD,2024-12-13,0.0012877468445451346,1
BA,2015-02-27,0.019556119534395622,1
BA,2015-04-17,0.02052109649062306,1
BA,2015-04-28,-0.009220022467332556,0
BA,2015-08-25,0.030679696627842423,1
BA,2015-09-24,0.009710880294554247,1
BA,2015-11-11,-0.016897721952129685,0
BA,2016-02-11,0.0017520329295133141,1
BA,2016-03-29,-0.017573583221224265,0
BA,2016-11-02,-0.005186419233335626,0
BA,2018-05-02,0.020049787323635604,1
BA,2018-06-18,-0.03839435405380498,0
BA,2018-10-10,-0.02547140302519113,0
BA,2018-10-23,0.013140858170362257,1
BA,2018-11-15,-0.016453531015381828,0
BA,2019-03-08,-0.05332041169098012,0
BA,2019-05-02,0.0017561415477196363,1
BA,2019-07-26,-0.013883958058310109,0
BA,2019-12-04,-0.009058554994415768,0
BA,2020-02-20,-0.01754488497056461,0
BA,2020-03-20,0.11167245944420001,1
BA,2020-04-02,0.010140342614102904,1
BA,2020-12-22,0.00415944632592935,1
BA,2021-01-27,0.01649227938140685,1
BA,2021-03-24,0.033230215539638674,1
BA,2021-04-20,0.00794668302893542,1
BA,2021-07-16,-0.04937080797647675,0
BA,2021-08-18,-0.031232859990368178,0
BA,2021-10-18,-0.004654781669846564,0
BA,2021-10-27,0.006001672181893181,1
BA,2021-12-15,-0.023742514268760173,0
BA,2022-01-24,-0.000489671137222869,0
BA,2022-04-11,0.007141632912745388,1
BA,2022-04-26,-0.07531122532264845,0
BA,2022-05-11,-0.048303578556937676,0
BA,2023-01-20,0.015525279547059956,1
BA,2023-07-18,-0.01403791235943841,0
BA,2023-09-07,-0.02212450225308149,0
BA,2023-09-21,-0.011202752030823104,0
BA,2024-02-23,-0.0014440499042859267,0
BA,2024-03-14,0.007618023347000902,1
BA,2024-04-05,-0.008627289703616703,0
BA,2024-06-13,-0.018981697474868775,0
BA,2024-08-07,0.034489031086556876,1
UNH,2015-03-26,0.015139796384002535,1
UNH,2015-07-22,-0.010612871855496309,0
UNH,2015-08-25,0.03164203278020694,1
UNH,2016-10-28,0.006982145719809818,1
UNH,2017-03-22,-0.010417155592657101,0
UNH,2018-04-24,0.002903129179027575,1
UNH,2018-11-15,0.023288342675835683,1
UNH,2018-12-20,-0.016911427012420432,0
UNH,2019-07-24,-0.009676190939590601,0
UNH,2019-09-27,0.009569917144838236,1
UNH,2019-12-03,0.00873947720034396,1
UNH,2020-02-26,-0.03452466571732693,0
UNH,2021-01-14,0.0021966079333477495,1
UNH,2021-09-10,0.026268112562958246,1
UNH,2021-09-24,-0.0044462397345259586,0
UNH,2022-02-24,0.04356310887371806,1
UNH,2022-06-14,0.005587614624989357,1
UNH,2023-10-20,-0.01036018827932994,0
UNH,2023-12-20,0.007656116423002457,1
UNH,2024-03-01,-0.015647613306410735,0
UNH,2024-05-29,-0.006333650900183896,0
UNH,2024-11-18,-0.021453366770986304,0
SOXL,2015-06-29,0.011916308277093668,1
SOXL,2015-08-24,-0.03278659025059749,0
SOXL,2015-09-23,-0.0040899859186666054,0
SOXL,2016-01-06,-0.10243033775183208,0
SOXL,2016-02-11,0.06614782496556826,1
SOXL,2016-09-09,0.05989927522366534,1
SOXL,2016-10-13,0.02441887364099804,1
SOXL,2018-03-19,0.023386229498149058,1
SOXL,2018-04-24,-0.003526303231222494,0
SOXL,2018-08-20,0.05919739576554339,1
SOXL,2018-10-10,-0.03183435556271019,0
SOXL,2019-08-05,0.04016373386169603,1
SOXL,2019-11-22,0.07274128099504718,1
SOXL,2020-10-19,-0.0031881189050091407,0
SOXL,2021-08-11,-0.0350915235987318,0
SOXL,2021-09-30,0.0007493542208498738,1
SOXL,2022-07-01,0.021551708458846353,1
SOXL,2022-09-01,-0.027231596951135972,0
SOXL,2022-09-26,0.027225224942884152,1
SOXL,2022-10-12,0.08991822018466711,1
SOXL,2022-12-07,0.07863262610700827,1
SOXL,2022-12-20,0.07012479358511503,1
SOXL,2023-04-25,0.01287886003820038,1
SOXL,2023-09-12,0.013848979766457825,1
SOXL,2023-10-23,0.03965850880029698,1
SOXL,2024-01-04,0.013682508591580156,1
SOXL,2024-03-19,0.047802970589224225,1
SOXL,2024-11-14,-0.09932434752925945,0
JPM,2015-08-25,0.05007520796702081,1
JPM,2016-02-11,0.08328594120392996,1
JPM,2016-03-28,-0.006228984661810766,0
JPM,2016-06-15,0.004034131095196569,1
JPM,2016-10-17,0.00789039708643946,1
JPM,2017-04-13,0.01729866019026627,1
JPM,2017-11-09,-0.001229020236674594,0
JPM,2018-06-15,0.002594980022696536,1
JPM,2018-06-25,0.0006680889799015599,1
JPM,2018-09-27,-0.014670089846161916,0
JPM,2018-10-15,0.021440964868849832,1
JPM,2018-10-24,0.015199847387609822,1
JPM,2018-12-11,0.0064759884492664455,1
JPM,2018-12-20,-0.02363942606995517,0
JPM,2019-02-11,0.017049667779006183,1
JPM,2019-03-25,0.010006605868984941,1
JPM,2019-05-10,-0.02719750891712236,0
JPM,2020-01-27,0.01817746642854967,1
JPM,2020-05-06,0.010413431125367856,1
JPM,2020-09-23,-0.0008622733018913697,0
JPM,2021-01-22,-0.01248221174742159,0
JPM,2021-06-11,-0.016969215912459035,0
JPM,2021-08-19,0.002852028341552959,1
JPM,2021-11-15,-0.007204629066421608,0
JPM,2021-12-01,0.02102745165271136,1
JPM,2022-01-20,-0.017472446806133135,0
JPM,2022-04-27,0.015812893853238252,1
JPM,2022-05-11,-0.0008463948662045251,0
JPM,2022-06-14,0.011835828905673251,1
JPM,2022-08-23,0.002423881284590701,1
JPM,2022-09-26,-0.00880242201090431,0
JPM,2022-10-11,0.01618306710234796,1
JPM,2023-10-20,-0.013640975865034433,0
JPM,2024-12-03,-0.005800261038598653,0
JPM,2024-12-18,0.011242774574328651,1
CRM,2016-09-01,-0.010670548567760618,0
CRM,2016-11-28,0.0,0
CRM,2017-02-28,0.030239563332978614,1
CRM,2017-04-12,-0.0028789506029615053,0
CRM,2018-04-25,0.02991817621683368,1
CRM,2018-06-25,0.017193265551618042,1
CRM,2019-03-08,0.016703148986810135,1
CRM,2019-08-06,-0.00812323163782902,0
CRM,2020-02-27,-0.010165443467134883,0
CRM,2020-12-30,0.0005844347038661546,1
CRM,2021-02-23,0.020497302313875476,1
CRM,2021-05-05,0.012302722722903559,1
CRM,2021-09-13,0.0010232511892043217,1
CRM,2021-11-24,-0.0171527282857441,0
CRM,2022-02-23,0.07216344350765769,1
CRM,2022-04-11,-0.0032745311095073726,0
CRM,2022-07-14,0.03936925110652645,1
CRM,2022-08-22,-0.005537236657723099,0
CRM,2022-08-31,-0.01658964028657417,0
CRM,2022-10-12,0.02213764287147013,1
CRM,2022-11-04,0.03448505238890398,1
CRM,2022-12-07,-0.0026824927782910235,0
CRM,2023-03-09,-0.03099838221443485,0
CRM,2023-08-04,0.006850240335256608,1
CRM,2023-09-26,0.001185104235859047,1
CRM,2023-10-13,0.019258168646402396,1
CRM,2024-01-04,-0.0004775747929520735,0
CRM,2024-03-28,0.0035859687641441873,1
CRM,2024-06-13,0.01270585871086194,1
CRM,2024-09-03,-0.001531873967032693,0
XLF,2015-01-15,0.012064206856929882,1
XLF,2015-03-27,0.014625986658816315,1
XLF,2015-08-24,-0.013256671513958262,0
XLF,2016-02-11,0.04221767402137644,1
XLF,2017-04-13,0.017467263901131735,1
XLF,2017-11-09,-0.0030582008878230482,0
XLF,2018-06-15,-0.0018199750067874332,0
XLF,2018-09-27,-0.010405533098437614,0
XLF,2018-12-11,0.005709322262809513,1
XLF,2018-12-19,-0.008894716148302395,0
XLF,2019-03-08,0.010396873911892035,1
XLF,2019-03-25,0.01189100755486705,1
XLF,2019-08-02,-0.03333332031806713,0
XLF,2020-02-26,-0.042731967318287656,0
XLF,2020-05-06,0.02345214968611886,1
XLF,2020-08-21,0.023858369306547056,1
XLF,2020-09-23,0.0021552994304501194,1
XLF,2021-01-26,-0.029451129499798112,0
XLF,2021-08-19,0.006139657049441416,1
XLF,2022-01-20,-0.02051282803658061,0
XLF,2022-02-24,0.03220703426133098,1
XLF,2022-04-05,-0.006876913065068879,0
XLF,2022-05-11,-0.007507484745349902,0
XLF,2022-06-14,0.011185596606570147,1
XLF,2022-07-14,0.033832290780413166,1
XLF,2022-09-26,-0.004254043615266823,0
XLF,2022-10-11,-0.0023056626395080437,0
XLF,2022-12-07,0.000867501466507159,1
XLF,2023-03-13,0.02023391103073191,1
XLF,2023-04-26,0.016119147954642754,1
XLF,2023-06-23,-0.0021383456588397465,0
XLF,2023-08-18,-0.0011769717340055497,0
XLF,2024-04-15,-0.006773756037756762,0
XLF,2024-04-30,0.0,0
XLF,2024-06-14,0.008855895004786118,1
XLF,2024-12-18,0.0035690903806389063,1
V,2015-08-25,0.055547384653331866,1
V,2016-03-08,0.0008493135698313115,1
V,2018-10-08,0.0029603446171444503,1
V,2020-02-26,-0.038459703027567294,0
V,2022-03-04,-0.04788059856862392,0
V,2022-09-19,-0.0054883530235145805,0
V,2022-10-12,0.036018677592996484,1
V,2023-02-22,0.005045100408188619,1
V,2023-03-13,0.019536613883106346,1
V,2023-09-25,-0.01589821799704294,0
V,2024-10-25,0.008731664711857157,1
FXI,2015-08-21,-0.06373106295729314,0
FXI,2015-09-28,-0.0008665615559594331,0
FXI,2015-10-30,0.008361807656583675,1
FXI,2015-12-11,0.01476987182028755,1
FXI,2016-01-06,-0.0382299304536422,0
FXI,2016-05-04,0.0015504500195857585,1
FXI,2016-08-02,0.003408832135328721,1
FXI,2016-08-25,-0.004313440436936933,0
FXI,2016-12-20,-0.003406271456747323,0
FXI,2018-05-29,0.004554256723819483,1
FXI,2018-06-13,-0.0031764042115971503,0
FXI,2018-07-19,0.023913224633259844,1
FXI,2018-12-20,-0.007384872353707217,0
FXI,2019-07-09,0.002852878734537212,1
FXI,2019-08-02,-0.039137188484294594,0
FXI,2019-09-20,-0.00024676360464359615,0
FXI,2019-11-14,0.0021929462635330577,1
FXI,2020-07-15,-0.02277404760978219,0
FXI,2020-07-28,0.015148103538200841,1
FXI,2020-09-25,0.01547924200460482,1
FXI,2021-07-06,0.0018088655215398042,1
FXI,2021-09-14,-0.006906777519710472,0
FXI,2022-02-24,0.004850303286646707,1
FXI,2022-03-04,-0.03791331009199583,0
FXI,2022-04-21,0.009234005413059965,1
FXI,2022-07-14,-0.008309355683003061,0
FXI,2022-08-19,0.007539364652595637,1
FXI,2022-10-12,-0.008498623954728335,0
FXI,2023-02-24,0.013257022722278355,1
FXI,2023-03-09,-0.0007301841953355481,0
FXI,2023-04-24,-0.027036732456540813,0
FXI,2023-06-23,0.005210189345015825,1
FXI,2023-09-21,0.0354826821866685,1
FXI,2024-01-31,0.004595500948852971,1
FXI,2024-05-24,-0.0007250917102058496,0
MU,2015-01-15,-0.010580118453719312,0
MU,2015-05-08,0.020971279486040606,1
MU,2015-06-08,-0.028163526563326213,0
MU,2015-06-29,0.00587281778463189,1
MU,2015-08-24,-0.01177260558637283,0
MU,2015-11-10,-0.0032153328249445723,0
MU,2015-12-08,-0.01917809209629573,0
MU,2016-01-20,0.07960170311860093,1
MU,2016-02-11,0.034055992064364604,1
MU,2016-06-14,0.008389160346793822,1
MU,2016-08-02,0.008209017497145865,1
MU,2016-11-02,-0.003597032085216778,0
MU,2017-02-16,0.01610112452838397,1
MU,2017-12-01,-0.04977368066203147,0
MU,2018-08-15,-0.008212295309041662,0
MU,2018-10-09,-0.015613796680728154,0
MU,2018-10-23,-0.08402260438425913,0
MU,2019-05-10,-0.04006163173492172,0
MU,2019-10-02,0.03525505445755073,1
MU,2020-08-19,-0.024063523249361563,0
MU,2022-04-11,-0.0009718828778937372,0
MU,2022-06-14,0.007155044317191495,1
MU,2023-01-19,0.03726039129282044,1
MU,2023-02-22,0.031063557204662917,1
MU,2023-03-02,0.006202362651976268,1
MU,2023-04-05,0.02908359992541998,1
MU,2023-08-11,0.060742353776465086,1
MU,2023-12-06,0.007110587075246144,1
MU,2024-01-03,0.005470491724689719,1
MU,2024-04-10,0.04345343701367632,1
MU,2024-07-19,0.008926932160741696,1
MU,2024-08-07,0.06071424940784187,1
MU,2024-08-28,0.007484667400152967,1
MU,2024-11-14,-0.028634875279395344,0
COST,2015-06-25,0.004437689703525427,1
COST,2015-08-24,-0.0019551633910609434,0
COST,2016-09-29,0.03403563980217461,1
COST,2016-10-31,-0.008182747935888246,0
COST,2017-07-10,0.0007287774491608889,1
COST,2017-07-20,-0.0036421994422247694,0
COST,2017-12-22,-0.0004284326719197207,0
COST,2018-02-02,-0.04303887473417367,0
COST,2018-11-14,-0.014444012224012481,0
COST,2019-05-29,0.0035315969207383446,1
COST,2019-08-02,-0.02715581771925335,0
COST,2019-10-25,0.008229207905879221,1
COST,2019-11-25,0.007323524730346032,1
COST,2020-03-25,0.04073175675202889,1
COST,2021-02-24,-0.019958972079774706,0
COST,2021-03-08,0.02363357370962471,1
COST,2022-01-07,-0.03241454695678758,0
COST,2022-05-20,0.03133792736915786,1
COST,2022-12-20,0.009261249580768904,1
COST,2023-02-27,-0.00585178434192124,0
COST,2023-10-25,-0.004345553223369714,0
COST,2024-04-18,-0.0024464013113549843,0
COST,2024-10-30,-0.0055853455716802225,0
COST,2024-12-23,0.00937992389489195,1
ADBE,2015-07-02,-0.003095975232198178,0
ADBE,2015-07-23,0.004216319070666996,1
ADBE,2015-08-24,0.004039357281778289,1
ADBE,2016-11-14,0.012107064199694983,1
ADBE,2018-06-25,0.010722661059553884,1
ADBE,2018-10-08,-0.0020809563556339894,0
ADBE,2019-03-08,0.02441699704713618,1
ADBE,2019-08-02,-0.045453019958149654,0
ADBE,2021-05-06,0.010587096606459845,1
ADBE,2021-09-30,0.003039672217489242,1
ADBE,2022-01-06,-0.006652110290666147,0
ADBE,2022-02-23,0.08003258619216957,1
ADBE,2022-06-14,0.016450045798586554,1
ADBE,2022-08-25,-0.05671775821930192,0
ADBE,2022-09-21,0.0026545923787275605,1
ADBE,2022-11-04,0.04825899753253493,1
ADBE,2022-12-07,0.018060469048497563,1
ADBE,2023-04-12,0.02408816889258225,1
ADBE,2023-09-26,-0.0073078842161973245,0
ADBE,2023-10-24,-0.034138896496225035,0
ADBE,2024-02-22,0.0295217272187136,1
ADBE,2024-04-05,-0.0017315228115627468,0
ADBE,2024-12-18,-0.008882606176706442,0
GLD,2015-03-06,0.000983377523255502,1
GLD,2015-06-25,0.001067192410014739,1
GLD,2015-07-17,-0.027151445340146352,0
GLD,2015-10-01,0.021174875253005654,1
GLD,2015-11-03,-0.009441036684777915,0
GLD,2016-05-24,-0.002728045068191687,0
GLD,2016-08-25,-0.0014259708499476664,0
GLD,2016-09-13,0.0034194855282367875,1
GLD,2016-09-30,-0.0025469571504198596,0
GLD,2016-11-11,-0.008454294420749409,0
GLD,2017-03-07,-0.0062187012290060295,0
GLD,2017-12-08,-0.003966924437765251,0
GLD,2018-06-21,0.0024156041546103957,1
GLD,2018-11-09,-0.007162820324765118,0
GLD,2019-04-17,0.0007482870651696061,1
GLD,2019-05-20,-0.002320944800343727,0
GLD,2020-03-16,0.0135554799295321,1
GLD,2020-11-30,0.0210595460814611,1
GLD,2021-02-18,0.004148551901348441,1
GLD,2021-03-01,0.005447934683729505,1
GLD,2021-06-17,-0.005547261946798776,0
GLD,2021-11-24,-0.001615539860939763,0
GLD,2022-06-29,-0.006077047294322124,0
GLD,2022-08-19,-0.006637179344595956,0
GLD,2022-10-11,0.00534932850905423,1
GLD,2023-09-29,-0.010498705650611395,0
GLD,2024-02-13,-0.0005961123453055439,0
GLD,2024-08-07,0.015688013635013043,1
GLD,2024-10-09,0.007342892553628744,1
GLD,2024-11-14,-0.0017720694429753658,0
XOM,2015-01-15,0.024280769925209666,1
XOM,2015-03-04,-0.005046701830692779,0
XOM,2015-06-25,-0.0008337957563976373,0
XOM,2015-08-24,-0.00014551721085942493,0
XOM,2016-07-29,-0.03473800994578413,0
XOM,2017-01-10,0.010240871550190267,1
XOM,2017-05-31,0.0024847032518593437,1
XOM,2017-11-16,-0.003972294239405261,0
XOM,2018-02-08,0.006374598785673591,1
XOM,2018-05-03,0.004703351595058525,1
XOM,2018-07-20,0.0,0
XOM,2018-08-02,0.0036290557574920612,1
XOM,2018-08-14,-0.017494534129026462,0
XOM,2018-11-14,0.010337088773500813,1
XOM,2018-12-20,-0.0074309230443881935,0
XOM,2019-11-14,0.010073198151383078,1
XOM,2019-11-29,0.0042564801335038815,1
XOM,2020-01-21,-0.005770941524347761,0
XOM,2020-02-26,-0.06017754376144302,0
XOM,2020-04-16,0.10395900686531445,1
XOM,2020-08-21,0.029504794032207515,1
XOM,2020-09-04,-0.023029318893234563,0
XOM,2020-09-23,-0.002035421391578307,0
XOM,2021-01-27,0.015656260069991212,1
XOM,2021-07-16,-0.034368581553892,0
XOM,2021-08-18,-0.03052036449700113,0
XOM,2022-09-21,-0.004177964310912885,0
XOM,2022-12-07,0.007428836531403471,1
XOM,2023-02-17,-0.0009885124370025977,0
XOM,2023-03-13,0.003754472292350597,1
XOM,2024-04-17,-0.0009272030499536399,0
XOM,2024-05-24,0.012696119736666844,1
XOM,2024-06-17,0.009413081518615307,1
XOM,2024-09-06,0.02104047041576096,1
XOM,2024-10-29,-0.005030709719883064,0
XOM,2024-12-12,-0.008764004586068075,0
BAC,2015-01-15,0.011842340183242372,1
BAC,2015-08-24,-0.0019619497528988727,0
BAC,2016-02-11,0.07078835543128781,1
BAC,2017-04-13,0.021038409190792917,1
BAC,2017-05-31,0.00981736790698462,1
BAC,2017-08-11,0.023470254593384476,1
BAC,2017-11-09,0.0007549840333791469,1
BAC,2018-09-27,-0.016031874118941136,0
BAC,2018-12-11,-0.002440873528361087,0
BAC,2019-03-25,0.013785643968749373,1
BAC,2019-05-10,-0.04496287505996166,0
BAC,2019-06-25,0.005403340202723594,1
BAC,2020-02-27,-0.021627234718160193,0
BAC,2020-05-06,0.021923911863404255,1
BAC,2020-08-21,0.028422925576102376,1
BAC,2020-09-23,0.0034391786117893286,1
BAC,2021-01-22,-0.012361560535997351,0
BAC,2021-07-19,0.02057946529978394,1
BAC,2021-08-19,0.004478677464649472,1
BAC,2022-02-23,-0.026351360718365524,0
BAC,2022-04-01,-0.0017114286360152553,0
BAC,2022-04-27,0.015448288814473354,1
BAC,2022-05-11,-0.014056697255662498,0
BAC,2022-06-14,0.018753967536643046,1
BAC,2022-07-14,0.07036207208823897,1
BAC,2022-08-23,0.0031965098559205707,1
BAC,2022-09-26,-0.014824560758090688,0
BAC,2022-10-11,0.003023121043923105,1
BAC,2022-12-07,-0.009163078134741598,0
BAC,2023-03-10,-0.0581433214827799,0
BAC,2023-04-25,-0.013869758133540966,0
BAC,2023-06-23,0.012252179405153552,1
BAC,2023-08-18,0.0013741681678034467,1
BAC,2023-09-21,-0.01461673464236446,0
BAC,2023-10-24,0.003140889472274422,1
BAC,2024-01-12,-0.0207317932543577,0
BAC,2024-04-30,-0.001620999476383389,0
BAC,2024-11-04,0.013307336669521108,1
BAC,2024-12-19,0.018211077550011945,1
MRVL,2015-03-13,-0.004358516729045636,0
MRVL,2015-03-25,0.006052343355394063,1
MRVL,2015-04-27,0.003553612058539324,1
MRVL,2015-06-26,-0.04666169761732397,0
MRVL,2015-08-21,-0.05013438019195127,0
MRVL,2016-02-11,0.023781020829780397,1
MRVL,2016-11-02,-0.023956780471764638,0
MRVL,2016-11-30,-0.02510453733981388,0
MRVL,2017-09-08,0.006956590845077937,1
MRVL,2018-01-25,0.016514348409441437,1
MRVL,2018-08-14,-0.019521568400909017,0
MRVL,2018-09-11,-0.025000673069768387,0
MRVL,2019-06-25,0.012814888656129675,1
MRVL,2019-08-02,-0.043148150201082314,0
MRVL,2019-08-26,-0.0038138715286406555,0
MRVL,2019-12-05,0.03070353964042205,1
MRVL,2020-02-26,-0.08094796512534286,0
MRVL,2021-06-03,0.03221710366518882,1
MRVL,2021-12-14,0.03611210707867474,1
MRVL,2022-01-24,-0.07032873018287034,0
MRVL,2022-02-23,0.04581957127709679,1
MRVL,2022-04-11,-0.00987965738182095,0
MRVL,2022-06-14,0.014015010099269531,1
MRVL,2022-07-01,0.01010592132798216,1
MRVL,2022-09-01,-0.004568137808447448,0
MRVL,2022-10-12,0.03027926067175435,1
MRVL,2022-12-07,0.03192277103340557,1
MRVL,2022-12-20,0.02803488309881752,1
MRVL,2023-04-25,0.03169870496561056,1
MRVL,2023-06-21,0.004587932595489619,1
MRVL,2023-09-08,0.010405368634979872,1
MRVL,2023-10-23,0.009587816189312814,1
MRVL,2023-12-06,0.03489973996914242,1
MRVL,2024-03-14,0.011955286830166001,1
ASML,2015-08-24,0.020047006883892493,1
ASML,2015-09-23,0.003814859193870035,1
ASML,2015-12-11,-0.009395040069143712,0
ASML,2016-01-06,-0.02505659307307162,0
ASML,2016-06-14,-0.004439588338695399,0
ASML,2018-06-21,0.010428770853254887,1
ASML,2018-08-09,-0.02524286003544518,0
ASML,2018-09-06,-0.0194090822665679,0
ASML,2019-07-09,0.007308345017019047,1
ASML,2019-08-05,0.013010935985044991,1
ASML,2019-11-11,0.0032616867295272023,1
ASML,2019-11-22,0.018518577896440513,1
ASML,2021-09-30,-0.004428765245108601,0
ASML,2021-11-26,0.04218555175750116,1
ASML,2022-04-11,-0.006256764687259553,0
ASML,2022-04-27,0.060443612360371324,1
ASML,2022-06-14,0.028829038211332314,1
ASML,2022-07-01,-0.038747966917708765,0
ASML,2022-09-01,-0.0058094856376921244,0
ASML,2022-09-26,0.005756642542459556,1
ASML,2022-10-12,0.017749112765498953,1
ASML,2022-12-20,0.03160752841959691,1
ASML,2023-02-22,0.022236194068951054,1
ASML,2023-08-04,0.02268308448289691,1
ASML,2023-09-13,0.007859984811672271,1
ASML,2024-01-04,0.0043552476419017605,1
ASML,2024-09-09,0.002080459022172798,1
WMT,2015-04-15,-0.006270241304408675,0
WMT,2015-08-21,-0.0389236842179187,0
WMT,2015-10-19,-0.001699605342887267,0
WMT,2016-10-07,-0.010480006377067586,0
WMT,2018-02-05,0.008092591314716957,1
WMT,2018-05-29,0.0208736294134928,1
WMT,2018-06-14,-0.0010746603732788573,0
WMT,2018-11-16,-0.009315058210777272,0
WMT,2018-12-17,0.0034151649223641556,1
WMT,2020-02-28,0.07615133119688022,1
WMT,2020-06-05,-0.0026323122266342924,0
WMT,2020-12-07,0.009047318221323764,1
WMT,2020-12-15,-0.0010306044681570592,0
WMT,2021-02-26,0.011160994388390577,1
WMT,2021-10-01,-0.009631832639797389,0
WMT,2021-12-02,0.015058767600568013,1
WMT,2022-06-09,0.005618959159087389,1
WMT,2023-03-10,0.002920425131671678,1
WMT,2023-05-25,0.0017788372515401552,1
WMT,2024-07-30,-0.007949043770705488,0
UBER,2019-05-23,0.0256979755241038,1
UBER,2019-06-12,0.05074705471345364,1
UBER,2019-08-02,-0.033415896975983794,0
UBER,2019-08-15,0.0605056666969821,1
UBER,2019-08-27,-0.015705238543580635,0
UBER,2019-11-06,0.01633253964315018,1
UBER,2020-02-26,-0.058055151109069225,0
UBER,2020-03-17,-0.2162876882914211,0
UBER,2020-08-13,-0.01543005014711507,0
UBER,2020-10-15,-0.015761737515634255,0
UBER,2021-01-27,0.07212640151071836,1
UBER,2021-07-16,-0.013639256812051026,0
UBER,2021-08-17,-0.002926803216701579,0
UBER,2021-12-01,0.05830090081713113,1
UBER,2022-01-19,-0.0010565482008050298,0
UBER,2022-02-23,0.07656682892772504,1
UBER,2022-04-11,-0.0015605849869045896,0
UBER,2022-05-05,-0.02832650879772558,0
UBER,2022-08-22,-0.00678573335920063,0
UBER,2022-11-08,-0.03243444896775527,0
UBER,2023-03-28,0.02660462761982929,1
UBER,2023-05-25,0.013175230301662566,1
UBER,2024-01-04,-0.003806183545151387,0
UBER,2024-04-30,0.022936537640823484,1
UBER,2024-07-29,-0.010508127142140111,0
UBER,2024-10-01,-0.01845359855345685,0
UBER,2024-10-18,0.016422376986138687,1
UBER,2024-11-13,0.003934777471715778,1
BABA,2015-01-15,0.006022262803647926,1
BABA,2015-04-06,0.004766503106337083,1
BABA,2015-05-05,0.005783246039243961,1
BABA,2015-07-29,-0.0037378990472981544,0
BABA,2015-08-24,0.04209711011819417,1
BABA,2015-09-23,-0.0013333635929279053,0
BABA,2016-04-27,-0.016097871349869397,0
BABA,2016-06-13,0.030748740110757122,1
BABA,2016-10-31,-0.005310229067914896,0
BABA,2016-12-16,0.0029322757993610615,1
BABA,2017-12-01,-0.028807122830360687,0
BABA,2018-04-25,0.02161895778687506,1
BABA,2018-10-10,0.026104500259089614,1
BABA,2018-12-18,-0.026132730965713336,0
BABA,2019-05-10,-0.044887611950268025,0
BABA,2019-05-29,-0.009246874207738176,0
BABA,2019-08-02,-0.045528003852896126,0
BABA,2020-11-13,-0.009699419925841779,0
BABA,2021-02-24,-0.04058478024851353,0
BABA,2021-04-19,-0.020870524608962104,0
BABA,2021-05-05,-0.0015874332756933285,0
BABA,2021-06-11,0.010867496483341954,1
BABA,2021-07-07,-0.039182647965866235,0
BABA,2021-08-17,-0.007943350197885501,0
BABA,2021-11-23,0.021397678753651395,1
BABA,2021-12-02,-0.08229512151951013,0
BABA,2022-01-27,0.030772071000542356,1
BABA,2022-02-23,-0.007200076264269217,0
BABA,2022-03-08,0.03517957102810776,1
BABA,2022-04-11,-0.017725402338541474,0
BABA,2022-04-21,0.005814703595390824,1
BABA,2022-05-11,-0.0078307411067563,0
BABA,2022-07-14,-0.012721701855126888,0
BABA,2023-02-24,0.0028089339969563643,1
BABA,2023-03-08,-0.04117302163331704,0
BABA,2023-04-24,-0.045690014635819565,0
BABA,2024-01-10,0.013583397985257761,1
DIA,2015-01-15,0.010166712969700287,1
DIA,2015-07-27,0.010790051879952856,1
DIA,2015-08-24,-0.01193386542035979,0
DIA,2016-02-11,0.020280317673714077,1
DIA,2016-06-15,0.0050402329527510226,1
DIA,2016-07-29,-0.00141209915088214,0
DIA,2016-11-02,-0.0013386816732186002,0
DIA,2017-01-19,0.00442985057344214,1
DIA,2018-04-24,0.002540539110886364,1
DIA,2018-05-03,0.014303432026202989,1
DIA,2018-06-18,-0.011412474530102745,0
DIA,2019-03-08,0.008048500622108712,1
DIA,2019-08-05,0.012407344761406813,1
DIA,2020-01-27,0.006763426585653987,1
DIA,2020-02-26,-0.04537680312498127,0
DIA,2021-06-18,0.017479759087258184,1
DIA,2021-09-10,0.007499749995646843,1
DIA,2022-01-20,-0.013605408788980089,0
DIA,2022-02-23,0.0024736916206755666,1
DIA,2022-05-11,-0.002574592971623435,0
DIA,2022-06-14,0.009628386815517809,1
DIA,2022-07-14,0.020857577694378904,1
DIA,2022-09-26,-0.004850802609817406,0
DIA,2023-03-13,0.010570025285813411,1
DIA,2023-05-12,0.0017105396220962188,1
DIA,2023-05-25,0.009427823950233227,1
DIA,2023-06-23,-5.93789191620786e-05,0
DIA,2024-05-29,-0.00806063516740041,0
DIA,2024-10-25,0.006957195408987982,1
DIA,2024-12-11,-0.00506212971344755,0
INTC,2015-06-05,-0.016959758191410712,0
INTC,2015-07-23,-0.018881157229729717,0
INTC,2015-08-24,-0.014476422102118525,0
INTC,2015-11-11,-0.013998558713759213,0
INTC,2016-01-06,-0.03748475571053489,0
INTC,2016-02-11,0.01488325896592535,1
INTC,2017-03-03,-0.009192417862623148,0
INTC,2017-05-10,-0.008886605648385726,0
INTC,2017-06-26,-0.012327591135975369,0
INTC,2017-08-21,-0.007731564044270778,0
INTC,2018-02-02,-0.03531949426634595,0
INTC,2018-08-16,-0.0014838330095919838,0
INTC,2018-09-10,-0.029589709857090307,0
INTC,2019-04-29,-0.0013695459246874098,0
INTC,2019-05-10,-0.03116900960691571,0
INTC,2019-08-05,0.0065372854551271065,1
INTC,2019-09-19,-0.016482367501826856,0
INTC,2019-12-04,0.0010709606168572972,1
INTC,2020-02-26,-0.06404029059161387,0
INTC,2020-07-29,-0.0016643356531301778,0
INTC,2020-10-29,0.003853952951633044,1
INTC,2021-04-28,0.0114545491073339,1
INTC,2021-08-18,0.004790216635430555,1
INTC,2022-02-23,0.046360637015939954,1
INTC,2022-09-01,-0.017002458751854466,0
INTC,2022-09-26,-0.00296627583867759,0
INTC,2022-10-11,0.011581595526906963,1
INTC,2022-12-07,0.0038827033976971403,1
INTC,2022-12-20,0.014750445612795593,1
INTC,2023-04-12,0.0034354053769189985,1
INTC,2023-04-24,-0.026297970620777433,0
INTC,2023-05-11,0.0031184120578060526,1
INTC,2023-12-06,0.021323088264428414,1
INTC,2024-01-04,0.00042674593440783504,1
INTC,2024-04-08,0.00921545526149381,1
INTC,2024-08-07,0.07898894250021771,1
INTC,2024-10-03,0.014824794263833319,1
SMH,2015-03-09,-0.020361137147671293,0
SMH,2015-06-05,-0.017919266169765247,0
SMH,2015-07-21,-0.024344134755868385,0
SMH,2015-08-24,-0.008468701184005334,0
SMH,2015-09-23,-0.00041062140706271677,0
SMH,2016-01-06,-0.03085698860218078,0
SMH,2016-02-11,0.01972391221515557,1
SMH,2016-09-09,0.02053922751699866,1
SMH,2018-04-24,-0.005041774874663618,0
SMH,2018-08-20,0.02064462938201639,1
SMH,2018-10-10,-0.008826692587966645,0
SMH,2019-05-10,-0.04635157459937089,0
SMH,2019-08-05,0.015883330666518702,1
SMH,2020-10-19,0.0008084818131703919,1
SMH,2020-10-27,-0.03226694949657549,0
SMH,2020-12-22,-0.0074700222588161,0
SMH,2021-07-19,0.012236580387049223,1
SMH,2021-08-11,-0.010924489706194973,0
SMH,2021-09-30,0.0008584564867681888,1
SMH,2022-02-23,0.03431425202844385,1
SMH,2022-07-01,0.005255392891419852,1
SMH,2022-09-01,-0.009815026000614235,0
SMH,2022-09-26,0.007573670201978633,1
SMH,2022-10-12,0.03059996947954069,1
SMH,2022-12-07,0.025472728271999978,1
SMH,2022-12-20,0.0223442291472582,1
SMH,2023-02-22,0.035433671631675656,1
SMH,2023-11-28,0.009208185181799333,1
SMH,2024-01-04,0.006606515159463866,1
NOW,2015-08-24,0.009852927997450855,1
NOW,2016-01-06,-0.021861946568470958,0
NOW,2016-02-02,0.03580784753204491,1
NOW,2016-12-02,0.04323404457804525,1
NOW,2017-02-28,0.022664466296249186,1
NOW,2017-06-15,-0.0005925852813758459,0
NOW,2017-07-25,0.01799965172924911,1
NOW,2018-04-24,-0.01655669079167077,0
NOW,2018-05-16,0.0032719694191218895,1
NOW,2018-06-27,0.026433191248339538,1
NOW,2018-08-16,-0.00659226158979187,0
NOW,2018-11-14,0.033397059756940184,1
NOW,2019-06-03,0.03691923025679489,1
NOW,2019-08-02,-0.03404049768985262,0
NOW,2019-10-22,-0.03648069529933862,0
NOW,2019-12-10,0.0019491733547436496,1
NOW,2021-02-19,-0.035866360945489895,0
NOW,2021-03-08,0.053658048571648465,1
NOW,2021-06-03,0.0031576755998594663,1
NOW,2021-09-13,0.009920492918951807,1
NOW,2022-01-05,0.0022347641222919545,1
NOW,2022-02-23,0.09386314317670119,1
NOW,2022-07-14,0.034800583137510444,1
NOW,2022-09-21,-0.03602129646866603,0
NOW,2022-10-12,-0.01958658488934195,0
NOW,2023-09-20,-0.036841664690953735,0
NOW,2024-09-27,0.014289140543899403,1
MA,2015-08-21,-0.03142944572067197,0
MA,2016-06-15,0.007928066347358431,1
MA,2017-06-12,0.012918280932540105,1
MA,2017-09-05,0.0017337908832328885,1
MA,2018-04-25,0.032991035456764406,1
MA,2019-03-08,0.016992089670159638,1
MA,2020-02-26,-0.04100108151967796,0
MA,2020-12-11,0.011391770414534097,1
MA,2021-05-05,0.01717520710026532,1
MA,2021-06-01,0.019622479971248108,1
MA,2022-03-03,-0.030001129083113143,0
MA,2022-09-21,-0.020164001787460917,0
MA,2022-10-12,0.03733491305329473,1
MA,2023-02-21,-0.002781234200007754,0
MA,2023-03-13,0.023526997787909343,1
MA,2024-04-15,6.533536488828595e-05,1
MA,2024-05-24,-0.013520004502484029,0
MA,2024-07-01,0.01608748929327075,1
HD,2015-01-15,0.03078893411067396,1
HD,2015-04-17,0.006779353504189567,1
HD,2015-04-30,0.024022921903461336,1
HD,2015-08-25,0.044697111081303253,1
HD,2016-01-06,-0.028509593486495843,0
HD,2016-02-08,0.01797054634542805,1
HD,2016-06-14,0.01030003587762085,1
HD,2017-04-04,0.0020500046614426726,1
HD,2018-02-02,-0.055988179103473756,0
HD,2018-07-26,-0.011333924654681637,0
HD,2018-10-23,-0.00873780538613489,0
HD,2019-07-22,0.008567256604245843,1
HD,2019-08-05,0.018835038093771184,1
HD,2020-02-27,-0.03065895358412629,0
HD,2020-12-07,-0.0035025421549920166,0
HD,2021-02-25,0.012105842358955954,1
HD,2021-06-07,0.0030327959958209583,1
HD,2022-01-11,0.00706008569449601,1
HD,2022-01-20,-0.001372887377066534,0
HD,2022-02-23,0.015528883493418633,1
HD,2022-08-23,0.00394265116122372,1
HD,2022-09-15,0.01631411338626987,1
HD,2023-02-09,0.003137581050262961,1
HD,2023-09-21,-0.003357320251650253,0
HD,2023-10-23,-0.006174010964929422,0
HD,2024-01-03,0.0009755652082639177,1
HD,2024-04-04,0.0005311379157841856,1
HD,2024-04-15,-0.009173503347156609,0
HD,2024-05-24,0.011073657947162419,1
HD,2024-07-24,0.008506741042781485,1
HD,2024-10-23,0.007606650264269765,1
ORCL,2015-06-30,-0.001488739197569866,0
ORCL,2015-07-23,0.0,0
ORCL,2015-08-25,0.04118494635452774,1
ORCL,2015-11-13,0.02198367870288065,1
ORCL,2015-12-11,0.011824514685688348,1
ORCL,2017-08-10,0.0029108097620158535,1
ORCL,2017-09-20,0.0,0
ORCL,2018-03-22,-0.02397032737739324,0
ORCL,2018-08-01,0.011615591243197665,1
ORCL,2019-07-17,0.002241584668299046,1
ORCL,2019-08-02,-0.03724934415740311,0
ORCL,2019-09-18,0.015410909059674127,1
ORCL,2019-10-18,0.01063236823538305,1
ORCL,2020-08-11,-0.0018427326012946388,0
ORCL,2020-10-19,0.0021803542977982815,1
ORCL,2021-12-22,-0.0015578273248183505,0
ORCL,2022-01-18,-0.0253654703589824,0
ORCL,2022-02-23,0.0322888511352899,1
ORCL,2022-04-11,-0.005391435064283523,0
ORCL,2022-06-13,0.10413721073274385,1
ORCL,2022-06-22,0.01653362678169734,1
ORCL,2022-09-26,-0.01623329504713189,0
ORCL,2023-02-21,0.0013921864052763855,1
ORCL,2023-07-10,0.00789617693502076,1
ORCL,2023-09-27,0.014624351017346715,1
ORCL,2024-06-26,0.014106666320055528,1
ORCL,2024-12-18,0.020433962587594445,1
