date,symbol,next_date,next_return,next_up,close_price
2010-07-08 00:00:00-04:00,TSLA,2010-07-09 00:00:00-04:00,-0.0034364841863351314,False,1.1640000343322754
2011-01-21 00:00:00-05:00,TSLA,2011-01-24 00:00:00-05:00,0.0629342000428097,True,1.5360000133514404
2011-05-06 00:00:00-04:00,TSLA,2011-05-09 00:00:00-04:00,0.029129990413805817,True,1.8079999685287476
2011-08-09 00:00:00-04:00,TSLA,2011-08-10 00:00:00-04:00,-0.0494814290069957,False,1.670667052268982
2011-08-22 00:00:00-04:00,TSLA,2011-08-23 00:00:00-04:00,0.04601408988941791,True,1.463333010673523
2011-08-23 00:00:00-04:00,TSLA,2011-08-24 00:00:00-04:00,0.03963375860045404,True,1.5306669473648071
2012-01-09 00:00:00-05:00,TSLA,2012-01-10 00:00:00-05:00,0.01357765152969237,True,1.8166669607162476
2012-05-18 00:00:00-04:00,TSLA,2012-05-21 00:00:00-04:00,0.043904409529149646,True,1.8373329639434814
2012-05-21 00:00:00-04:00,TSLA,2012-05-22 00:00:00-04:00,0.07055946946271918,True,1.9179999828338623
2012-07-27 00:00:00-04:00,TSLA,2012-07-30 00:00:00-04:00,-0.07319550741266001,False,1.9673329591751099
2013-01-10 00:00:00-05:00,TSLA,2013-01-11 00:00:00-05:00,-0.01849073975118143,False,2.23533296585083
2013-01-11 00:00:00-05:00,TSLA,2013-01-14 00:00:00-05:00,0.010634946491111963,True,2.194000005722046
2013-01-14 00:00:00-05:00,TSLA,2013-01-15 00:00:00-05:00,0.019242446024367865,True,2.2173330783843994
2013-03-20 00:00:00-04:00,TSLA,2013-03-21 00:00:00-04:00,0.0016689629788060323,True,2.396667003631592
2014-07-09 00:00:00-04:00,TSLA,2014-07-10 00:00:00-04:00,-0.01613920326556262,False,14.870667457580566
2014-10-02 00:00:00-04:00,TSLA,2014-10-03 00:00:00-04:00,0.015074365885482166,True,16.761333465576172
2014-10-14 00:00:00-04:00,TSLA,2014-10-15 00:00:00-04:00,0.011626859394061828,True,15.137332916259766
2014-12-05 00:00:00-05:00,TSLA,2014-12-08 00:00:00-05:00,-0.04179515862877048,False,14.913999557495117
2014-12-08 00:00:00-05:00,TSLA,2014-12-09 00:00:00-05:00,0.01180258727981931,True,14.290666580200195
2014-12-09 00:00:00-05:00,TSLA,2014-12-10 00:00:00-05:00,-0.03250497470272151,False,14.459333419799805
2014-12-17 00:00:00-05:00,TSLA,2014-12-18 00:00:00-05:00,0.06044123309512317,True,13.721332550048828
2010-05-07 00:00:00-04:00,NVDA,2010-05-10 00:00:00-04:00,0.04298023999251166,True,0.3199751675128937
2010-05-10 00:00:00-04:00,NVDA,2010-05-11 00:00:00-04:00,-0.010989238658244527,False,0.33372777700424194
2010-06-10 00:00:00-04:00,NVDA,2010-06-11 00:00:00-04:00,0.022907359592413856,True,0.26015183329582214
2010-10-04 00:00:00-04:00,NVDA,2010-10-05 00:00:00-04:00,0.007117237652068065,True,0.25763052701950073
2010-10-05 00:00:00-04:00,NVDA,2010-10-06 00:00:00-04:00,-0.047702997367844335,False,0.2594641447067261
2011-03-11 00:00:00-05:00,NVDA,2011-03-14 00:00:00-04:00,0.008310142951487798,True,0.41372156143188477
2011-06-08 00:00:00-04:00,NVDA,2011-06-09 00:00:00-04:00,-0.011383165501432924,False,0.40271952748298645
2011-06-09 00:00:00-04:00,NVDA,2011-06-10 00:00:00-04:00,-0.014392474282150292,False,0.39813530445098877
2011-06-10 00:00:00-04:00,NVDA,2011-06-13 00:00:00-04:00,-0.007009681526417899,False,0.3924051523208618
2011-06-13 00:00:00-04:00,NVDA,2011-06-14 00:00:00-04:00,0.008235563881090036,True,0.3896545171737671
2011-06-14 00:00:00-04:00,NVDA,2011-06-15 00:00:00-04:00,-0.02158665175072083,False,0.39286354184150696
2011-07-15 00:00:00-04:00,NVDA,2011-07-18 00:00:00-04:00,-0.021276874350693475,False,0.32318419218063354
2011-09-23 00:00:00-04:00,NVDA,2011-09-26 00:00:00-04:00,0.002175499741227549,True,0.31607863306999207
2011-12-09 00:00:00-05:00,NVDA,2011-12-12 00:00:00-05:00,-0.024832238015857322,False,0.34152087569236755
2012-01-18 00:00:00-05:00,NVDA,2012-01-19 00:00:00-05:00,0.026466129134114835,True,0.320433646440506
2012-04-10 00:00:00-04:00,NVDA,2012-04-11 00:00:00-04:00,0.012712014593395216,True,0.32455939054489136
2012-04-11 00:00:00-04:00,NVDA,2012-04-12 00:00:00-04:00,0.023709463683640575,True,0.3286851942539215
2012-04-25 00:00:00-04:00,NVDA,2012-04-26 00:00:00-04:00,0.0007646288195282125,True,0.2998048961162567
2012-05-21 00:00:00-04:00,NVDA,2012-05-22 00:00:00-04:00,-0.01220499447958967,False,0.2816973924636841
2012-07-12 00:00:00-04:00,NVDA,2012-07-13 00:00:00-04:00,0.012902654843130357,True,0.2842186987400055
2012-07-13 00:00:00-04:00,NVDA,2012-07-16 00:00:00-04:00,0.003185143615628716,True,0.2878858745098114
2012-12-28 00:00:00-05:00,NVDA,2012-12-31 00:00:00-05:00,0.01322342638695595,True,0.279131680727005
2012-12-31 00:00:00-05:00,NVDA,2013-01-02 00:00:00-05:00,0.03752019108200377,True,0.28282275795936584
2013-07-24 00:00:00-04:00,NVDA,2013-07-25 00:00:00-04:00,0.003518994722946367,True,0.3314931094646454
2013-10-03 00:00:00-04:00,NVDA,2013-10-04 00:00:00-04:00,0.013654339066003551,True,0.36059609055519104
2013-10-04 00:00:00-04:00,NVDA,2013-10-07 00:00:00-04:00,0.0,True,0.36551979184150696
2013-10-29 00:00:00-04:00,NVDA,2013-10-30 00:00:00-04:00,-0.0006561735102369459,False,0.3570791184902191
2014-03-04 00:00:00-05:00,NVDA,2014-03-05 00:00:00-05:00,0.008657755400481193,True,0.437591552734375
2014-06-25 00:00:00-04:00,NVDA,2014-06-26 00:00:00-04:00,-0.01343361250743036,False,0.44269949197769165
2014-12-15 00:00:00-05:00,NVDA,2014-12-16 00:00:00-05:00,-0.0112417226781103,False,0.4695744514465332
2014-12-16 00:00:00-05:00,NVDA,2014-12-17 00:00:00-05:00,0.04082687043268529,True,0.4642956256866455
2014-12-17 00:00:00-05:00,NVDA,2014-12-18 00:00:00-05:00,0.003972131129848622,True,0.4832513630390167
2010-07-06 00:00:00-04:00,QQQ,2010-07-07 00:00:00-04:00,0.031925523244302756,True,37.20454788208008
2010-10-04 00:00:00-04:00,QQQ,2010-10-05 00:00:00-04:00,0.02433976271196503,True,42.43899917602539
2010-10-05 00:00:00-04:00,QQQ,2010-10-06 00:00:00-04:00,-0.008658806772112615,False,43.471954345703125
2011-05-05 00:00:00-04:00,QQQ,2011-05-06 00:00:00-04:00,0.003260269689306039,True,51.19110870361328
2011-05-06 00:00:00-04:00,QQQ,2011-05-09 00:00:00-04:00,0.0037624804160498737,True,51.35800552368164
2012-04-25 00:00:00-04:00,QQQ,2012-04-26 00:00:00-04:00,0.005869095124420243,True,58.930885314941406
2012-05-15 00:00:00-04:00,QQQ,2012-05-16 00:00:00-04:00,-0.006785346193570407,False,56.19940185546875
2012-05-16 00:00:00-04:00,QQQ,2012-05-17 00:00:00-04:00,-0.021131502124194235,False,55.81806945800781
2012-05-17 00:00:00-04:00,QQQ,2012-05-18 00:00:00-04:00,-0.01298462742320694,False,54.6385498046875
2012-05-18 00:00:00-04:00,QQQ,2012-05-21 00:00:00-04:00,0.027955773662752037,True,53.9290885925293
2012-05-21 00:00:00-04:00,QQQ,2012-05-22 00:00:00-04:00,-0.0011197735157770783,False,55.43671798706055
2012-07-13 00:00:00-04:00,QQQ,2012-07-16 00:00:00-04:00,-0.002840025955195169,False,56.337459564208984
2012-10-12 00:00:00-04:00,QQQ,2012-10-15 00:00:00-04:00,0.0073484487535195875,True,59.4398193359375
2012-10-15 00:00:00-04:00,QQQ,2012-10-16 00:00:00-04:00,0.014143211129964861,True,59.876609802246094
2012-12-31 00:00:00-05:00,QQQ,2013-01-02 00:00:00-05:00,0.031782854968312346,True,58.3814697265625
2014-01-30 00:00:00-05:00,QQQ,2014-01-31 00:00:00-05:00,-0.002659225012237476,False,78.44499969482422
2010-06-24 00:00:00-04:00,AMZN,2010-06-25 00:00:00-04:00,0.02256403230226156,True,5.916500091552734
2010-06-25 00:00:00-04:00,AMZN,2010-06-28 00:00:00-04:00,-0.02644633375289751,False,6.050000190734863
2011-01-13 00:00:00-05:00,AMZN,2011-01-14 00:00:00-05:00,0.017355711328590262,True,9.27649974822998
2011-01-26 00:00:00-05:00,AMZN,2011-01-27 00:00:00-05:00,0.051656317930741436,True,8.769499778747559
2011-01-27 00:00:00-05:00,AMZN,2011-01-28 00:00:00-05:00,-0.07216044437035884,False,9.22249984741211
2011-08-05 00:00:00-04:00,AMZN,2011-08-08 00:00:00-04:00,-0.04440057218575755,False,10.135000228881836
2011-08-23 00:00:00-04:00,AMZN,2011-08-24 00:00:00-04:00,0.0009299741396828765,True,9.677499771118164
2011-11-22 00:00:00-05:00,AMZN,2011-11-23 00:00:00-05:00,-0.017417027009204,False,9.616999626159668
2012-01-03 00:00:00-05:00,AMZN,2012-01-04 00:00:00-05:00,-0.008490221096045247,False,8.951499938964844
2012-06-15 00:00:00-04:00,AMZN,2012-06-18 00:00:00-04:00,0.019739028224393218,True,10.917499542236328
2012-09-27 00:00:00-04:00,AMZN,2012-09-28 00:00:00-04:00,-0.008846844642260043,False,12.829500198364258
2013-02-27 00:00:00-05:00,AMZN,2013-02-28 00:00:00-05:00,0.0038746165196892335,True,13.162500381469727
2013-08-09 00:00:00-04:00,AMZN,2013-08-12 00:00:00-04:00,-0.0019174866064998186,False,14.86299991607666
2013-08-19 00:00:00-04:00,AMZN,2013-08-20 00:00:00-04:00,0.00532270306647864,True,14.278499603271484
2012-07-17 00:00:00-04:00,META,2012-07-18 00:00:00-04:00,0.03631198663556767,True,27.8951416015625
2012-07-18 00:00:00-04:00,META,2012-07-19 00:00:00-04:00,-0.003778729089187083,False,28.908069610595703
2012-08-02 00:00:00-04:00,META,2012-08-03 00:00:00-04:00,0.05239524286725272,True,19.900985717773438
2012-08-03 00:00:00-04:00,META,2012-08-06 00:00:00-04:00,0.03935501485720372,True,20.943702697753906
2013-03-19 00:00:00-04:00,META,2013-03-20 00:00:00-04:00,-0.025988683153918668,False,26.365825653076172
2013-05-28 00:00:00-04:00,META,2013-05-29 00:00:00-04:00,-0.03236515786051797,False,23.93282127380371
2013-05-29 00:00:00-04:00,META,2013-05-30 00:00:00-04:00,0.052744357963866895,True,23.158231735229492
2013-05-30 00:00:00-04:00,META,2013-05-31 00:00:00-04:00,-0.008146466788447437,False,24.379697799682617
2013-08-15 00:00:00-04:00,META,2013-08-16 00:00:00-04:00,0.014223056801447198,True,36.306396484375
2013-08-16 00:00:00-04:00,META,2013-08-19 00:00:00-04:00,0.019686990566123663,True,36.822784423828125
2014-03-04 00:00:00-05:00,META,2014-03-05 00:00:00-05:00,0.04026164019359024,True,68.32274627685547
2010-07-06 00:00:00-04:00,IWM,2010-07-07 00:00:00-04:00,0.03489178157895845,True,47.75967025756836
2010-07-07 00:00:00-04:00,IWM,2010-07-08 00:00:00-04:00,0.014402605344101316,True,49.426090240478516
2011-08-01 00:00:00-04:00,IWM,2011-08-02 00:00:00-04:00,-0.03117938422930333,False,64.86508178710938
2011-08-02 00:00:00-04:00,IWM,2011-08-03 00:00:00-04:00,0.006645271909644812,True,62.842628479003906
2011-08-03 00:00:00-04:00,IWM,2011-08-04 00:00:00-04:00,-0.060315651459049935,False,63.26023483276367
2011-11-23 00:00:00-05:00,IWM,2011-11-25 00:00:00-05:00,-0.012744491271569514,False,55.46662521362305
2011-11-25 00:00:00-05:00,IWM,2011-11-28 00:00:00-05:00,0.04758335722174989,True,54.75973129272461
2011-11-28 00:00:00-05:00,IWM,2011-11-29 00:00:00-05:00,-0.0018630813118587497,False,57.36538314819336
2012-04-11 00:00:00-04:00,IWM,2012-04-12 00:00:00-04:00,0.014347059304809617,True,65.83363342285156
2012-05-18 00:00:00-04:00,IWM,2012-05-21 00:00:00-04:00,0.02356387859502318,True,61.881656646728516
2012-05-21 00:00:00-04:00,IWM,2012-05-22 00:00:00-04:00,-0.006017168231857162,False,63.33982849121094
2012-07-12 00:00:00-04:00,IWM,2012-07-13 00:00:00-04:00,0.012438528398408755,True,65.60276794433594
2012-07-13 00:00:00-04:00,IWM,2012-07-16 00:00:00-04:00,-0.0040119963596018104,False,66.41876983642578
2012-10-25 00:00:00-04:00,IWM,2012-10-26 00:00:00-04:00,-0.004783373960721371,False,68.14878845214844
2012-12-31 00:00:00-05:00,IWM,2013-01-02 00:00:00-05:00,0.029411944621668518,True,71.09134674072266
2013-08-20 00:00:00-04:00,IWM,2013-08-21 00:00:00-04:00,-0.006072477980018642,False,86.7021484375
2014-03-12 00:00:00-04:00,IWM,2014-03-13 00:00:00-04:00,-0.01156882387392788,False,101.21681213378906
2014-03-28 00:00:00-04:00,IWM,2014-03-31 00:00:00-04:00,0.017936728231088273,True,97.93905639648438
2014-03-31 00:00:00-04:00,IWM,2014-04-01 00:00:00-04:00,0.013150972085101076,True,99.69576263427734
2010-04-28 00:00:00-04:00,GOOGL,2010-04-29 00:00:00-04:00,0.0053099842912753825,True,13.143682479858398
2010-06-24 00:00:00-04:00,GOOGL,2010-06-25 00:00:00-04:00,-0.005093814258105622,False,11.800230979919434
2010-06-25 00:00:00-04:00,GOOGL,2010-06-28 00:00:00-04:00,-0.0012692508804132974,False,11.74012279510498
2010-06-28 00:00:00-04:00,GOOGL,2010-06-29 00:00:00-04:00,-0.03774787133342539,False,11.725221633911133
2010-06-29 00:00:00-04:00,GOOGL,2010-06-30 00:00:00-04:00,-0.020494926582436013,False,11.28261947631836
2010-06-30 00:00:00-04:00,GOOGL,2010-07-01 00:00:00-04:00,-0.012271001185255925,False,11.051383018493652
2010-07-01 00:00:00-04:00,GOOGL,2010-07-02 00:00:00-04:00,-0.0066894891637404585,False,10.915771484375
2010-07-02 00:00:00-04:00,GOOGL,2010-07-06 00:00:00-04:00,-0.0010996136311982596,False,10.842750549316406
2010-07-06 00:00:00-04:00,GOOGL,2010-07-07 00:00:00-04:00,0.03240298932477104,True,10.830827713012695
2010-07-07 00:00:00-04:00,GOOGL,2010-07-08 00:00:00-04:00,0.014127145159316346,True,11.181778907775879
2010-11-16 00:00:00-05:00,GOOGL,2010-11-17 00:00:00-05:00,-0.0002912712747913382,False,14.498064994812012
2010-11-17 00:00:00-05:00,GOOGL,2010-11-18 00:00:00-05:00,0.02229453486815114,True,14.493842124938965
2010-11-18 00:00:00-05:00,GOOGL,2010-11-19 00:00:00-05:00,-0.009605048683039685,False,14.816975593566895
2011-03-16 00:00:00-04:00,GOOGL,2011-03-17 00:00:00-04:00,0.007646753577581711,True,13.836892127990723
2011-03-17 00:00:00-04:00,GOOGL,2011-03-18 00:00:00-04:00,-0.0005343372562752746,False,13.942699432373047
2011-08-22 00:00:00-04:00,GOOGL,2011-08-23 00:00:00-04:00,0.04145165778113147,True,12.373228073120117
2011-11-23 00:00:00-05:00,GOOGL,2011-11-25 00:00:00-05:00,-0.012471286279706062,False,14.160029411315918
2011-11-25 00:00:00-05:00,GOOGL,2011-11-28 00:00:00-05:00,0.044742252362202084,True,13.98343563079834
2011-11-28 00:00:00-05:00,GOOGL,2011-11-29 00:00:00-05:00,-0.008942643247938808,False,14.609086036682129
2012-01-27 00:00:00-05:00,GOOGL,2012-01-30 00:00:00-05:00,-0.003948382904164105,False,14.405172348022461
2012-04-11 00:00:00-04:00,GOOGL,2012-04-12 00:00:00-04:00,0.02366488287586188,True,15.795568466186523
2012-12-31 00:00:00-05:00,GOOGL,2013-01-02 00:00:00-05:00,0.02243500807473131,True,17.56945037841797
2013-03-19 00:00:00-04:00,GOOGL,2013-03-20 00:00:00-04:00,0.004178438292951947,True,20.151046752929688
2013-05-28 00:00:00-04:00,GOOGL,2013-05-29 00:00:00-04:00,-0.014706116861018526,False,21.8884220123291
2013-07-30 00:00:00-04:00,GOOGL,2013-07-31 00:00:00-04:00,-0.0035581608893816563,False,22.128103256225586
2013-08-16 00:00:00-04:00,GOOGL,2013-08-19 00:00:00-04:00,0.0101993767510562,True,21.283384323120117
2013-08-19 00:00:00-04:00,GOOGL,2013-08-20 00:00:00-04:00,-0.00026569239615858997,False,21.50046157836914
2014-11-19 00:00:00-05:00,GOOGL,2014-11-20 00:00:00-05:00,-0.006286669546496926,False,27.154827117919922
2010-01-13 00:00:00-05:00,AMD,2010-01-14 00:00:00-05:00,-0.016393401615722336,False,9.149999618530273
2010-02-24 00:00:00-05:00,AMD,2010-02-25 00:00:00-05:00,-0.019875816205994545,False,8.050000190734863
2010-06-25 00:00:00-04:00,AMD,2010-06-28 00:00:00-04:00,-0.004944370963977263,False,8.09000015258789
2010-06-28 00:00:00-04:00,AMD,2010-06-29 00:00:00-04:00,-0.07080747306284763,False,8.050000190734863
2010-06-29 00:00:00-04:00,AMD,2010-06-30 00:00:00-04:00,-0.02139035387755628,False,7.480000019073486
2010-06-30 00:00:00-04:00,AMD,2010-07-01 00:00:00-04:00,0.009562799615116857,True,7.320000171661377
2010-07-01 00:00:00-04:00,AMD,2010-07-02 00:00:00-04:00,-0.029769931551605566,False,7.389999866485596
2010-08-12 00:00:00-04:00,AMD,2010-08-13 00:00:00-04:00,-0.012176620769095536,False,6.570000171661377
2010-08-25 00:00:00-04:00,AMD,2010-08-26 00:00:00-04:00,-0.04241439217420784,False,6.130000114440918
2010-10-20 00:00:00-04:00,AMD,2010-10-21 00:00:00-04:00,0.010263884613241459,True,6.820000171661377
2010-10-21 00:00:00-04:00,AMD,2010-10-22 00:00:00-04:00,0.0,True,6.889999866485596
2011-06-08 00:00:00-04:00,AMD,2011-06-09 00:00:00-04:00,0.0026246694523468506,True,7.619999885559082
2011-06-09 00:00:00-04:00,AMD,2011-06-10 00:00:00-04:00,-0.006544465284225809,False,7.639999866485596
2011-08-03 00:00:00-04:00,AMD,2011-08-04 00:00:00-04:00,-0.09217875160299871,False,7.159999847412109
2011-09-23 00:00:00-04:00,AMD,2011-09-26 00:00:00-04:00,0.03727715011822785,True,6.170000076293945
2012-03-23 00:00:00-04:00,AMD,2012-03-26 00:00:00-04:00,0.01854136164413922,True,8.09000015258789
2012-05-21 00:00:00-04:00,AMD,2012-05-22 00:00:00-04:00,-0.022222276045109735,False,6.300000190734863
2012-07-12 00:00:00-04:00,AMD,2012-07-13 00:00:00-04:00,0.004098356651125901,True,4.880000114440918
2012-07-13 00:00:00-04:00,AMD,2012-07-16 00:00:00-04:00,-0.01428574904060853,False,4.900000095367432
2012-07-26 00:00:00-04:00,AMD,2012-07-27 00:00:00-04:00,0.012376284952223093,True,4.039999961853027
2012-08-23 00:00:00-04:00,AMD,2012-08-24 00:00:00-04:00,0.010256400224333495,True,3.9000000953674316
2012-08-24 00:00:00-04:00,AMD,2012-08-27 00:00:00-04:00,-0.022842677990056348,False,3.940000057220459
2014-01-24 00:00:00-05:00,AMD,2014-01-27 00:00:00-05:00,-0.017291049649809875,False,3.4700000286102295
2014-01-27 00:00:00-05:00,AMD,2014-01-28 00:00:00-05:00,0.03812312983876964,True,3.4100000858306885
2014-01-28 00:00:00-05:00,AMD,2014-01-29 00:00:00-05:00,-0.01694913656104502,False,3.5399999618530273
2014-05-09 00:00:00-04:00,AMD,2014-05-12 00:00:00-04:00,0.025839831009891956,True,3.869999885559082
2014-05-12 00:00:00-04:00,AMD,2014-05-13 00:00:00-04:00,0.015113395658872042,True,3.9700000286102295
2014-06-25 00:00:00-04:00,AMD,2014-06-26 00:00:00-04:00,0.017676810855318248,True,3.9600000381469727
2014-10-02 00:00:00-04:00,AMD,2014-10-03 00:00:00-04:00,0.0029498496028923515,True,3.390000104904175
2014-11-17 00:00:00-05:00,AMD,2014-11-18 00:00:00-05:00,-0.00749062934645095,False,2.6700000762939453
2010-04-28 00:00:00-04:00,GOOG,2010-04-29 00:00:00-04:00,0.00530992417830678,True,13.08222770690918
2010-06-24 00:00:00-04:00,GOOG,2010-06-25 00:00:00-04:00,-0.0050937896981750885,False,11.745057106018066
2010-06-25 00:00:00-04:00,GOOG,2010-06-28 00:00:00-04:00,-0.0012693371306533585,False,11.685230255126953
2010-06-28 00:00:00-04:00,GOOG,2010-06-29 00:00:00-04:00,-0.03774779058679534,False,11.670397758483887
2010-06-29 00:00:00-04:00,GOOG,2010-06-30 00:00:00-04:00,-0.020494900881229405,False,11.229866027832031
2010-06-30 00:00:00-04:00,GOOG,2010-07-01 00:00:00-04:00,-0.012270989687648726,False,10.999711036682129
2010-07-01 00:00:00-04:00,GOOG,2010-07-02 00:00:00-04:00,-0.006689577062942931,False,10.864733695983887
2010-07-02 00:00:00-04:00,GOOG,2010-07-06 00:00:00-04:00,-0.0010995655112348013,False,10.79205322265625
2010-07-06 00:00:00-04:00,GOOG,2010-07-07 00:00:00-04:00,0.03240304515852799,True,10.780186653137207
2010-07-07 00:00:00-04:00,GOOG,2010-07-08 00:00:00-04:00,0.014127099249330977,True,11.129497528076172
2010-11-16 00:00:00-05:00,GOOG,2010-11-17 00:00:00-05:00,-0.00029131779136171154,False,14.430276870727539
2010-11-17 00:00:00-05:00,GOOG,2010-11-18 00:00:00-05:00,0.02229461895331175,True,14.42607307434082
2010-11-18 00:00:00-05:00,GOOG,2010-11-19 00:00:00-05:00,-0.009604967796017161,False,14.747696876525879
2011-03-16 00:00:00-04:00,GOOG,2011-03-17 00:00:00-04:00,0.007646943345062551,True,13.772196769714355
2011-03-17 00:00:00-04:00,GOOG,2011-03-18 00:00:00-04:00,-0.0005345107137855187,False,13.877511978149414
2011-08-22 00:00:00-04:00,GOOG,2011-08-23 00:00:00-04:00,0.04145154154814512,True,12.315377235412598
2011-11-23 00:00:00-05:00,GOOG,2011-11-25 00:00:00-05:00,-0.012471341701648875,False,14.093820571899414
2011-11-25 00:00:00-05:00,GOOG,2011-11-28 00:00:00-05:00,0.044742562680145204,True,13.918051719665527
2011-11-28 00:00:00-05:00,GOOG,2011-11-29 00:00:00-05:00,-0.008942610385152205,False,14.540781021118164
2012-01-27 00:00:00-05:00,GOOG,2012-01-30 00:00:00-05:00,-0.003948439743724608,False,14.33781909942627
2012-04-11 00:00:00-04:00,GOOG,2012-04-12 00:00:00-04:00,0.02366504397948921,True,15.72171401977539
2012-12-31 00:00:00-05:00,GOOG,2013-01-02 00:00:00-05:00,0.02243470605070641,True,17.4873046875
2013-03-19 00:00:00-04:00,GOOG,2013-03-20 00:00:00-04:00,0.004178476552117338,True,20.05682945251465
2013-05-28 00:00:00-04:00,GOOG,2013-05-29 00:00:00-04:00,-0.014706036851108939,False,21.78607940673828
2013-07-30 00:00:00-04:00,GOOG,2013-07-31 00:00:00-04:00,-0.0035581619664727393,False,22.024639129638672
2013-08-16 00:00:00-04:00,GOOG,2013-08-19 00:00:00-04:00,0.010199479599645178,True,21.183870315551758
2013-08-19 00:00:00-04:00,GOOG,2013-08-20 00:00:00-04:00,-0.00026587094928942623,False,21.399934768676758
2014-06-04 00:00:00-04:00,GOOG,2014-06-05 00:00:00-04:00,0.01696452483558697,True,26.956262588500977
2014-06-05 00:00:00-04:00,GOOG,2014-06-06 00:00:00-04:00,0.004387166638302409,True,27.413562774658203
2014-08-27 00:00:00-04:00,GOOG,2014-08-28 00:00:00-04:00,-0.003152403492528544,False,28.259876251220703
2014-08-28 00:00:00-04:00,GOOG,2014-08-29 00:00:00-04:00,0.0042164290491955025,True,28.17078971862793
2014-08-29 00:00:00-04:00,GOOG,2014-09-02 00:00:00-04:00,0.010024621285417368,True,28.289569854736328
2014-11-10 00:00:00-05:00,GOOG,2014-11-11 00:00:00-05:00,0.005114218172713292,True,27.096323013305664
2014-11-19 00:00:00-05:00,GOOG,2014-11-20 00:00:00-05:00,-0.004022370890054416,False,26.576656341552734
2010-01-25 00:00:00-05:00,BA,2010-01-26 00:00:00-05:00,-0.0012114019202473791,False,45.024314880371094
2010-05-20 00:00:00-04:00,BA,2010-05-21 00:00:00-04:00,0.024761872753307435,True,49.71394729614258
2010-05-21 00:00:00-04:00,BA,2010-05-24 00:00:00-04:00,-0.021839974271644524,False,50.9449577331543
2010-07-06 00:00:00-04:00,BA,2010-07-07 00:00:00-04:00,0.03161657119645178,True,48.41981506347656
2010-07-07 00:00:00-04:00,BA,2010-07-08 00:00:00-04:00,0.022590946636819487,True,49.95068359375
2010-08-26 00:00:00-04:00,BA,2010-08-27 00:00:00-04:00,0.030006348651119286,True,48.682273864746094
2010-11-15 00:00:00-05:00,BA,2010-11-16 00:00:00-05:00,-0.013047925159229479,False,50.80610656738281
2010-12-14 00:00:00-05:00,BA,2010-12-15 00:00:00-05:00,-0.0038766122711570983,False,51.508975982666016
2011-08-05 00:00:00-04:00,BA,2011-08-08 00:00:00-04:00,-0.06438256883510152,False,50.67662811279297
2011-08-08 00:00:00-04:00,BA,2011-08-09 00:00:00-04:00,0.061829491477341625,True,47.413936614990234
2011-08-09 00:00:00-04:00,BA,2011-08-10 00:00:00-04:00,-0.07283614094042368,False,50.345516204833984
2012-04-11 00:00:00-04:00,BA,2012-04-12 00:00:00-04:00,0.024104495023657524,True,59.07199478149414
2012-05-15 00:00:00-04:00,BA,2012-05-16 00:00:00-04:00,-0.003169173196289621,False,60.089332580566406
2012-05-16 00:00:00-04:00,BA,2012-05-17 00:00:00-04:00,-0.0362125868599924,False,59.89889907836914
2012-05-17 00:00:00-04:00,BA,2012-05-18 00:00:00-04:00,-0.00831762758199972,False,57.72980499267578
2012-05-18 00:00:00-04:00,BA,2012-05-21 00:00:00-04:00,0.03803294413841152,True,57.249629974365234
2012-05-21 00:00:00-04:00,BA,2012-05-22 00:00:00-04:00,-0.004179432179053699,False,59.427001953125
2012-08-16 00:00:00-04:00,BA,2012-08-17 00:00:00-04:00,0.0036665732675580376,True,61.3325309753418
2012-10-26 00:00:00-04:00,BA,2012-10-31 00:00:00-04:00,-0.009421935853209495,False,59.225379943847656
2012-10-31 00:00:00-04:00,BA,2012-11-01 00:00:00-04:00,0.004968692652206341,True,58.667362213134766
2012-11-01 00:00:00-04:00,BA,2012-11-02 00:00:00-04:00,-0.010453287431856917,False,58.9588623046875
2013-08-12 00:00:00-04:00,BA,2013-08-13 00:00:00-04:00,0.019090796108200525,True,88.76744079589844
2013-08-13 00:00:00-04:00,BA,2013-08-14 00:00:00-04:00,-0.01948596640343636,False,90.46208190917969
2013-12-05 00:00:00-05:00,BA,2013-12-06 00:00:00-05:00,0.018458828825908435,True,113.44050598144531
2014-02-04 00:00:00-05:00,BA,2014-02-05 00:00:00-05:00,-0.00524396061660648,False,104.30409240722656
2014-02-05 00:00:00-05:00,BA,2014-02-06 00:00:00-05:00,0.010461295559431205,True,103.75712585449219
2014-02-06 00:00:00-05:00,BA,2014-02-07 00:00:00-05:00,0.035460827755996904,True,104.84255981445312
2014-03-14 00:00:00-04:00,BA,2014-03-17 00:00:00-04:00,0.01876357479007673,True,105.81206512451172
2014-07-30 00:00:00-04:00,BA,2014-07-31 00:00:00-04:00,-0.014800863957575627,False,105.69702911376953
2014-07-31 00:00:00-04:00,BA,2014-08-01 00:00:00-04:00,-0.0008299587562956567,False,104.13262176513672
2014-08-01 00:00:00-04:00,BA,2014-08-04 00:00:00-04:00,-0.0037381367010171918,False,104.04619598388672
2014-08-04 00:00:00-04:00,BA,2014-08-05 00:00:00-04:00,0.011173097186308434,True,103.65725708007812
2014-08-05 00:00:00-04:00,BA,2014-08-06 00:00:00-04:00,-0.018251221688049157,False,104.8154296875
2014-12-04 00:00:00-05:00,BA,2014-12-05 00:00:00-05:00,0.006777316515321541,True,114.85546875
2014-12-05 00:00:00-05:00,BA,2014-12-08 00:00:00-05:00,-0.014598158239007675,False,115.63388061523438
2014-12-15 00:00:00-05:00,BA,2014-12-16 00:00:00-05:00,0.017775181626393577,True,106.7739486694336
2010-06-25 00:00:00-04:00,UNH,2010-06-28 00:00:00-04:00,-0.02309292846125488,False,23.42957878112793
2011-03-17 00:00:00-04:00,UNH,2011-03-18 00:00:00-04:00,0.007806775969735558,True,33.4727668762207
2011-04-11 00:00:00-04:00,UNH,2011-04-12 00:00:00-04:00,0.011056340806724574,True,35.096134185791016
2011-04-12 00:00:00-04:00,UNH,2011-04-13 00:00:00-04:00,-0.010712148684331346,False,35.484169006347656
2011-05-26 00:00:00-04:00,UNH,2011-05-27 00:00:00-04:00,0.012578206037252126,True,37.772708892822266
2011-05-27 00:00:00-04:00,UNH,2011-05-31 00:00:00-04:00,0.013457721820822277,True,38.24782180786133
2011-10-05 00:00:00-04:00,UNH,2011-10-06 00:00:00-04:00,0.011023827333774161,True,35.43806838989258
2012-05-18 00:00:00-04:00,UNH,2012-05-21 00:00:00-04:00,0.028894345241895714,True,43.31650924682617
2012-05-21 00:00:00-04:00,UNH,2012-05-22 00:00:00-04:00,0.003060275198803586,True,44.568111419677734
2012-11-14 00:00:00-05:00,UNH,2012-11-15 00:00:00-05:00,0.0,True,41.43734359741211
2012-11-15 00:00:00-05:00,UNH,2012-11-16 00:00:00-05:00,0.012682656219519695,True,41.43734359741211
2010-03-30 00:00:00-04:00,CRM,2010-03-31 00:00:00-04:00,-0.012730344398630078,False,18.62618637084961
2010-11-18 00:00:00-05:00,CRM,2010-11-19 00:00:00-05:00,0.18113495901293808,True,28.595062255859375
2010-12-30 00:00:00-05:00,CRM,2010-12-31 00:00:00-05:00,-0.0018149019567539337,False,32.66313934326172
2010-12-31 00:00:00-05:00,CRM,2011-01-03 00:00:00-05:00,0.034848283109700784,True,32.603858947753906
2011-01-03 00:00:00-05:00,CRM,2011-01-04 00:00:00-05:00,-0.006661691210979259,False,33.740047454833984
2011-08-23 00:00:00-04:00,CRM,2011-08-24 00:00:00-04:00,-0.018877414789338687,False,29.308889389038086
2011-11-23 00:00:00-05:00,CRM,2011-11-25 00:00:00-05:00,-0.008129257589900796,False,26.13001251220703
2011-11-25 00:00:00-05:00,CRM,2011-11-28 00:00:00-05:00,0.05956344450851936,True,25.91759490966797
2011-11-28 00:00:00-05:00,CRM,2011-11-29 00:00:00-05:00,-0.005306630269983681,False,27.461336135864258
2012-07-27 00:00:00-04:00,CRM,2012-07-30 00:00:00-04:00,-0.042740784990912495,False,32.477882385253906
2012-09-27 00:00:00-04:00,CRM,2012-09-28 00:00:00-04:00,-0.0031987352664949453,False,37.83529281616211
2013-02-11 00:00:00-05:00,CRM,2013-02-12 00:00:00-05:00,0.010138873677722149,True,42.145423889160156
2013-04-08 00:00:00-04:00,CRM,2013-04-09 00:00:00-04:00,-0.009169142278313003,False,41.2142333984375
2013-05-29 00:00:00-04:00,CRM,2013-05-30 00:00:00-04:00,0.01979474665623049,True,41.426658630371094
2014-07-10 00:00:00-04:00,CRM,2014-07-11 00:00:00-04:00,-0.0016574770667675542,False,53.64815902709961
2014-07-11 00:00:00-04:00,CRM,2014-07-14 00:00:00-04:00,0.009592362178035163,True,53.55923843383789
2014-07-14 00:00:00-04:00,CRM,2014-07-15 00:00:00-04:00,-0.01808871899874931,False,54.072998046875
2014-11-24 00:00:00-05:00,CRM,2014-11-25 00:00:00-05:00,0.021518240139027034,True,57.39266586303711
2014-11-25 00:00:00-05:00,CRM,2014-11-26 00:00:00-05:00,-0.001853745046486166,False,58.627655029296875
2010-01-27 00:00:00-05:00,V,2010-01-28 00:00:00-05:00,-0.015016111090034867,False,18.70282745361328
2010-03-22 00:00:00-04:00,V,2010-03-23 00:00:00-04:00,0.008292348093062563,True,19.920743942260742
2010-05-06 00:00:00-04:00,V,2010-05-07 00:00:00-04:00,-0.007596958990641611,False,18.50994300842285
2010-05-07 00:00:00-04:00,V,2010-05-10 00:00:00-04:00,0.04496244139645067,True,18.36932373046875
2010-05-10 00:00:00-04:00,V,2010-05-11 00:00:00-04:00,-0.021281735273838254,False,19.195253372192383
2012-10-25 00:00:00-04:00,V,2012-10-26 00:00:00-04:00,0.005525684208985915,True,31.280441284179688
2013-01-22 00:00:00-05:00,V,2013-01-23 00:00:00-05:00,0.0,True,36.2537841796875
2013-08-13 00:00:00-04:00,V,2013-08-14 00:00:00-04:00,-0.0030745563880263393,False,41.01484298706055
2013-08-14 00:00:00-04:00,V,2013-08-15 00:00:00-04:00,-0.024782954859051465,False,40.88874053955078
2013-08-15 00:00:00-04:00,V,2013-08-16 00:00:00-04:00,-0.004599307229169236,False,39.875396728515625
2013-08-16 00:00:00-04:00,V,2013-08-19 00:00:00-04:00,0.010685612395325839,True,39.69199752807617
2013-08-19 00:00:00-04:00,V,2013-08-20 00:00:00-04:00,-0.010058383239654134,False,40.11613082885742
2014-10-16 00:00:00-04:00,V,2014-10-17 00:00:00-04:00,0.014778402059704598,True,46.89564895629883
2010-04-22 00:00:00-04:00,MU,2010-04-23 00:00:00-04:00,0.006404260838841491,True,10.664366722106934
2010-05-03 00:00:00-04:00,MU,2010-05-04 00:00:00-04:00,-0.037411705268351136,False,9.649642944335938
2010-11-15 00:00:00-05:00,MU,2010-11-16 00:00:00-05:00,-0.026954118601783872,False,7.239670276641846
2010-11-16 00:00:00-05:00,MU,2010-11-17 00:00:00-05:00,-0.016620420425746074,False,7.044531345367432
2010-11-17 00:00:00-05:00,MU,2010-11-18 00:00:00-05:00,0.026760624651360754,True,6.927448272705078
2010-11-18 00:00:00-05:00,MU,2010-11-19 00:00:00-05:00,0.01371725412504432,True,7.112831115722656
2011-04-06 00:00:00-04:00,MU,2011-04-07 00:00:00-04:00,-0.008896603582207563,False,10.966832160949707
2011-05-05 00:00:00-04:00,MU,2011-05-06 00:00:00-04:00,-0.0036665679084194602,False,10.644852638244629
2011-06-08 00:00:00-04:00,MU,2011-06-09 00:00:00-04:00,-0.0011767092296642856,False,8.293424606323242
2011-06-09 00:00:00-04:00,MU,2011-06-10 00:00:00-04:00,-0.005889671637969496,False,8.283665657043457
2011-06-10 00:00:00-04:00,MU,2011-06-13 00:00:00-04:00,-0.017771959010503324,False,8.234877586364746
2011-06-13 00:00:00-04:00,MU,2011-06-14 00:00:00-04:00,0.013268743641996483,True,8.08852767944336
2011-06-14 00:00:00-04:00,MU,2011-06-15 00:00:00-04:00,-0.03928578327092913,False,8.195852279663086
2011-08-01 00:00:00-04:00,MU,2011-08-02 00:00:00-04:00,-0.04993250990982456,False,7.229912757873535
2011-08-09 00:00:00-04:00,MU,2011-08-10 00:00:00-04:00,-0.0759289284506316,False,6.03956413269043
2011-09-22 00:00:00-04:00,MU,2011-09-23 00:00:00-04:00,0.034214881623535476,True,6.2737298011779785
2011-09-23 00:00:00-04:00,MU,2011-09-26 00:00:00-04:00,-0.010526467412780516,False,6.48838472366333
2011-10-03 00:00:00-04:00,MU,2011-10-04 00:00:00-04:00,0.043880131530800615,True,4.224766731262207
2011-10-04 00:00:00-04:00,MU,2011-10-05 00:00:00-04:00,0.09513280436123561,True,4.410150051116943
2012-04-11 00:00:00-04:00,MU,2012-04-12 00:00:00-04:00,-0.002789421193057584,False,6.995746612548828
2012-04-25 00:00:00-04:00,MU,2012-04-26 00:00:00-04:00,0.012269804832800935,True,6.361544132232666
2012-08-16 00:00:00-04:00,MU,2012-08-17 00:00:00-04:00,-0.006051335876423369,False,6.449355125427246
2012-08-24 00:00:00-04:00,MU,2012-08-27 00:00:00-04:00,-0.011111269706242322,False,6.1468915939331055
2012-09-27 00:00:00-04:00,MU,2012-09-28 00:00:00-04:00,-0.006644487256120768,False,5.873694896697998
2012-10-25 00:00:00-04:00,MU,2012-10-26 00:00:00-04:00,-0.03866426873075368,False,5.55171537399292
2014-02-28 00:00:00-05:00,MU,2014-03-03 00:00:00-05:00,0.0119884751470003,True,23.60210609436035
2010-01-13 00:00:00-05:00,ADBE,2010-01-14 00:00:00-05:00,-0.010474015055226937,False,36.279998779296875
2010-01-27 00:00:00-05:00,ADBE,2010-01-28 00:00:00-05:00,-0.007543753910812967,False,33.13999938964844
2010-01-28 00:00:00-05:00,ADBE,2010-01-29 00:00:00-05:00,-0.017938588128207256,False,32.88999938964844
2010-01-29 00:00:00-05:00,ADBE,2010-02-01 00:00:00-05:00,0.005572764997754387,True,32.29999923706055
2010-02-01 00:00:00-05:00,ADBE,2010-02-02 00:00:00-05:00,0.015394088886910628,True,32.47999954223633
2010-05-06 00:00:00-04:00,ADBE,2010-05-07 00:00:00-04:00,-0.0021546169869199883,False,32.4900016784668
2010-05-07 00:00:00-04:00,ADBE,2010-05-10 00:00:00-04:00,0.05737201466387587,True,32.41999816894531
2010-05-10 00:00:00-04:00,ADBE,2010-05-11 00:00:00-04:00,-0.014002320867240514,False,34.279998779296875
2010-06-10 00:00:00-04:00,ADBE,2010-06-11 00:00:00-04:00,0.0003152657344991372,True,31.719999313354492
2010-06-28 00:00:00-04:00,ADBE,2010-06-29 00:00:00-04:00,-0.06337046442678496,False,28.719999313354492
2010-06-29 00:00:00-04:00,ADBE,2010-06-30 00:00:00-04:00,-0.01747209368102476,False,26.899999618530273
2010-06-30 00:00:00-04:00,ADBE,2010-07-01 00:00:00-04:00,0.008702214891434856,True,26.43000030517578
2010-07-01 00:00:00-04:00,ADBE,2010-07-02 00:00:00-04:00,0.002625644982177766,True,26.65999984741211
2010-08-17 00:00:00-04:00,ADBE,2010-08-18 00:00:00-04:00,0.005007199627371284,True,27.959999084472656
2010-11-19 00:00:00-05:00,ADBE,2010-11-22 00:00:00-05:00,0.011088000279162902,True,28.860000610351562
2011-03-16 00:00:00-04:00,ADBE,2011-03-17 00:00:00-04:00,-0.007790588931481768,False,32.09000015258789
2011-03-17 00:00:00-04:00,ADBE,2011-03-18 00:00:00-04:00,0.004711043272972004,True,31.84000015258789
2011-03-18 00:00:00-04:00,ADBE,2011-03-21 00:00:00-04:00,0.010940931040134716,True,31.989999771118164
2011-07-15 00:00:00-04:00,ADBE,2011-07-18 00:00:00-04:00,-0.017753514561619776,False,29.290000915527344
2011-07-18 00:00:00-04:00,ADBE,2011-07-19 00:00:00-04:00,0.021897780700124825,True,28.770000457763672
2011-07-19 00:00:00-04:00,ADBE,2011-07-20 00:00:00-04:00,-0.008163257626945586,False,29.399999618530273
2011-08-01 00:00:00-04:00,ADBE,2011-08-02 00:00:00-04:00,-0.02312972128239177,False,27.670000076293945
2011-08-02 00:00:00-04:00,ADBE,2011-08-03 00:00:00-04:00,0.012578621677796331,True,27.030000686645508
2011-08-03 00:00:00-04:00,ADBE,2011-08-04 00:00:00-04:00,-0.04457439471299984,False,27.3700008392334
2011-11-25 00:00:00-05:00,ADBE,2011-11-28 00:00:00-05:00,0.030584627094880634,True,25.829999923706055
2011-11-28 00:00:00-05:00,ADBE,2011-11-29 00:00:00-05:00,-0.020661199363997462,False,26.6200008392334
2012-11-14 00:00:00-05:00,ADBE,2012-11-15 00:00:00-05:00,0.012406876251771504,True,32.2400016784668
2012-11-15 00:00:00-05:00,ADBE,2012-11-16 00:00:00-05:00,0.0003064380029873526,True,32.63999938964844
2013-05-28 00:00:00-04:00,ADBE,2013-05-29 00:00:00-04:00,-0.0072244552410482,False,42.90999984741211
2013-07-30 00:00:00-04:00,ADBE,2013-07-31 00:00:00-04:00,-0.0016892278298915597,False,47.36000061035156
2013-08-20 00:00:00-04:00,ADBE,2013-08-21 00:00:00-04:00,0.001553132800048651,True,45.06999969482422
2013-12-06 00:00:00-05:00,ADBE,2013-12-09 00:00:00-05:00,-0.002877695176315198,False,55.599998474121094
2014-08-05 00:00:00-04:00,ADBE,2014-08-06 00:00:00-04:00,-0.010729271432104892,False,68.97000122070312
2014-12-09 00:00:00-05:00,ADBE,2014-12-10 00:00:00-05:00,-0.02403243297523039,False,71.56999969482422
2014-12-10 00:00:00-05:00,ADBE,2014-12-11 00:00:00-05:00,-0.0015748119220405643,False,69.8499984741211
2014-12-11 00:00:00-05:00,ADBE,2014-12-12 00:00:00-05:00,0.09004873776400535,True,69.73999786376953
2014-12-12 00:00:00-05:00,ADBE,2014-12-15 00:00:00-05:00,-0.0392001560001497,False,76.0199966430664
2010-03-11 00:00:00-05:00,GLD,2010-03-12 00:00:00-05:00,-0.0059852811695370045,False,108.5999984741211
2011-01-10 00:00:00-05:00,GLD,2011-01-11 00:00:00-05:00,0.0058903114649804245,True,134.1199951171875
2013-02-21 00:00:00-05:00,GLD,2013-02-22 00:00:00-05:00,0.002293317486000923,True,152.6199951171875
2013-05-16 00:00:00-04:00,GLD,2013-05-17 00:00:00-04:00,-0.02252210527369891,False,134.08999633789062
2013-05-17 00:00:00-04:00,GLD,2013-05-20 00:00:00-04:00,0.030899424480465454,True,131.07000732421875
2013-05-20 00:00:00-04:00,GLD,2013-05-21 00:00:00-04:00,-0.01657778504530205,False,135.1199951171875
2013-08-05 00:00:00-04:00,GLD,2013-08-06 00:00:00-04:00,-0.013762893950199584,False,125.69999694824219
2013-08-06 00:00:00-04:00,GLD,2013-08-07 00:00:00-04:00,0.0014519666322767577,True,123.97000122070312
2013-08-07 00:00:00-04:00,GLD,2013-08-08 00:00:00-04:00,0.02182842570410881,True,124.1500015258789
2013-11-05 00:00:00-05:00,GLD,2013-11-06 00:00:00-05:00,0.005056885287565871,True,126.55999755859375
2013-11-06 00:00:00-05:00,GLD,2013-11-07 00:00:00-05:00,-0.008176048043114226,False,127.19999694824219
2014-04-02 00:00:00-04:00,GLD,2014-04-03 00:00:00-04:00,-0.003217515499202128,False,124.31999969482422
2014-06-02 00:00:00-04:00,GLD,2014-06-03 00:00:00-04:00,0.002589851260583753,True,119.69999694824219
2014-06-03 00:00:00-04:00,GLD,2014-06-04 00:00:00-04:00,-0.002083159699607484,False,120.01000213623047
2014-08-22 00:00:00-04:00,GLD,2014-08-25 00:00:00-04:00,-0.003652930990489689,False,123.19000244140625
2011-01-11 00:00:00-05:00,ASML,2011-01-12 00:00:00-05:00,0.019863484015849142,True,34.660221099853516
2011-03-11 00:00:00-05:00,ASML,2011-03-14 00:00:00-04:00,0.0077613480628513365,True,38.885459899902344
2011-07-15 00:00:00-04:00,ASML,2011-07-18 00:00:00-04:00,-0.0032054211986956016,False,32.799705505371094
2011-08-03 00:00:00-04:00,ASML,2011-08-04 00:00:00-04:00,-0.050057064018567354,False,33.411346435546875
2011-11-23 00:00:00-05:00,ASML,2011-11-25 00:00:00-05:00,-0.01388876810964046,False,35.0933837890625
2011-11-25 00:00:00-05:00,ASML,2011-11-28 00:00:00-05:00,0.035625430594979024,True,34.605979919433594
2011-11-28 00:00:00-05:00,ASML,2011-11-29 00:00:00-05:00,-0.00826668838049438,False,35.83883285522461
2012-03-07 00:00:00-05:00,ASML,2012-03-08 00:00:00-05:00,0.014899170134388129,True,43.61824417114258
2012-06-27 00:00:00-04:00,ASML,2012-06-28 00:00:00-04:00,-0.007946169831836603,False,47.45658493041992
2012-09-25 00:00:00-04:00,ASML,2012-09-26 00:00:00-04:00,-0.014041741637774496,False,51.64334487915039
2012-10-15 00:00:00-04:00,ASML,2012-10-16 00:00:00-04:00,0.014769329196447911,True,51.06321716308594
2012-10-16 00:00:00-04:00,ASML,2012-10-17 00:00:00-04:00,-0.0654969144079961,False,51.817386627197266
2013-10-21 00:00:00-04:00,ASML,2013-10-22 00:00:00-04:00,0.010414460349895238,True,82.77534484863281
2014-02-04 00:00:00-05:00,ASML,2014-02-05 00:00:00-05:00,0.012724530419183422,True,74.73245239257812
2014-02-05 00:00:00-05:00,ASML,2014-02-06 00:00:00-05:00,0.01972727143511377,True,75.68338775634766
2014-04-09 00:00:00-04:00,ASML,2014-04-10 00:00:00-04:00,-0.027164267270048614,False,82.1176986694336
2014-04-17 00:00:00-04:00,ASML,2014-04-21 00:00:00-04:00,0.0,True,72.56395721435547
2014-04-21 00:00:00-04:00,ASML,2014-04-22 00:00:00-04:00,0.0003674652666467715,True,72.56395721435547
2014-05-06 00:00:00-04:00,ASML,2014-05-07 00:00:00-04:00,0.007008875050396268,True,71.72019958496094
2014-05-07 00:00:00-04:00,ASML,2014-05-08 00:00:00-04:00,0.005468500845675406,True,72.2228775024414
2014-07-15 00:00:00-04:00,ASML,2014-07-16 00:00:00-04:00,-0.024715718408006238,False,81.3517074584961
2014-07-16 00:00:00-04:00,ASML,2014-07-17 00:00:00-04:00,-0.02466327589053552,False,79.3410415649414
2014-07-17 00:00:00-04:00,ASML,2014-07-18 00:00:00-04:00,-0.004292063832593951,False,77.38423156738281
2014-07-18 00:00:00-04:00,ASML,2014-07-21 00:00:00-04:00,0.018872460584677953,True,77.05209350585938
2014-07-21 00:00:00-04:00,ASML,2014-07-22 00:00:00-04:00,-0.0032015636194151487,False,78.50625610351562
2014-07-29 00:00:00-04:00,ASML,2014-07-30 00:00:00-04:00,0.14241093754146172,True,74.75418090820312
2014-07-30 00:00:00-04:00,ASML,2014-07-31 00:00:00-04:00,-0.010300576725091992,False,85.39999389648438
2010-04-16 00:00:00-04:00,WMT,2010-04-19 00:00:00-04:00,0.005174720517865161,True,13.004581451416016
2010-04-19 00:00:00-04:00,WMT,2010-04-20 00:00:00-04:00,0.0023899718505833167,True,13.071876525878906
2011-03-17 00:00:00-04:00,WMT,2011-03-18 00:00:00-04:00,0.0029196809494513865,True,12.647364616394043
2011-03-18 00:00:00-04:00,WMT,2011-03-21 00:00:00-04:00,0.007764102293434938,True,12.684290885925293
2011-08-01 00:00:00-04:00,WMT,2011-08-02 00:00:00-04:00,-0.017864013145236557,False,13.0408353805542
2011-08-02 00:00:00-04:00,WMT,2011-08-03 00:00:00-04:00,-0.007740340694722292,False,12.807873725891113
2011-08-03 00:00:00-04:00,WMT,2011-08-04 00:00:00-04:00,-0.02301074975108952,False,12.708736419677734
2011-08-04 00:00:00-04:00,WMT,2011-08-05 00:00:00-04:00,0.01497008356661933,True,12.416298866271973
2011-08-05 00:00:00-04:00,WMT,2011-08-08 00:00:00-04:00,-0.037954842222480356,False,12.602171897888184
2013-05-23 00:00:00-04:00,WMT,2013-05-24 00:00:00-04:00,0.012838846305611051,True,19.890947341918945
2013-05-24 00:00:00-04:00,WMT,2013-05-28 00:00:00-04:00,0.000129325737639574,True,20.146324157714844
2013-07-31 00:00:00-04:00,WMT,2013-08-01 00:00:00-04:00,0.0035925082375072304,True,20.310495376586914
2013-08-20 00:00:00-04:00,WMT,2013-08-21 00:00:00-04:00,0.004369347942797308,True,19.198997497558594
2013-08-21 00:00:00-04:00,WMT,2013-08-22 00:00:00-04:00,-0.0012233692407900287,False,19.28288459777832
2013-08-29 00:00:00-04:00,WMT,2013-08-30 00:00:00-04:00,0.007593536092800335,True,18.98925018310547
2013-10-01 00:00:00-04:00,WMT,2013-10-02 00:00:00-04:00,0.0017668314371432903,True,19.293371200561523
2013-10-02 00:00:00-04:00,WMT,2013-10-03 00:00:00-04:00,-0.0075960547332000194,False,19.32745933532715
2014-01-23 00:00:00-05:00,WMT,2014-01-24 00:00:00-05:00,-0.007203786182725658,False,19.766956329345703
2014-01-24 00:00:00-05:00,WMT,2014-01-27 00:00:00-05:00,-0.0036282716137094884,False,19.62455940246582
2014-01-27 00:00:00-05:00,WMT,2014-01-28 00:00:00-05:00,0.007012570732930268,True,19.553356170654297
2014-01-28 00:00:00-05:00,WMT,2014-01-29 00:00:00-05:00,-0.00763327870059316,False,19.690475463867188
2014-06-13 00:00:00-04:00,WMT,2014-06-16 00:00:00-04:00,0.0007970725870218853,True,20.103107452392578
2014-06-16 00:00:00-04:00,WMT,2014-06-17 00:00:00-04:00,-0.00464590278226118,False,20.119131088256836
2014-07-31 00:00:00-04:00,WMT,2014-08-01 00:00:00-04:00,-0.000543594165021366,False,19.64912986755371
2014-08-01 00:00:00-04:00,WMT,2014-08-04 00:00:00-04:00,0.0,True,19.63844871520996
2014-08-04 00:00:00-04:00,WMT,2014-08-05 00:00:00-04:00,-0.0027193519785886355,False,19.63844871520996
2012-10-12 00:00:00-04:00,NOW,2012-10-15 00:00:00-04:00,0.03571427293675078,True,6.664000034332275
2012-10-15 00:00:00-04:00,NOW,2012-10-16 00:00:00-04:00,-0.0057954161316181585,False,6.9019999504089355
2012-11-14 00:00:00-05:00,NOW,2012-11-15 00:00:00-05:00,0.10727963907862303,True,5.742000102996826
2012-11-15 00:00:00-05:00,NOW,2012-11-16 00:00:00-05:00,-0.045297206505145016,False,6.357999801635742
2012-12-31 00:00:00-05:00,NOW,2013-01-02 00:00:00-05:00,0.005660992283352151,True,6.00600004196167
2013-03-20 00:00:00-04:00,NOW,2013-03-21 00:00:00-04:00,0.03567313910907588,True,6.952000141143799
2013-12-13 00:00:00-05:00,NOW,2013-12-16 00:00:00-05:00,0.016623809829828584,True,10.105999946594238
2014-03-26 00:00:00-04:00,NOW,2014-03-27 00:00:00-04:00,0.025369227722673804,True,11.510000228881836
2014-03-27 00:00:00-04:00,NOW,2014-03-28 00:00:00-04:00,-0.01864093087404628,False,11.802000045776367
2014-04-09 00:00:00-04:00,NOW,2014-04-10 00:00:00-04:00,-0.07744164001400622,False,10.97599983215332
2010-05-20 00:00:00-04:00,MA,2010-05-21 00:00:00-04:00,0.04063259967783073,True,18.919002532958984
2010-08-25 00:00:00-04:00,MA,2010-08-26 00:00:00-04:00,-0.01426465721200465,False,18.989439010620117
2011-02-24 00:00:00-05:00,MA,2011-02-25 00:00:00-05:00,0.010361301843235138,True,22.52671241760254
2011-10-05 00:00:00-04:00,MA,2011-10-06 00:00:00-04:00,0.009351260849230325,True,28.950464248657227
2012-01-09 00:00:00-05:00,MA,2012-01-10 00:00:00-05:00,0.008704289027409384,True,31.96587371826172
2012-05-09 00:00:00-04:00,MA,2012-05-10 00:00:00-04:00,0.00035453944107421975,True,39.11109161376953
2012-05-10 00:00:00-04:00,MA,2012-05-11 00:00:00-04:00,-0.0013710499803391007,False,39.12495803833008
2012-10-25 00:00:00-04:00,MA,2012-10-26 00:00:00-04:00,0.00805575852320528,True,41.61961364746094
2012-10-26 00:00:00-04:00,MA,2012-10-31 00:00:00-04:00,0.01755038063876313,True,41.954891204833984
2014-11-18 00:00:00-05:00,MA,2014-11-19 00:00:00-05:00,0.004529113163927789,True,78.44149017333984
2010-01-27 00:00:00-05:00,ORCL,2010-01-28 00:00:00-05:00,-0.01634550095706666,False,19.309314727783203
2010-01-28 00:00:00-05:00,ORCL,2010-01-29 00:00:00-05:00,-0.01746918056999658,False,18.993694305419922
2010-01-29 00:00:00-05:00,ORCL,2010-02-01 00:00:00-05:00,0.006938632213858931,True,18.661890029907227
2010-02-01 00:00:00-05:00,ORCL,2010-02-02 00:00:00-05:00,0.02325536073853951,True,18.791378021240234
2010-05-20 00:00:00-04:00,ORCL,2010-05-21 00:00:00-04:00,-0.008501191278224685,False,18.121984481811523
2010-05-21 00:00:00-04:00,ORCL,2010-05-24 00:00:00-04:00,0.005414650468007265,True,17.967926025390625
2010-05-24 00:00:00-04:00,ORCL,2010-05-25 00:00:00-04:00,-0.003590608165064957,False,18.065216064453125
2010-11-12 00:00:00-05:00,ORCL,2010-11-15 00:00:00-05:00,0.002824599105238912,True,23.054170608520508
2010-11-15 00:00:00-05:00,ORCL,2010-11-16 00:00:00-05:00,-0.028872964861631267,False,23.11928939819336
2011-06-08 00:00:00-04:00,ORCL,2011-06-09 00:00:00-04:00,0.012160127398215481,True,25.52589225769043
2011-06-09 00:00:00-04:00,ORCL,2011-06-10 00:00:00-04:00,-0.014227290710225438,False,25.83629035949707
2011-08-01 00:00:00-04:00,ORCL,2011-08-02 00:00:00-04:00,-0.018598352534870743,False,24.638256072998047
2011-08-02 00:00:00-04:00,ORCL,2011-08-03 00:00:00-04:00,0.021658402418117895,True,24.180025100708008
2011-08-03 00:00:00-04:00,ORCL,2011-08-04 00:00:00-04:00,-0.04339181370531364,False,24.703725814819336
2011-11-23 00:00:00-05:00,ORCL,2011-11-25 00:00:00-05:00,-0.008965595079371003,False,23.77741050720215
2011-11-25 00:00:00-05:00,ORCL,2011-11-28 00:00:00-05:00,0.03931864517739525,True,23.564231872558594
2011-11-28 00:00:00-05:00,ORCL,2011-11-29 00:00:00-05:00,-0.004352656702338975,False,24.490745544433594
2012-11-14 00:00:00-05:00,ORCL,2012-11-15 00:00:00-05:00,0.012508404907147774,True,24.4548397064209
2012-11-15 00:00:00-05:00,ORCL,2012-11-16 00:00:00-05:00,0.0016696511118605706,True,24.760730743408203
2010-02-26 00:00:00-05:00,QCOM,2010-03-01 00:00:00-05:00,-0.030534415017490324,False,24.61891746520996
2010-03-01 00:00:00-05:00,QCOM,2010-03-02 00:00:00-05:00,0.0666478173633569,True,23.8671932220459
2010-03-02 00:00:00-05:00,QCOM,2010-03-03 00:00:00-05:00,0.02003706227177915,True,25.457889556884766
2010-04-28 00:00:00-04:00,QCOM,2010-04-29 00:00:00-04:00,0.004121313417836614,True,26.05524253845215
2010-06-25 00:00:00-04:00,QCOM,2010-06-28 00:00:00-04:00,-0.0153310315922226,False,23.32718276977539
2010-06-28 00:00:00-04:00,QCOM,2010-06-29 00:00:00-04:00,-0.026439090164540824,False,22.969552993774414
2010-06-29 00:00:00-04:00,QCOM,2010-06-30 00:00:00-04:00,-0.00905284971406306,False,22.362258911132812
2010-06-30 00:00:00-04:00,QCOM,2010-07-01 00:00:00-04:00,-0.02679657631531973,False,22.15981674194336
2010-07-01 00:00:00-04:00,QCOM,2010-07-02 00:00:00-04:00,0.012828298015353568,True,21.566009521484375
2010-07-02 00:00:00-04:00,QCOM,2010-07-06 00:00:00-04:00,0.008650220353101146,True,21.84266471862793
2011-03-11 00:00:00-05:00,QCOM,2011-03-14 00:00:00-04:00,-0.002425027281556913,False,36.62068176269531
2011-03-14 00:00:00-04:00,QCOM,2011-03-15 00:00:00-04:00,-0.008974677056980074,False,36.53187561035156
2011-03-15 00:00:00-04:00,QCOM,2011-03-16 00:00:00-04:00,-0.0471701403431688,False,36.20401382446289
2011-03-16 00:00:00-04:00,QCOM,2011-03-17 00:00:00-04:00,0.036039521888172166,True,34.49626541137695
2011-03-17 00:00:00-04:00,QCOM,2011-03-18 00:00:00-04:00,-0.011659006922268511,False,35.73949432373047
2011-08-23 00:00:00-04:00,QCOM,2011-08-24 00:00:00-04:00,0.0017762373817113986,True,32.955352783203125
2012-04-11 00:00:00-04:00,QCOM,2012-04-12 00:00:00-04:00,0.03186333156379395,True,45.946372985839844
2012-05-18 00:00:00-04:00,QCOM,2012-05-21 00:00:00-04:00,0.022151265017009925,True,38.84138870239258
2012-05-21 00:00:00-04:00,QCOM,2012-05-22 00:00:00-04:00,0.012408453759960691,True,39.70177459716797
2012-09-27 00:00:00-04:00,QCOM,2012-09-28 00:00:00-04:00,-0.016065027441824364,False,44.42422866821289
2012-10-12 00:00:00-04:00,QCOM,2012-10-15 00:00:00-04:00,0.006791923568294278,True,41.205596923828125
2012-10-15 00:00:00-04:00,QCOM,2012-10-16 00:00:00-04:00,0.018047082504035528,True,41.4854621887207
2012-10-25 00:00:00-04:00,QCOM,2012-10-26 00:00:00-04:00,0.02803436757493527,True,40.184017181396484
2012-10-26 00:00:00-04:00,QCOM,2012-10-31 00:00:00-04:00,-0.00728337984136207,False,41.310550689697266
2013-06-12 00:00:00-04:00,QCOM,2013-06-13 00:00:00-04:00,0.013909772085945349,True,43.32535934448242
2013-06-13 00:00:00-04:00,QCOM,2013-06-14 00:00:00-04:00,-0.00936106520423885,False,43.92800521850586
2010-06-10 00:00:00-04:00,GS,2010-06-11 00:00:00-04:00,0.013978870157142609,True,101.44967651367188
2010-06-11 00:00:00-04:00,GS,2010-06-14 00:00:00-04:00,-0.01621935087293036,False,102.86782836914062
2010-07-06 00:00:00-04:00,GS,2010-07-07 00:00:00-04:00,0.02699240015370674,True,100.30447387695312
2011-04-19 00:00:00-04:00,GS,2011-04-20 00:00:00-04:00,0.0055311359721748055,True,115.9581527709961
2011-04-20 00:00:00-04:00,GS,2011-04-21 00:00:00-04:00,0.005304086244172668,True,116.59953308105469
2011-06-29 00:00:00-04:00,GS,2011-06-30 00:00:00-04:00,0.004225173440181473,True,101.45865631103516
2011-07-15 00:00:00-04:00,GS,2011-07-18 00:00:00-04:00,-0.006376978042697212,False,99.64427947998047
2011-09-23 00:00:00-04:00,GS,2011-09-26 00:00:00-04:00,0.04160527677801373,True,73.08564758300781
2011-11-23 00:00:00-05:00,GS,2011-11-25 00:00:00-05:00,0.009785126724948467,True,67.48788452148438
2011-11-25 00:00:00-05:00,GS,2011-11-28 00:00:00-05:00,0.022872981951291838,True,68.14826202392578
2011-12-19 00:00:00-05:00,GS,2011-12-20 00:00:00-05:00,0.03740018831233405,True,67.60262298583984
2011-12-20 00:00:00-05:00,GS,2011-12-21 00:00:00-05:00,0.011210909414898884,True,70.13097381591797
2012-04-11 00:00:00-04:00,GS,2012-04-12 00:00:00-04:00,0.03847111748775833,True,89.63336181640625
2012-04-24 00:00:00-04:00,GS,2012-04-25 00:00:00-04:00,-0.0011393999056725779,False,88.22618103027344
2012-05-15 00:00:00-04:00,GS,2012-05-16 00:00:00-04:00,-0.016721459295020336,False,77.21623992919922
2012-09-24 00:00:00-04:00,GS,2012-09-25 00:00:00-04:00,-0.02658663408742845,False,90.98035430908203
2012-09-25 00:00:00-04:00,GS,2012-09-26 00:00:00-04:00,-0.003700400725986319,False,88.56149291992188
2012-09-26 00:00:00-04:00,GS,2012-09-27 00:00:00-04:00,0.019013438676666716,True,88.23377990722656
2012-09-27 00:00:00-04:00,GS,2012-09-28 00:00:00-04:00,-0.013451826528731559,False,89.91140747070312
2012-12-31 00:00:00-05:00,GS,2013-01-02 00:00:00-05:00,0.032141919116014384,True,99.95429229736328
2013-08-13 00:00:00-04:00,GS,2013-08-14 00:00:00-04:00,-0.0022602743692071714,False,129.12364196777344
2013-09-30 00:00:00-04:00,GS,2013-10-01 00:00:00-04:00,0.004993469000819983,True,125.19404602050781
2013-10-01 00:00:00-04:00,GS,2013-10-02 00:00:00-04:00,-0.002075266742480042,False,125.81919860839844
2013-10-09 00:00:00-04:00,GS,2013-10-10 00:00:00-04:00,0.023115581465732893,True,122.2108154296875
2014-03-17 00:00:00-04:00,GS,2014-03-18 00:00:00-04:00,0.00749232231566932,True,132.90379333496094
2014-10-16 00:00:00-04:00,GS,2014-10-17 00:00:00-04:00,0.025090164608717602,True,138.37301635742188
2014-10-17 00:00:00-04:00,GS,2014-10-20 00:00:00-04:00,0.005256809906946547,True,141.84481811523438
2010-08-25 00:00:00-04:00,AMAT,2010-08-26 00:00:00-04:00,-0.016806714100066622,False,8.397549629211426
2011-03-11 00:00:00-05:00,AMAT,2011-03-14 00:00:00-04:00,-0.002666835581774829,False,11.87893009185791
2011-04-19 00:00:00-04:00,AMAT,2011-04-20 00:00:00-04:00,0.045858912165426924,True,11.570074081420898
2011-07-15 00:00:00-04:00,AMAT,2011-07-18 00:00:00-04:00,-0.012048052587447011,False,9.917678833007812
2011-09-23 00:00:00-04:00,AMAT,2011-09-26 00:00:00-04:00,-0.019829771120617568,False,8.497466087341309
2011-11-23 00:00:00-05:00,AMAT,2011-11-25 00:00:00-05:00,-0.004897508759090563,False,8.251337051391602
2011-11-25 00:00:00-05:00,AMAT,2011-11-28 00:00:00-05:00,0.02362209022762496,True,8.210926055908203
2011-11-28 00:00:00-05:00,AMAT,2011-11-29 00:00:00-05:00,-0.014422974912179587,False,8.404885292053223
2012-03-07 00:00:00-05:00,AMAT,2012-03-08 00:00:00-05:00,0.00743817625401344,True,9.839357376098633
2012-04-11 00:00:00-04:00,AMAT,2012-04-12 00:00:00-04:00,0.012583738101928477,True,9.692985534667969
2012-05-07 00:00:00-04:00,AMAT,2012-05-08 00:00:00-04:00,-0.00268043043677757,False,9.099367141723633
2012-05-08 00:00:00-04:00,AMAT,2012-05-09 00:00:00-04:00,-0.0071686015357821375,False,9.074976921081543
2012-05-09 00:00:00-04:00,AMAT,2012-05-10 00:00:00-04:00,-0.0018050109721127194,False,9.00992202758789
2012-05-10 00:00:00-04:00,AMAT,2012-05-11 00:00:00-04:00,-0.007233523866885583,False,8.993659019470215
2012-05-11 00:00:00-04:00,AMAT,2012-05-14 00:00:00-04:00,-0.00273169499992465,False,8.928603172302246
2012-05-14 00:00:00-04:00,AMAT,2012-05-15 00:00:00-04:00,-0.01278561348581475,False,8.904212951660156
2012-05-15 00:00:00-04:00,AMAT,2012-05-16 00:00:00-04:00,-0.013875869988048684,False,8.790367126464844
2012-05-16 00:00:00-04:00,AMAT,2012-05-17 00:00:00-04:00,-0.016885804880351074,False,8.6683931350708
2012-05-17 00:00:00-04:00,AMAT,2012-05-18 00:00:00-04:00,-0.011450331278495707,False,8.52202033996582
2012-05-18 00:00:00-04:00,AMAT,2012-05-21 00:00:00-04:00,0.02895773962927728,True,8.424440383911133
2012-05-21 00:00:00-04:00,AMAT,2012-05-22 00:00:00-04:00,-0.002838339621379471,False,8.6683931350708
2012-07-12 00:00:00-04:00,AMAT,2012-07-13 00:00:00-04:00,0.010607255569145657,True,8.504372596740723
2012-07-13 00:00:00-04:00,AMAT,2012-07-16 00:00:00-04:00,-0.009541757937770345,False,8.59458065032959
2012-11-01 00:00:00-04:00,AMAT,2012-11-02 00:00:00-04:00,-0.012785248074455247,False,9.048056602478027
2012-11-19 00:00:00-05:00,AMAT,2012-11-20 00:00:00-05:00,0.0028957637668027836,True,8.637121200561523
2013-03-13 00:00:00-04:00,AMAT,2013-03-14 00:00:00-04:00,0.00366821915393567,True,11.43742847442627
2014-07-28 00:00:00-04:00,AMAT,2014-07-29 00:00:00-04:00,-0.007958833909883722,False,18.458698272705078
2010-01-28 00:00:00-05:00,DIS,2010-01-29 00:00:00-05:00,0.006814486589699742,True,24.976533889770508
2010-06-28 00:00:00-04:00,DIS,2010-06-29 00:00:00-04:00,-0.027694196417878736,False,28.269868850708008
2010-06-29 00:00:00-04:00,DIS,2010-06-30 00:00:00-04:00,-0.024767883494105414,False,27.486957550048828
2010-06-30 00:00:00-04:00,DIS,2010-07-01 00:00:00-04:00,-0.00031748629408390183,False,26.806163787841797
2010-07-01 00:00:00-04:00,DIS,2010-07-02 00:00:00-04:00,-0.003493173656240578,False,26.797653198242188
2010-07-02 00:00:00-04:00,DIS,2010-07-06 00:00:00-04:00,0.010834956476896362,True,26.704044342041016
2010-07-06 00:00:00-04:00,DIS,2010-07-07 00:00:00-04:00,0.044766768044727234,True,26.99338150024414
2010-08-26 00:00:00-04:00,DIS,2010-08-27 00:00:00-04:00,0.02629928585478236,True,27.180601119995117
2010-08-27 00:00:00-04:00,DIS,2010-08-30 00:00:00-04:00,-0.013117733452579272,False,27.895431518554688
2011-04-07 00:00:00-04:00,DIS,2011-04-08 00:00:00-04:00,-0.006660418338442553,False,36.166900634765625
2011-04-08 00:00:00-04:00,DIS,2011-04-11 00:00:00-04:00,0.0031133634444346914,True,35.9260139465332
2011-04-11 00:00:00-04:00,DIS,2011-04-12 00:00:00-04:00,-0.006206871731143204,False,36.037864685058594
2011-07-29 00:00:00-04:00,DIS,2011-08-01 00:00:00-04:00,-0.004660805660110734,False,33.22468948364258
2011-08-01 00:00:00-04:00,DIS,2011-08-02 00:00:00-04:00,-0.038241693821670864,False,33.0698356628418
2011-08-02 00:00:00-04:00,DIS,2011-08-03 00:00:00-04:00,0.012442819611229394,True,31.80518913269043
2011-08-03 00:00:00-04:00,DIS,2011-08-04 00:00:00-04:00,-0.055570587500808566,False,32.20093536376953
2011-09-23 00:00:00-04:00,DIS,2011-09-26 00:00:00-04:00,0.015755987659564985,True,25.66267204284668
2012-07-11 00:00:00-04:00,DIS,2012-07-12 00:00:00-04:00,0.0029617788090741115,True,41.349151611328125
2012-07-12 00:00:00-04:00,DIS,2012-07-13 00:00:00-04:00,0.01645213703013071,True,41.47161865234375
2012-10-26 00:00:00-04:00,DIS,2012-10-31 00:00:00-04:00,-0.019169455380148914,False,43.80718231201172
2012-10-31 00:00:00-04:00,DIS,2012-11-01 00:00:00-04:00,0.01343649466443031,True,42.96742248535156
2012-11-01 00:00:00-04:00,DIS,2012-11-02 00:00:00-04:00,0.0016070964895651407,True,43.54475402832031
2012-12-31 00:00:00-05:00,DIS,2013-01-02 00:00:00-05:00,0.026310364060991187,True,44.222328186035156
2010-06-29 00:00:00-04:00,MCD,2010-06-30 00:00:00-04:00,-0.0088778692345024,False,43.66384506225586
2010-06-30 00:00:00-04:00,MCD,2010-07-01 00:00:00-04:00,0.012752414210923435,True,43.27620315551758
2010-07-01 00:00:00-04:00,MCD,2010-07-02 00:00:00-04:00,-0.00854458264878144,False,43.82807922363281
2011-06-03 00:00:00-04:00,MCD,2011-06-06 00:00:00-04:00,0.001986722422491427,True,54.571041107177734
2011-06-06 00:00:00-04:00,MCD,2011-06-07 00:00:00-04:00,0.005452252605224084,True,54.67945861816406
2011-08-01 00:00:00-04:00,MCD,2011-08-02 00:00:00-04:00,-0.015395113729023135,False,58.5347900390625
2011-08-02 00:00:00-04:00,MCD,2011-08-03 00:00:00-04:00,0.005643118460677998,True,57.63364028930664
2011-08-03 00:00:00-04:00,MCD,2011-08-04 00:00:00-04:00,-0.014730243469425308,False,57.9588737487793
2012-05-10 00:00:00-04:00,MCD,2012-05-11 00:00:00-04:00,0.00032607166437226276,True,63.58381271362305
2012-05-11 00:00:00-04:00,MCD,2012-05-14 00:00:00-04:00,-0.01109907608157834,False,63.60454559326172
2012-06-04 00:00:00-04:00,MCD,2012-06-05 00:00:00-04:00,0.008804863931165752,True,60.2103271484375
2012-06-05 00:00:00-04:00,MCD,2012-06-06 00:00:00-04:00,0.018143976385988525,True,60.74047088623047
2012-10-24 00:00:00-04:00,MCD,2012-10-25 00:00:00-04:00,0.0005730215819064188,True,61.35905838012695
2012-10-25 00:00:00-04:00,MCD,2012-10-26 00:00:00-04:00,-0.0070994846194195604,False,61.39421844482422
2013-08-13 00:00:00-04:00,MCD,2013-08-14 00:00:00-04:00,-0.003524984759166294,False,69.50679016113281
2013-08-14 00:00:00-04:00,MCD,2013-08-15 00:00:00-04:00,-0.007491286895755622,False,69.26177978515625
2013-08-15 00:00:00-04:00,MCD,2013-08-16 00:00:00-04:00,-0.003773914927318489,False,68.742919921875
2013-08-16 00:00:00-04:00,MCD,2013-08-19 00:00:00-04:00,0.004735486952929691,True,68.48348999023438
2013-08-19 00:00:00-04:00,MCD,2013-08-20 00:00:00-04:00,0.00020911930944067514,True,68.80779266357422
2013-10-04 00:00:00-04:00,MCD,2013-10-07 00:00:00-04:00,-0.0035902949475816737,False,68.79703521728516
2014-06-13 00:00:00-04:00,MCD,2014-06-16 00:00:00-04:00,0.006070202170498362,True,74.8359603881836
2010-06-25 00:00:00-04:00,INTU,2010-06-28 00:00:00-04:00,-0.008803470428001225,False,32.083473205566406
2010-07-06 00:00:00-04:00,INTU,2010-07-07 00:00:00-04:00,0.03421520870764705,True,30.697729110717773
2010-08-16 00:00:00-04:00,INTU,2010-08-17 00:00:00-04:00,0.023437315344870813,True,33.892845153808594
2010-08-17 00:00:00-04:00,INTU,2010-08-18 00:00:00-04:00,0.0012726214175629025,True,34.68720245361328
2011-03-16 00:00:00-04:00,INTU,2011-03-17 00:00:00-04:00,-0.0016488765241216008,False,42.816184997558594
2011-03-17 00:00:00-04:00,INTU,2011-03-18 00:00:00-04:00,0.030765608921119902,True,42.74558639526367
2011-03-18 00:00:00-04:00,INTU,2011-03-21 00:00:00-04:00,0.01081786764139947,True,44.0606803894043
2011-07-13 00:00:00-04:00,INTU,2011-07-14 00:00:00-04:00,-0.013437682791562433,False,44.00773620605469
2011-07-14 00:00:00-04:00,INTU,2011-07-15 00:00:00-04:00,0.003252516267413741,True,43.41637420654297
2011-07-15 00:00:00-04:00,INTU,2011-07-18 00:00:00-04:00,-0.019250312654356616,False,43.557586669921875
2011-08-02 00:00:00-04:00,INTU,2011-08-03 00:00:00-04:00,0.01123316329716828,True,40.07122802734375
2011-08-03 00:00:00-04:00,INTU,2011-08-04 00:00:00-04:00,-0.033108149453562,False,40.52135467529297
2012-04-25 00:00:00-04:00,INTU,2012-04-26 00:00:00-04:00,0.003484446190964219,True,51.09988784790039
2012-07-26 00:00:00-04:00,INTU,2012-07-27 00:00:00-04:00,0.027395025883997892,True,51.14780807495117
2012-08-15 00:00:00-04:00,INTU,2012-08-16 00:00:00-04:00,0.01469602907437495,True,52.8345947265625
2012-12-28 00:00:00-05:00,INTU,2012-12-31 00:00:00-05:00,0.002528407768362939,True,53.098419189453125
2012-12-31 00:00:00-05:00,INTU,2013-01-02 00:00:00-05:00,0.04152644434899222,True,53.23267364501953
2013-03-14 00:00:00-04:00,INTU,2013-03-15 00:00:00-04:00,-0.011332580341518295,False,59.39104080200195
2013-03-15 00:00:00-04:00,INTU,2013-03-18 00:00:00-04:00,-0.0003061217595400345,False,58.717987060546875
2013-03-18 00:00:00-04:00,INTU,2013-03-19 00:00:00-04:00,-0.001834303622284983,False,58.70001220703125
2013-03-19 00:00:00-04:00,INTU,2013-03-20 00:00:00-04:00,-0.0018381953211112911,False,58.59233856201172
2013-03-20 00:00:00-04:00,INTU,2013-03-21 00:00:00-04:00,0.001994991193235096,True,58.48463439941406
2013-03-21 00:00:00-04:00,INTU,2013-03-22 00:00:00-04:00,0.0036755022887020594,True,58.60131072998047
2014-01-28 00:00:00-05:00,INTU,2014-01-29 00:00:00-05:00,-0.004082790867084851,False,66.65177154541016
2014-03-17 00:00:00-04:00,INTU,2014-03-18 00:00:00-04:00,0.0013653898524259578,True,73.0648193359375
2014-03-28 00:00:00-04:00,INTU,2014-03-31 00:00:00-04:00,-0.0005140474024599717,False,70.54312896728516
2010-06-25 00:00:00-04:00,XLK,2010-06-28 00:00:00-04:00,0.0018627686479588679,True,8.726461410522461
2010-06-28 00:00:00-04:00,XLK,2010-06-29 00:00:00-04:00,-0.037174977471809645,False,8.742716789245605
2011-08-03 00:00:00-04:00,XLK,2011-08-04 00:00:00-04:00,-0.04037658793454513,False,10.51577377319336
2011-11-23 00:00:00-05:00,XLK,2011-11-25 00:00:00-05:00,-0.00538509069606341,False,9.988883972167969
2011-11-25 00:00:00-05:00,XLK,2011-11-28 00:00:00-05:00,0.032903423980341184,True,9.93509292602539
2011-11-28 00:00:00-05:00,XLK,2011-11-29 00:00:00-05:00,-0.005242053373465394,False,10.261991500854492
2012-04-25 00:00:00-04:00,XLK,2012-04-26 00:00:00-04:00,0.0077155866298155296,True,12.428836822509766
2012-05-21 00:00:00-04:00,XLK,2012-05-22 00:00:00-04:00,-0.0031970820795935717,False,11.736723899841309
2012-07-13 00:00:00-04:00,XLK,2012-07-16 00:00:00-04:00,-0.0010612301678230018,False,11.83252239227295
2012-10-12 00:00:00-04:00,XLK,2012-10-15 00:00:00-04:00,0.005013002332600713,True,12.574873924255371
2012-10-15 00:00:00-04:00,XLK,2012-10-16 00:00:00-04:00,0.013634664726202228,True,12.637911796569824
2012-12-31 00:00:00-05:00,XLK,2013-01-02 00:00:00-05:00,0.03327550514166244,True,12.194923400878906
2014-01-29 00:00:00-05:00,XLK,2014-01-30 00:00:00-05:00,0.012237677314623774,True,14.783354759216309
2014-01-30 00:00:00-05:00,XLK,2014-01-31 00:00:00-05:00,0.0023028871072927615,True,14.964268684387207
2010-06-28 00:00:00-04:00,TMO,2010-06-29 00:00:00-04:00,-0.025465933048490985,False,48.345340728759766
2010-08-02 00:00:00-04:00,TMO,2010-08-03 00:00:00-04:00,-0.010219641661922796,False,42.62532424926758
2010-08-17 00:00:00-04:00,TMO,2010-08-18 00:00:00-04:00,-0.007688805491043116,False,43.10831069946289
2010-08-25 00:00:00-04:00,TMO,2010-08-26 00:00:00-04:00,-0.01061324601731417,False,41.04379653930664
2011-03-21 00:00:00-04:00,TMO,2011-03-22 00:00:00-04:00,0.0037209252829271122,True,50.90226745605469
2012-05-18 00:00:00-04:00,TMO,2012-05-21 00:00:00-04:00,0.027304828659705294,True,47.97495651245117
2012-05-21 00:00:00-04:00,TMO,2012-05-22 00:00:00-04:00,-0.011170888706601101,False,49.28490447998047
2012-09-24 00:00:00-04:00,TMO,2012-09-25 00:00:00-04:00,-0.007735148390002111,False,56.722251892089844
2012-09-25 00:00:00-04:00,TMO,2012-09-26 00:00:00-04:00,-0.004914269192316523,False,56.28349685668945
2012-09-26 00:00:00-04:00,TMO,2012-09-27 00:00:00-04:00,0.012261786199772695,True,56.00690460205078
2012-09-27 00:00:00-04:00,TMO,2012-09-28 00:00:00-04:00,-0.010262483262570732,False,56.69364929199219
2013-08-21 00:00:00-04:00,TMO,2013-08-22 00:00:00-04:00,0.003108363069730169,True,86.42691802978516
2013-08-22 00:00:00-04:00,TMO,2013-08-23 00:00:00-04:00,0.0055341901044945185,True,86.69556427001953
2013-09-26 00:00:00-04:00,TMO,2013-09-27 00:00:00-04:00,0.0,True,89.39568328857422
2014-01-27 00:00:00-05:00,TMO,2014-01-28 00:00:00-05:00,0.022299173831072938,True,105.75724792480469
2014-01-28 00:00:00-05:00,TMO,2014-01-29 00:00:00-05:00,-0.005074828940193843,False,108.11554718017578
2014-03-28 00:00:00-04:00,TMO,2014-03-31 00:00:00-04:00,0.014683558815406395,True,114.19963073730469
2014-09-16 00:00:00-04:00,TMO,2014-09-17 00:00:00-04:00,0.008074795639080978,True,118.45182800292969
2014-10-16 00:00:00-04:00,TMO,2014-10-17 00:00:00-04:00,0.024341270964632677,True,105.97001647949219
2014-10-17 00:00:00-04:00,TMO,2014-10-20 00:00:00-04:00,0.017532794083693126,True,108.5494613647461
2014-12-15 00:00:00-05:00,TMO,2014-12-16 00:00:00-05:00,-0.017619126123882833,False,119.67485046386719
2014-12-16 00:00:00-05:00,TMO,2014-12-17 00:00:00-05:00,0.0264913254345589,True,117.5662841796875
2014-12-17 00:00:00-05:00,TMO,2014-12-18 00:00:00-05:00,0.02204038849731349,True,120.68077087402344
2012-10-24 00:00:00-04:00,PANW,2012-10-25 00:00:00-04:00,-0.028451832677987454,False,9.958333015441895
2013-03-22 00:00:00-04:00,PANW,2013-03-25 00:00:00-04:00,0.00036681125362236777,True,9.08666706085205
2013-03-25 00:00:00-04:00,PANW,2013-03-26 00:00:00-04:00,-0.010267683471617883,False,9.09000015258789
2013-04-08 00:00:00-04:00,PANW,2013-04-09 00:00:00-04:00,0.02220076516347702,True,8.633333206176758
2013-04-09 00:00:00-04:00,PANW,2013-04-10 00:00:00-04:00,0.033238873646309175,True,8.824999809265137
2014-03-26 00:00:00-04:00,PANW,2014-03-27 00:00:00-04:00,0.026953081282335534,True,11.563332557678223
2014-03-27 00:00:00-04:00,PANW,2014-03-28 00:00:00-04:00,-0.020912250719572367,False,11.875
2010-06-24 00:00:00-04:00,LRCX,2010-06-25 00:00:00-04:00,0.007005287123018178,True,3.397487163543701
2010-06-25 00:00:00-04:00,LRCX,2010-06-28 00:00:00-04:00,0.013416381415366718,True,3.4212875366210938
2010-07-07 00:00:00-04:00,LRCX,2010-07-08 00:00:00-04:00,-0.023437540866403817,False,3.372837543487549
2010-11-16 00:00:00-05:00,LRCX,2010-11-17 00:00:00-05:00,0.011075841423607624,True,3.760441780090332
2010-11-17 00:00:00-05:00,LRCX,2010-11-18 00:00:00-05:00,0.029062911574867067,True,3.8020918369293213
2011-05-04 00:00:00-04:00,LRCX,2011-05-05 00:00:00-04:00,0.004011168886659311,True,4.026494979858398
2011-08-23 00:00:00-04:00,LRCX,2011-08-24 00:00:00-04:00,0.0032087533080307207,True,3.179034948348999
2011-09-07 00:00:00-04:00,LRCX,2011-09-08 00:00:00-04:00,-0.01154971147946482,False,3.1645851135253906
2011-11-23 00:00:00-05:00,LRCX,2011-11-25 00:00:00-05:00,-0.005680345624791028,False,3.142484664916992
2011-11-25 00:00:00-05:00,LRCX,2011-11-28 00:00:00-05:00,0.027475444590149056,True,3.124634265899658
2011-11-28 00:00:00-05:00,LRCX,2011-11-29 00:00:00-05:00,0.00132402576908075,True,3.2104849815368652
2011-12-19 00:00:00-05:00,LRCX,2011-12-20 00:00:00-05:00,0.03413658479987447,True,2.963132619857788
2011-12-20 00:00:00-05:00,LRCX,2011-12-21 00:00:00-05:00,0.018307823715440374,True,3.064283847808838
2012-05-09 00:00:00-04:00,LRCX,2012-05-10 00:00:00-04:00,-0.0029577553498479903,False,3.448488473892212
2012-05-21 00:00:00-04:00,LRCX,2012-05-22 00:00:00-04:00,0.0018349079829342863,True,3.2427852153778076
2012-07-12 00:00:00-04:00,LRCX,2012-07-13 00:00:00-04:00,0.014222264921244454,True,2.868781566619873
2012-07-13 00:00:00-04:00,LRCX,2012-07-16 00:00:00-04:00,-0.0014609537195033884,False,2.9095821380615234
2013-05-28 00:00:00-04:00,LRCX,2013-05-29 00:00:00-04:00,-0.01620357581501297,False,4.039243698120117
2013-08-09 00:00:00-04:00,LRCX,2013-08-12 00:00:00-04:00,0.005869812035707911,True,4.0545454025268555
2013-08-12 00:00:00-04:00,LRCX,2013-08-13 00:00:00-04:00,0.01062936598530384,True,4.078344821929932
2014-07-29 00:00:00-04:00,LRCX,2014-07-30 00:00:00-04:00,-0.013226910272502668,False,5.864304065704346
2014-07-30 00:00:00-04:00,LRCX,2014-07-31 00:00:00-04:00,0.031080036138101397,True,5.786737442016602
2014-07-31 00:00:00-04:00,LRCX,2014-08-01 00:00:00-04:00,-0.00014305299873851318,False,5.966589450836182
2010-10-18 00:00:00-04:00,AGG,2010-10-19 00:00:00-04:00,0.000830110558499797,True,71.38507843017578
2010-11-12 00:00:00-05:00,AGG,2010-11-15 00:00:00-05:00,-0.0054879841984922795,False,70.97943115234375
2010-11-15 00:00:00-05:00,AGG,2010-11-16 00:00:00-05:00,0.0024322445767614997,True,70.58989715576172
2010-11-16 00:00:00-05:00,AGG,2010-11-17 00:00:00-05:00,0.0002802197725184641,True,70.76158905029297
2011-02-07 00:00:00-05:00,AGG,2011-02-08 00:00:00-05:00,-0.0028769947547012675,False,69.65116882324219
2011-03-30 00:00:00-04:00,AGG,2011-03-31 00:00:00-04:00,-0.0011404737853953906,False,70.4756851196289
2011-07-01 00:00:00-04:00,AGG,2011-07-05 00:00:00-04:00,0.003852903420547227,True,72.08602142333984
2011-09-30 00:00:00-04:00,AGG,2011-10-03 00:00:00-04:00,0.00408592824752585,True,74.96581268310547
2011-10-11 00:00:00-04:00,AGG,2011-10-12 00:00:00-04:00,-0.0019213145345008398,False,74.54219055175781
2011-11-22 00:00:00-05:00,AGG,2011-11-23 00:00:00-05:00,0.0009121600731598623,True,75.017578125
2013-01-31 00:00:00-05:00,AGG,2013-02-01 00:00:00-05:00,-0.0021693040789376727,False,78.1859359741211
2013-03-11 00:00:00-04:00,AGG,2013-03-12 00:00:00-04:00,0.0018202085534371193,True,78.12107849121094
2013-06-24 00:00:00-04:00,AGG,2013-06-25 00:00:00-04:00,0.0011301254741673539,True,75.94117736816406
2013-06-25 00:00:00-04:00,AGG,2013-06-26 00:00:00-04:00,0.004233412286248406,True,76.0270004272461
2013-08-19 00:00:00-04:00,AGG,2013-08-20 00:00:00-04:00,0.0029386700083002815,True,75.7391357421875
2013-08-20 00:00:00-04:00,AGG,2013-08-21 00:00:00-04:00,-0.003685750336992477,False,75.96170806884766
2014-09-11 00:00:00-04:00,AGG,2014-09-12 00:00:00-04:00,-0.0020210933328606018,False,80.04643249511719
2014-09-12 00:00:00-04:00,AGG,2014-09-15 00:00:00-04:00,-0.00018413390354998782,False,79.88465118408203
2014-09-15 00:00:00-04:00,AGG,2014-09-16 00:00:00-04:00,0.0,True,79.86994171142578
2014-09-16 00:00:00-04:00,AGG,2014-09-17 00:00:00-04:00,-0.0011050068905318344,False,79.86994171142578
2013-01-09 00:00:00-05:00,WDAY,2013-01-10 00:00:00-05:00,0.008530820150510987,True,52.75
2013-02-11 00:00:00-05:00,WDAY,2013-02-12 00:00:00-05:00,0.013168202729562761,True,50.880001068115234
2013-10-09 00:00:00-04:00,WDAY,2013-10-10 00:00:00-04:00,0.05683288077942428,True,77.41999816894531
2013-10-10 00:00:00-04:00,WDAY,2013-10-11 00:00:00-04:00,-0.0014666676488587216,False,81.81999969482422
2013-11-01 00:00:00-04:00,WDAY,2013-11-04 00:00:00-05:00,0.02441942939012942,True,75.3499984741211
2014-03-12 00:00:00-04:00,WDAY,2014-03-13 00:00:00-04:00,-0.013836092828093949,False,102.62999725341797
2014-03-26 00:00:00-04:00,WDAY,2014-03-27 00:00:00-04:00,-0.0182524557603867,False,92.58999633789062
2014-03-27 00:00:00-04:00,WDAY,2014-03-28 00:00:00-04:00,-0.0015401472750095069,False,90.9000015258789
2014-03-28 00:00:00-04:00,WDAY,2014-03-31 00:00:00-04:00,0.007382086306472857,True,90.76000213623047
2014-03-31 00:00:00-04:00,WDAY,2014-04-01 00:00:00-04:00,0.04210870022170554,True,91.43000030517578
2014-12-05 00:00:00-05:00,WDAY,2014-12-08 00:00:00-05:00,-0.01679464390149077,False,83.36000061035156
2010-01-27 00:00:00-05:00,ACN,2010-01-28 00:00:00-05:00,-0.015263887142653032,False,31.387388229370117
2011-03-11 00:00:00-05:00,ACN,2011-03-14 00:00:00-04:00,-0.002520082253964162,False,39.3370246887207
2011-08-03 00:00:00-04:00,ACN,2011-08-04 00:00:00-04:00,-0.04395953493041793,False,45.822669982910156
2011-11-23 00:00:00-05:00,ACN,2011-11-25 00:00:00-05:00,0.0013049440503181131,True,41.7266845703125
2011-11-25 00:00:00-05:00,ACN,2011-11-28 00:00:00-05:00,0.02960920776058895,True,41.78113555908203
2012-01-09 00:00:00-05:00,ACN,2012-01-10 00:00:00-05:00,0.017201122419623127,True,40.25617980957031
2012-01-10 00:00:00-05:00,ACN,2012-01-11 00:00:00-05:00,0.0197606060047113,True,40.948631286621094
2012-05-10 00:00:00-04:00,ACN,2012-05-11 00:00:00-04:00,-0.001532908785936371,False,46.16481399536133
2012-05-11 00:00:00-04:00,ACN,2012-05-14 00:00:00-04:00,0.0034121535563444993,True,46.09404754638672
2012-05-14 00:00:00-04:00,ACN,2012-05-15 00:00:00-04:00,0.002040495168958545,True,46.25132751464844
2012-12-26 00:00:00-05:00,ACN,2012-12-27 00:00:00-05:00,-0.0010561496668666237,False,52.74082946777344
2012-12-27 00:00:00-05:00,ACN,2012-12-28 00:00:00-05:00,-0.008456465058152562,False,52.68512725830078
2012-12-28 00:00:00-05:00,ACN,2012-12-31 00:00:00-05:00,0.012793062688796653,True,52.23959732055664
2012-12-31 00:00:00-05:00,ACN,2013-01-02 00:00:00-05:00,0.038496155121504394,True,52.907901763916016
2013-06-05 00:00:00-04:00,ACN,2013-06-06 00:00:00-04:00,-0.0003767330390404,False,63.9946174621582
2013-06-06 00:00:00-04:00,ACN,2013-06-07 00:00:00-04:00,0.016970288592643046,True,63.97050857543945
2013-06-07 00:00:00-04:00,ACN,2013-06-10 00:00:00-04:00,0.008034446678645724,True,65.05610656738281
2013-07-26 00:00:00-04:00,ACN,2013-07-29 00:00:00-04:00,-0.0102568377729092,False,58.799781799316406
2013-07-29 00:00:00-04:00,ACN,2013-07-30 00:00:00-04:00,0.018930039641683827,True,58.19668197631836
2013-07-30 00:00:00-04:00,ACN,2013-07-31 00:00:00-04:00,0.0009493907443474114,True,59.29834747314453
2013-08-09 00:00:00-04:00,ACN,2013-08-12 00:00:00-04:00,-0.010064036891855976,False,59.129486083984375
2014-03-04 00:00:00-05:00,ACN,2014-03-05 00:00:00-05:00,0.0015477744637728552,True,68.42809295654297
2014-05-08 00:00:00-04:00,ACN,2014-05-09 00:00:00-04:00,-0.0011419921060529248,False,65.00395965576172
2010-02-16 00:00:00-05:00,AMGN,2010-02-17 00:00:00-05:00,0.0036847214282000884,True,38.81450271606445
2010-07-06 00:00:00-04:00,AMGN,2010-07-07 00:00:00-04:00,0.0019495375907772061,True,34.93917465209961
2010-07-07 00:00:00-04:00,AMGN,2010-07-08 00:00:00-04:00,0.01614773795784674,True,35.00728988647461
2010-11-09 00:00:00-05:00,AMGN,2010-11-10 00:00:00-05:00,-0.004187029274026699,False,37.411468505859375
2010-11-10 00:00:00-05:00,AMGN,2010-11-11 00:00:00-05:00,-0.0014619917471907495,False,37.254825592041016
2010-11-11 00:00:00-05:00,AMGN,2010-11-12 00:00:00-05:00,-0.002746145321539495,False,37.20035934448242
2010-11-12 00:00:00-05:00,AMGN,2010-11-15 00:00:00-05:00,0.000734184871246768,True,37.098201751708984
2010-11-15 00:00:00-05:00,AMGN,2010-11-16 00:00:00-05:00,-0.008806220909102769,False,37.12543869018555
2010-12-29 00:00:00-05:00,AMGN,2010-12-30 00:00:00-05:00,-0.0060852008316775175,False,38.05168151855469
2010-12-30 00:00:00-05:00,AMGN,2010-12-31 00:00:00-05:00,-0.011345205722631535,False,37.82012939453125
2010-12-31 00:00:00-05:00,AMGN,2011-01-03 00:00:00-05:00,0.011839511765137978,True,37.39105224609375
2011-01-03 00:00:00-05:00,AMGN,2011-01-04 00:00:00-05:00,0.02160207681291859,True,37.833744049072266
2011-02-23 00:00:00-05:00,AMGN,2011-02-24 00:00:00-05:00,-0.002349301329344189,False,34.78252410888672
2011-02-24 00:00:00-05:00,AMGN,2011-02-25 00:00:00-05:00,0.025711229316330853,True,34.700809478759766
2011-02-25 00:00:00-05:00,AMGN,2011-02-28 00:00:00-05:00,-0.017795413619043132,False,35.59300994873047
2011-05-26 00:00:00-04:00,AMGN,2011-05-27 00:00:00-04:00,-0.006860370737632571,False,40.70106506347656
2011-05-27 00:00:00-04:00,AMGN,2011-05-31 00:00:00-04:00,0.020050407956782923,True,40.42184066772461
2011-05-31 00:00:00-04:00,AMGN,2011-06-01 00:00:00-04:00,-0.013875078130753393,False,41.23231506347656
2011-07-29 00:00:00-04:00,AMGN,2011-08-01 00:00:00-04:00,-0.017001413763836237,False,37.254825592041016
2011-11-18 00:00:00-05:00,AMGN,2011-11-21 00:00:00-05:00,-0.010797490002545707,False,38.240631103515625
2011-11-21 00:00:00-05:00,AMGN,2011-11-22 00:00:00-05:00,0.012552247246758741,True,37.827728271484375
2011-11-22 00:00:00-05:00,AMGN,2011-11-23 00:00:00-05:00,-0.012935344491027845,False,38.30255126953125
2012-10-15 00:00:00-04:00,AMGN,2012-10-16 00:00:00-04:00,0.02110896564725384,True,60.219871520996094
2013-01-17 00:00:00-05:00,AMGN,2013-01-18 00:00:00-05:00,-0.022158451631630438,False,58.8752555847168
2013-01-18 00:00:00-05:00,AMGN,2013-01-22 00:00:00-05:00,0.014741774443694844,True,57.57067108154297
2013-01-22 00:00:00-05:00,AMGN,2013-01-23 00:00:00-05:00,-0.0026413245775872563,False,58.41936492919922
2013-07-05 00:00:00-04:00,AMGN,2013-07-08 00:00:00-04:00,0.005530198333483449,True,69.1614990234375
2013-08-15 00:00:00-04:00,AMGN,2013-08-16 00:00:00-04:00,-0.008037119482262711,False,75.24102020263672
2013-08-16 00:00:00-04:00,AMGN,2013-08-19 00:00:00-04:00,-0.00419453508320633,False,74.63629913330078
2013-08-19 00:00:00-04:00,AMGN,2013-08-20 00:00:00-04:00,0.010816803441290324,True,74.32323455810547
2013-08-20 00:00:00-04:00,AMGN,2013-08-21 00:00:00-04:00,-0.00899607791922652,False,75.1271743774414
2013-09-26 00:00:00-04:00,AMGN,2013-09-27 00:00:00-04:00,0.0030126987967356023,True,80.2850570678711
2013-12-18 00:00:00-05:00,AMGN,2013-12-19 00:00:00-05:00,-0.001153018462316191,False,80.53414916992188
2014-04-09 00:00:00-04:00,AMGN,2014-04-10 00:00:00-04:00,-0.049083358841458535,False,86.16475677490234
2014-10-16 00:00:00-04:00,AMGN,2014-10-17 00:00:00-04:00,0.02483691903856089,True,94.6358871459961
2014-10-17 00:00:00-04:00,AMGN,2014-10-20 00:00:00-04:00,0.028573428900358966,True,96.9863510131836
2014-12-24 00:00:00-05:00,ANET,2014-12-26 00:00:00-05:00,0.0038461538461538325,True,4.0625
2010-02-25 00:00:00-05:00,LIN,2010-02-26 00:00:00-05:00,0.0017333774387180423,True,55.376991271972656
2010-02-26 00:00:00-05:00,LIN,2010-03-01 00:00:00-05:00,0.012243646965470534,True,55.47298049926758
2010-11-18 00:00:00-05:00,LIN,2010-11-19 00:00:00-05:00,0.006748156750407741,True,68.9749984741211
2011-05-06 00:00:00-04:00,LIN,2011-05-09 00:00:00-04:00,0.007914537639433838,True,78.55506134033203
2011-06-08 00:00:00-04:00,LIN,2011-06-09 00:00:00-04:00,0.01650006823878547,True,76.1946792602539
2011-06-09 00:00:00-04:00,LIN,2011-06-10 00:00:00-04:00,-0.01603561938675746,False,77.45189666748047
2011-07-15 00:00:00-04:00,LIN,2011-07-18 00:00:00-04:00,-0.010931631857283741,False,81.5511474609375
2011-08-23 00:00:00-04:00,LIN,2011-08-24 00:00:00-04:00,0.007409994529219421,True,69.92381286621094
2012-04-25 00:00:00-04:00,LIN,2012-04-26 00:00:00-04:00,0.013712075456682626,True,88.00740814208984
2012-05-15 00:00:00-04:00,LIN,2012-05-16 00:00:00-04:00,-0.005818139045418502,False,85.09889221191406
2012-05-16 00:00:00-04:00,LIN,2012-05-17 00:00:00-04:00,-0.032001717709487454,False,84.60377502441406
2012-05-17 00:00:00-04:00,LIN,2012-05-18 00:00:00-04:00,-0.007178382072518308,False,81.89630889892578
2012-05-18 00:00:00-04:00,LIN,2012-05-21 00:00:00-04:00,0.031110629019209357,True,81.30842590332031
2012-05-21 00:00:00-04:00,LIN,2012-05-22 00:00:00-04:00,-0.006458659953414436,False,83.83798217773438
2013-09-26 00:00:00-04:00,LIN,2013-09-27 00:00:00-04:00,-0.002745409982894076,False,95.9409408569336
2013-12-06 00:00:00-05:00,LIN,2013-12-09 00:00:00-05:00,-0.00039840015235492743,False,100.6336669921875
2014-07-14 00:00:00-04:00,LIN,2014-07-15 00:00:00-04:00,0.0018879379175564814,True,107.25955963134766
2010-05-20 00:00:00-04:00,NKE,2010-05-21 00:00:00-04:00,0.015360705969978072,True,14.33047103881836
2010-05-21 00:00:00-04:00,NKE,2010-05-24 00:00:00-04:00,-0.0007008399264698539,False,14.550597190856934
2011-03-16 00:00:00-04:00,NKE,2011-03-17 00:00:00-04:00,0.006956023620685814,True,17.540637969970703
2011-03-17 00:00:00-04:00,NKE,2011-03-18 00:00:00-04:00,-0.09155832263175467,False,17.66265106201172
2011-06-07 00:00:00-04:00,NKE,2011-06-08 00:00:00-04:00,-0.02197828457840223,False,17.000940322875977
2011-12-19 00:00:00-05:00,NKE,2011-12-20 00:00:00-05:00,0.002677777872200915,True,19.52665901184082
2011-12-20 00:00:00-05:00,NKE,2011-12-21 00:00:00-05:00,0.02905034550877561,True,19.578947067260742
2012-05-11 00:00:00-04:00,NKE,2012-05-14 00:00:00-04:00,-0.007297286607836129,False,22.713991165161133
2012-09-25 00:00:00-04:00,NKE,2012-09-26 00:00:00-04:00,0.004311879549558473,True,20.088321685791016
2012-09-26 00:00:00-04:00,NKE,2012-09-27 00:00:00-04:00,0.0053408756472124175,True,20.17494010925293
2014-06-17 00:00:00-04:00,NKE,2014-06-18 00:00:00-04:00,0.014915266887389311,True,32.50657272338867
2010-01-27 00:00:00-05:00,TMUS,2010-01-28 00:00:00-05:00,-0.02811937506497486,False,9.109284400939941
2010-01-28 00:00:00-05:00,TMUS,2010-01-29 00:00:00-05:00,0.01808301394768841,True,8.853137016296387
2010-01-29 00:00:00-05:00,TMUS,2010-02-01 00:00:00-05:00,0.05328600881065659,True,9.013228416442871
2011-06-10 00:00:00-04:00,TMUS,2011-06-13 00:00:00-04:00,-0.004289118081166277,False,26.127155303955078
2011-06-13 00:00:00-04:00,TMUS,2011-06-14 00:00:00-04:00,0.015384619896430918,True,26.015092849731445
2011-06-14 00:00:00-04:00,TMUS,2011-06-15 00:00:00-04:00,-0.033939412406660985,False,26.415325164794922
2011-08-01 00:00:00-04:00,TMUS,2011-08-02 00:00:00-04:00,-0.3658837731283181,False,25.903026580810547
2011-08-02 00:00:00-04:00,TMUS,2011-08-03 00:00:00-04:00,0.0009747195329892211,True,16.42552947998047
2011-08-03 00:00:00-04:00,TMUS,2011-08-04 00:00:00-04:00,-0.09347609807865387,False,16.441539764404297
2011-11-23 00:00:00-05:00,TMUS,2011-11-25 00:00:00-05:00,-0.007926044360729856,False,12.11903190612793
2011-11-25 00:00:00-05:00,TMUS,2011-11-28 00:00:00-05:00,0.05459385909610237,True,12.02297592163086
2011-11-28 00:00:00-05:00,TMUS,2011-11-29 00:00:00-05:00,-0.021464702970658167,False,12.679356575012207
2012-03-26 00:00:00-04:00,TMUS,2012-03-27 00:00:00-04:00,-0.04601221052328952,False,15.657083511352539
2012-10-12 00:00:00-04:00,TMUS,2012-10-15 00:00:00-04:00,-0.04629626658183783,False,19.01903533935547
2012-11-01 00:00:00-04:00,TMUS,2012-11-02 00:00:00-04:00,-0.02113358229538742,False,16.665668487548828
2013-10-10 00:00:00-04:00,TMUS,2013-10-11 00:00:00-04:00,0.009241490059801238,True,25.089767456054688
2014-07-09 00:00:00-04:00,TMUS,2014-07-10 00:00:00-04:00,-0.004541227587491425,False,31.910472869873047
2014-10-16 00:00:00-04:00,TMUS,2014-10-17 00:00:00-04:00,0.01714057095551258,True,24.799936294555664
2014-10-17 00:00:00-04:00,TMUS,2014-10-20 00:00:00-04:00,0.03255465182467132,True,25.225021362304688
2010-08-13 00:00:00-04:00,GE,2010-08-16 00:00:00-04:00,0.005201255491043666,True,54.033878326416016
2010-08-16 00:00:00-04:00,GE,2010-08-17 00:00:00-04:00,0.007762426649584153,True,54.31492233276367
2010-10-21 00:00:00-04:00,GE,2010-10-22 00:00:00-04:00,-0.002484625401247831,False,56.98189926147461
2010-11-03 00:00:00-04:00,GE,2010-11-04 00:00:00-04:00,0.02802008194573169,True,56.8403205871582
2010-11-15 00:00:00-05:00,GE,2010-11-16 00:00:00-05:00,-0.020987877245937647,False,57.335845947265625
2010-11-16 00:00:00-05:00,GE,2010-11-17 00:00:00-05:00,-0.003153017082466958,False,56.13248825073242
2010-11-17 00:00:00-05:00,GE,2010-11-18 00:00:00-05:00,0.014548213475785499,True,55.955501556396484
2010-11-18 00:00:00-05:00,GE,2010-11-19 00:00:00-05:00,0.011221896708986323,True,56.769554138183594
2011-04-14 00:00:00-04:00,GE,2011-04-15 00:00:00-04:00,0.002000047154892659,True,71.83668518066406
2012-04-10 00:00:00-04:00,GE,2012-04-11 00:00:00-04:00,0.014407743772839599,True,69.7920913696289
2012-04-11 00:00:00-04:00,GE,2012-04-12 00:00:00-04:00,0.015254772086864099,True,70.79763793945312
2012-05-09 00:00:00-04:00,GE,2012-05-10 00:00:00-04:00,0.009518375322034034,True,70.42523956298828
2012-05-10 00:00:00-04:00,GE,2012-05-11 00:00:00-04:00,-0.004190633417605283,False,71.09557342529297
2012-08-24 00:00:00-04:00,GE,2012-08-27 00:00:00-04:00,0.0024036357010699394,True,78.3432846069336
2012-10-25 00:00:00-04:00,GE,2012-10-26 00:00:00-04:00,-0.007055407314393358,False,80.68740844726562
2012-12-31 00:00:00-05:00,GE,2013-01-02 00:00:00-05:00,0.016674741513936553,True,80.3896713256836
2013-08-20 00:00:00-04:00,GE,2013-08-21 00:00:00-04:00,-0.004637377952211863,False,92.32015991210938
2013-08-21 00:00:00-04:00,GE,2013-08-22 00:00:00-04:00,0.00719989990429637,True,91.89203643798828
2013-08-22 00:00:00-04:00,GE,2013-08-23 00:00:00-04:00,0.0,True,92.55364990234375
2013-10-10 00:00:00-04:00,GE,2013-10-11 00:00:00-04:00,0.006185586526938902,True,95.10985565185547
2014-01-24 00:00:00-05:00,GE,2014-01-27 00:00:00-05:00,0.004809949678515668,True,98.64704132080078
2014-01-27 00:00:00-05:00,GE,2014-01-28 00:00:00-05:00,0.015556197144147355,True,99.12152862548828
2014-03-14 00:00:00-04:00,GE,2014-03-17 00:00:00-04:00,0.012744014463592412,True,100.14706420898438
2014-03-17 00:00:00-04:00,GE,2014-03-18 00:00:00-04:00,0.008651276990106593,True,101.42333984375
2014-12-11 00:00:00-05:00,GE,2014-12-12 00:00:00-05:00,-0.020464629535377865,False,103.04249572753906
